{"type":"FeatureCollection","features":[{"type":"Feature","geometry":{"type":"Polygon","coordinates":[[[29.990875734327858,1.664418265091001],[30.00075879078571,1.6531838288707945],[30.015356394682044,1.6556635223538478],[30.036878943808347,1.6605897468195394],[30.05912977022291,1.6606859499967754],[30.06905170617148,1.6542849515894318],[30.08088775736428,1.6397690421077868],[30.090830931702328,1.650227073820588],[30.09639687991222,1.6638540115535534],[30.11049111077631,1.6798334723370658],[30.111566261973564,1.681052431424746],[30.122817933700844,1.6938090142747342],[30.123719818814777,1.695626420023416],[30.1240506092484,1.696293001121262],[30.12729184324411,1.7028244551846115],[30.133438705831793,1.698877843337982],[30.138441327705266,1.6956658885700904],[30.14453359964608,1.6900537242001974],[30.159840404411284,1.6852871680684984],[30.169053528897393,1.686132296068763],[30.17370414443087,1.6820116950838155],[30.172819036169756,1.678003613675969],[30.175031804574303,1.6739955232749253],[30.182997776226557,1.6682060449731466],[30.18786586941451,1.6628618956601144],[30.18786586941451,1.6575177328572295],[30.18653820657312,1.6535096001880447],[30.18211266796544,1.6446026103223517],[30.176802021096535,1.6388130447863318],[30.17060626596657,1.6330234630625569],[30.16529561909772,1.6290152809306164],[30.160870079590666,1.6250070907048553],[30.15688709466383,1.6223349593910257],[30.15290410973705,1.6169906859715297],[30.148921124810215,1.6125371136969875],[30.145380693564334,1.609419608428368],[30.1409551549566,1.6076381728635738],[30.133842201056893,1.6082696624151254],[30.12816964990958,1.6033766553085798],[30.115057985038163,1.591501306440307],[30.10587981899863,1.5796258883242444],[30.104568653320882,1.5730284033382986],[30.10587981899863,1.5664308976679422],[30.11374681756172,1.5598333713131751],[30.122487896899088,1.5424716489475827],[30.138859186002776,1.5267950006888782],[30.16619347794682,1.5083719506051807],[30.18848330795845,1.5057328702758923],[30.208150805715263,1.5017742425873735],[30.233062968881086,1.4991351541642075],[30.250108132584444,1.4991351541642075],[30.265842130609997,1.4991351541642075],[30.277653585344865,1.511538053438585],[30.28169294337482,1.4886960387913177],[30.289116967374298,1.4788941119738297],[30.295802878200448,1.4541109799379228],[30.28899744657508,1.4337091146840635],[30.29192928231072,1.4168041480931493],[30.295919505880647,1.4131278859433678],[30.29508623724024,1.400000548586604],[30.272957250077184,1.398572873039825],[30.25439745537841,1.4107081241807577],[30.229413115323155,1.42355721309508],[30.215136349063414,1.427126403760667],[30.201573422375702,1.4378339793548207],[30.165881506726294,1.4542522589347868],[30.153975455003433,1.4613958923067685],[30.148035549800966,1.464959833629564],[30.13161726932168,1.482091952781559],[30.108060605712524,1.4985102332608449],[30.08879289617539,1.5163328653695771],[30.085963449154008,1.5189501038643698],[30.08523932493506,1.5196199180249437],[30.079507074092362,1.5249222497621986],[30.063088793613076,1.5399128537953288],[30.02454152597079,1.5563311351739344],[30.0016987010344,1.5627556787317758],[29.983852744109015,1.579887797883714],[29.969575977849274,1.5963060792623196],[29.946733152912827,1.622004257090964],[29.93602557821805,1.646988597146219],[29.93602557821805,1.6528480202201195],[29.93602557821805,1.6529325340093806],[29.936046284208828,1.6529336158938008],[29.942790698631995,1.653286071894854],[29.948053397246667,1.6569550972001252],[29.965738435780338,1.679242703188379],[29.985403355180836,1.704026097826329],[29.99205434713059,1.714822105555868],[29.99265302581665,1.7174641446547412],[29.99265303301121,1.7174641770303083],[29.992902409618694,1.7185647061963891],[29.993669304694833,1.7219490915774713],[29.996600806782,1.7225322830386176],[29.99766103822651,1.7227432037360018],[29.999384298446785,1.7230860279979652],[29.9999980974344,1.7238041105713933],[29.99734129956147,1.7288409543467083],[29.997823339775493,1.7412610513566165],[29.999998876247332,1.7450898286328425],[30.020665665588183,1.742679702206658],[30.029813964243203,1.73547010626055],[30.03820806355145,1.7298679684321314],[30.038142904071947,1.7218128712671614],[30.033558230428184,1.7177495930694135],[30.018558924554895,1.7044560726897657],[30.018558894877287,1.7044560466094367],[29.997957638234595,1.686197489722531],[29.990875734327858,1.664418265091001]]]},"properties":{"nom":"Rwampara","province":"Ituri","zscode":"CD5402ZS06"}},{"type":"Feature","geometry":{"type":"Polygon","coordinates":[[[30.270056184645398,1.6711402504223543],[30.270969394022472,1.6704632605711822],[30.279402580564806,1.6696944958044924],[30.290924887074027,1.6713552153710793],[30.30320668004441,1.6722136938070662],[30.313136137023264,1.666618181284207],[30.31846723897206,1.6618083416817626],[30.31953855186282,1.6568501652031387],[30.32142328895378,1.6481273223182598],[30.32978498568872,1.6384972928159982],[30.332278764353646,1.6304476176636058],[30.33278441806658,1.6288154129011332],[30.3372614446601,1.614363910166503],[30.31716882118434,1.596555412702287],[30.298669550859245,1.5860032363604546],[30.296302556817693,1.5779376387112052],[30.297771711795235,1.5698885858897142],[30.298460390135062,1.56022503235954],[30.296086915578883,1.5513536277678668],[30.27905926077642,1.5327503040834358],[30.275898865040745,1.5214606728719104],[30.277653794886874,1.5115382737724872],[30.277653541278085,1.5115383025507754],[30.277653585344865,1.511538053438585],[30.265842130609997,1.4991351541642075],[30.250108132584444,1.4991351541642075],[30.233062968881086,1.4991351541642075],[30.208150805715263,1.5017742425873735],[30.18848330795845,1.5057328702758923],[30.16619347794682,1.5083719506051807],[30.138859186002776,1.5267950006888782],[30.122487896899088,1.5424716489475827],[30.11374681756172,1.5598333713131751],[30.10587981899863,1.5664308976679422],[30.104568653320882,1.5730284033382986],[30.10587981899863,1.5796258883242444],[30.115057985038163,1.591501306440307],[30.12816964990958,1.6033766553085798],[30.133842201056893,1.6082696624151254],[30.1409551549566,1.6076381728635738],[30.145380693564334,1.609419608428368],[30.148921124810215,1.6125371136969875],[30.15290410973705,1.6169906859715297],[30.15688709466383,1.6223349593910257],[30.160870079590666,1.6250070907048553],[30.16529561909772,1.6290152809306164],[30.17060626596657,1.6330234630625569],[30.176802021096535,1.6388130447863318],[30.18211266796544,1.6446026103223517],[30.18653820657312,1.6535096001880447],[30.18786586941451,1.6575177328572295],[30.18786586941451,1.6628618956601144],[30.182997776226557,1.6682060449731466],[30.175031804574303,1.6739955232749253],[30.172819036169756,1.678003613675969],[30.17370414443087,1.6820116950838155],[30.169053528897393,1.686132296068763],[30.178293276913337,1.6901998289591234],[30.187558178067604,1.69748790604217],[30.20247942908253,1.7068878736765782],[30.202771804974986,1.701145082779533],[30.20507884121571,1.6993316826112164],[30.20963591556523,1.7007620768085872],[30.2137164679408,1.704025402650359],[30.223644675761363,1.7008674368828451],[30.23668168071515,1.7001183600744412],[30.246649695227404,1.6993559490180132],[30.257529445127943,1.6932711639332183],[30.257680809122235,1.6931865089503617],[30.257969488801052,1.693025052764142],[30.260987637869334,1.6799539302298854],[30.261150562648538,1.6792483248504482],[30.26115074341226,1.679247545138253],[30.261570142248445,1.6774311879991046],[30.270056184645398,1.6711402504223543]]]},"properties":{"nom":"Bunia","province":"Ituri","zscode":"CD5402ZS02"}},{"type":"Feature","geometry":{"type":"Polygon","coordinates":[[[30.7336154124215,1.891501906587905],[30.74075379465205,1.8822220092384896],[30.74789217778192,1.876511302554718],[30.751461370246204,1.8693729203241674],[30.757885913804046,1.8722282732164217],[30.765738134707306,1.8786528176735828],[30.770735002718368,1.8822220092384896],[30.779301063193657,1.8800804950190013],[30.785725606751498,1.864376052313105],[30.79286398988137,1.8543823162910371],[30.800002373011296,1.8500992860533643],[30.810709946806753,1.8443885802689124],[30.820703682828878,1.8443885802689124],[30.82712822818536,1.8436747415962031],[30.83283893396981,1.83939171225785],[30.845430511908773,1.8367408544070827],[30.848185176704703,1.834185102560582],[30.854454291332672,1.829854508978542],[30.86015995911498,1.827477146653166],[30.866816570928165,1.8227224238009967],[30.87252223871053,1.8184431734138684],[30.87822790739216,1.8098846708410292],[30.88583546503486,1.800850695803149],[30.895820384103615,1.7937186106255467],[30.90580530317237,1.7894393602384184],[30.912461915884876,1.7837336915567903],[30.917216638737045,1.7756506623483688],[30.921971361589215,1.7694695221009056],[30.9276770302709,1.7651902708145144],[30.93480911634782,1.7599600745979274],[30.943843089587062,1.756156296675897],[30.94859781333855,1.754254406815562],[30.955254426051113,1.7485487390332537],[30.96096009383342,1.7409411822898733],[30.96523934511987,1.7357109860732862],[30.971420486266595,1.7309562632211168],[30.97807709807978,1.726201538570308],[30.985209183257382,1.7204958707879427],[30.986941907942878,1.7187631470017664],[30.97294945965001,1.7079994492153787],[30.95195000568839,1.6929994589580133],[30.89895135941788,1.6499994841889816],[30.85495245729021,1.6149995051232509],[30.845952679872426,1.6089995090202933],[30.818953340424514,1.5849995219105608],[30.818947365328825,1.5849975299122434],[30.816678394692303,1.5865499827956455],[30.814538188986376,1.589301677130834],[30.808117570969273,1.5954165508333062],[30.80261418319816,1.6006141942897898],[30.79313612832982,1.6082577877668314],[30.782435098001542,1.6180415869498574],[30.774485761109133,1.6287426172781352],[30.76653642421678,1.6360804673398661],[30.75063775043202,1.6461700090388263],[30.74146543897899,1.6639031451142046],[30.736879283252506,1.6675720696954386],[30.728929946360097,1.6727697131519221],[30.72434378973429,1.6788845877536573],[30.71975763400775,1.6846937189401388],[30.713337015990646,1.690808592642611],[30.709161563555483,1.6946956828596171],[30.7028055708206,1.701355473776232],[30.701527912982954,1.7122155707921252],[30.700778850563665,1.7151838497550216],[30.702920365682473,1.7280329386693438],[30.702206527909084,1.7337436453531154],[30.695068144779214,1.7608694996278587],[30.687929761649343,1.7730047507687914],[30.67722218785383,1.775860103660989],[30.66865612827786,1.793706062385013],[30.658662392255735,1.7994167681694648],[30.658551862878312,1.799564140073187],[30.65437936201812,1.8051274739539167],[30.64724097888825,1.807982826846171],[30.642957950449215,1.8036997984071377],[30.637247242866124,1.7972752530506568],[30.628681184189475,1.8029859588351087],[30.62653966907061,1.8129796948571766],[30.6243981539518,1.8386778735851408],[30.61868744816735,1.8508131247260735],[30.61226290281087,1.8536684776183279],[30.60369684413422,1.8536684776183279],[30.59655846100435,1.8572376691832346],[30.592275430766676,1.862234537194297],[30.590916021857083,1.8643508227324332],[30.591099359448037,1.8645227020612083],[30.600841491241965,1.8736559496625205],[30.62511199172519,1.8964987745989106],[30.634815940103692,1.889078109567265],[30.637247242866124,1.887218877249552],[30.656520877136927,1.8850773630300637],[30.672939157616213,1.8829358479111988],[30.680077540746083,1.8943572603794223],[30.680791379418793,1.9022094812826822],[30.692926629660406,1.9079201879664538],[30.702206527909084,1.9100617030853186],[30.715055616823406,1.9157724088697137],[30.71791096971566,1.9257661448918384],[30.720164383879364,1.9330897397998115],[30.720766322607858,1.9321906902483192],[30.72790470573773,1.9257661448918384],[30.7321877359754,1.9150585710963242],[30.743609148443625,1.9114893786320977],[30.74789217778192,1.901495642609973],[30.73932611910527,1.893643421706713],[30.7336154124215,1.891501906587905]]]},"properties":{"nom":"Jiba","province":"Ituri","zscode":"CD5405ZS05"}},{"type":"Feature","geometry":{"type":"Polygon","coordinates":[[[30.914418269587657,1.9255073946507082],[30.916328133736556,1.9148196392151249],[30.921312325803342,1.905964500661355],[30.928893810301247,1.8995260760677297],[30.93343114273324,1.893438906880192],[30.946286918106978,1.8782208912812735],[30.959142694380034,1.8591981822504522],[30.965192470656177,1.8485453726709693],[30.97124224783164,1.840175264576942],[30.97956069167276,1.8302832670593148],[30.993928910890702,1.8059334976329637],[30.996197577556302,1.796041310358362],[31.006028465241627,1.7846271788014292],[31.012078243316466,1.7800615069331798],[31.022665352024546,1.7747348737156017],[31.02871512920001,1.7678863249940378],[31.034947818587113,1.7589994178889583],[31.0259480600551,1.7499994237346073],[30.998948777264445,1.7279994371244811],[30.986941907942878,1.7187631470017664],[30.985209183257382,1.7204958707879427],[30.97807709807978,1.726201538570308],[30.971420486266595,1.7309562632211168],[30.96523934511987,1.7357109860732862],[30.96096009383342,1.7409411822898733],[30.955254426051113,1.7485487390332537],[30.94859781333855,1.754254406815562],[30.943843089587062,1.756156296675897],[30.93480911634782,1.7599600745979274],[30.9276770302709,1.7651902708145144],[30.921971361589215,1.7694695221009056],[30.917216638737045,1.7756506623483688],[30.912461915884876,1.7837336915567903],[30.90580530317237,1.7894393602384184],[30.895820384103615,1.7937186106255467],[30.88583546503486,1.800850695803149],[30.87822790739216,1.8098846708410292],[30.87252223871053,1.8184431734138684],[30.866816570928165,1.8227224238009967],[30.86015995911498,1.827477146653166],[30.854454291332672,1.829854508978542],[30.848185176704703,1.834185102560582],[30.845430511908773,1.8367408544070827],[30.83283893396981,1.83939171225785],[30.82712822818536,1.8436747415962031],[30.820703682828878,1.8443885802689124],[30.810709946806753,1.8443885802689124],[30.800002373011296,1.8500992860533643],[30.79286398988137,1.8543823162910371],[30.785725606751498,1.864376052313105],[30.779301063193657,1.8800804950190013],[30.770735002718368,1.8822220092384896],[30.765738134707306,1.8786528176735828],[30.757885913804046,1.8722282732164217],[30.751461370246204,1.8693729203241674],[30.74789217778192,1.876511302554718],[30.74075379465205,1.8822220092384896],[30.7336154124215,1.891501906587905],[30.73932611910527,1.893643421706713],[30.74789217778192,1.901495642609973],[30.743609148443625,1.9114893786320977],[30.7321877359754,1.9150585710963242],[30.72790470573773,1.9257661448918384],[30.720766322607858,1.9321906902483192],[30.720164383879364,1.9330897397998115],[30.720766322607858,1.9350460431405168],[30.71648329326956,1.945753616936031],[30.708631072366245,1.9578888680769637],[30.695781982552603,1.9635995738614156],[30.685788247429855,1.968596441872478],[30.678649864299985,1.9700241192178964],[30.670797643396668,1.9828732081322187],[30.65437936201812,1.9907254290354786],[30.62653966907061,2.00428835662251],[30.615118255703123,2.0021468424030218],[30.605124519681,2.0021468424030218],[30.598699976123157,2.012854416198536],[30.597415067051884,2.01313995094813],[30.600841491241965,2.0199927993284064],[30.61154906503748,2.0221343144472144],[30.6243981539518,2.024989667339412],[30.63225037485506,2.0321280495700194],[30.644385625995994,2.031414211796573],[30.648831577415535,2.0337853867863487],[30.64928257123387,2.0340259167628005],[30.65219900428076,2.0355813482008216],[30.65509320069083,2.037124917581025],[30.65937623002918,2.0449771393836613],[30.665086936712896,2.052829360286921],[30.67722218785383,2.0635369349816983],[30.687929761649343,2.064964611427854],[30.693640468333115,2.05425703673302],[30.706489557247437,2.052829360286921],[30.71791096971566,2.052115521614212],[30.72647702929163,2.060681581190181],[30.73290157374879,2.0635369349816983],[30.73932611910527,2.06210925763628],[30.745750662663113,2.0613954198628903],[30.751461370246204,2.0514016838408224],[30.755744398685238,2.045690977157051],[30.765738134707306,2.045690977157051],[30.77430419518265,2.045690977157051],[30.788580961442392,2.045690977157051],[30.795005505000233,2.0435494629375057],[30.80571307879569,2.0328418882427286],[30.80571307879569,2.0257035051128582],[30.807140756141166,2.018565121982931],[30.807854593914556,2.0114267397523804],[30.837121964207427,1.965027251206834],[30.914418269587657,1.9255073946507082]]]},"properties":{"nom":"Linga","province":"Ituri","zscode":"CD5405ZS07"}},{"type":"Feature","geometry":{"type":"Polygon","coordinates":[[[30.497789519770663,2.1486170147636017],[30.501617968794392,2.140988388703363],[30.503991923588558,2.138614444701034],[30.518750087047067,2.123856269551368],[30.523033117284683,2.1167178873208172],[30.523033117284683,2.1081518277447913],[30.52446079373084,2.097444253050014],[30.523033117284683,2.0838813263623024],[30.527316146623036,2.074601428113567],[30.533740691979517,2.065321529864889],[30.53659560240527,2.0610391687228002],[30.536750355045,2.0608070393136018],[30.536841039982164,2.060671010558849],[30.53945139776397,2.0567554711881826],[30.54444826577503,2.0446202200473067],[30.54607247736311,2.0361743215878505],[30.548017457339938,2.026060424449213],[30.548731296012647,2.0110698204160258],[30.547916666720937,2.002916666571082],[30.54291666727056,1.9987499996129259],[30.53958333280474,1.9987499996129259],[30.536250000137557,1.9954166669458004],[30.53374999996271,1.9929166667708955],[30.53374999996271,1.9895833332044504],[30.532083333179457,1.987916667320519],[30.529583333004553,1.987916667320519],[30.526250000337427,1.9854166671456142],[30.524583332654856,1.9837500003623632],[30.522916666770925,1.9820833326798493],[30.522916666770925,1.979583333404264],[30.520416666596077,1.973749999662914],[30.520416666596077,1.972083332879663],[30.52208333337927,1.9704166669957317],[30.52208333337927,1.9645833332543816],[30.519583333204423,1.9620833330795335],[30.515416667145644,1.9620833330795335],[30.507916666621043,1.9537500000625982],[30.50624999983779,1.9495833331044992],[30.503749999662944,1.9479166672205679],[30.505416667345514,1.9462500004373169],[30.505416667345514,1.9445833327547462],[30.50291666717061,1.942083332579898],[30.50125000038736,1.9404166666959668],[30.49875000021251,1.9404166666959668],[30.496250000037662,1.9379166674204384],[30.492083333079506,1.9379166674204384],[30.48875000041238,1.9354166672455335],[30.480416667395446,1.9354166672455335],[30.476250000437346,1.9320833327797686],[30.47375000026244,1.9329166670706854],[30.471250000087593,1.9320833327797686],[30.469583333304342,1.9295833326048637],[30.469583333304342,1.9262499999376814],[30.467083333129494,1.9237499997628333],[30.467083333129494,1.9212499995879853],[30.461250000287464,1.9170833326298862],[30.461250000287464,1.916250000137552],[30.457916666720962,1.913749999962704],[30.45291666727053,1.9079166671206735],[30.45624999993771,1.9020833333792666],[30.449583332804707,1.8945833328546655],[30.44458333335433,1.89125000018754],[30.445416666745928,1.8904166667958862],[30.445416666745928,1.887916666621038],[30.44708333262986,1.886249999837787],[30.44708333262986,1.8829166671706048],[30.447916666920833,1.882083332879688],[30.44708333262986,1.8804166669957567],[30.44458333335433,1.8745833332544066],[30.443749999962677,1.8712499996879046],[30.44291666657108,1.8704166671955704],[30.439583333004578,1.8704166671955704],[30.433750000162547,1.8662500002374713],[30.432083333379296,1.8645833325549006],[30.432083333379296,1.8620833332793723],[30.430416666596045,1.860416667395441],[30.427916667320517,1.860416667395441],[30.424583332854695,1.857916667220593],[30.422083332679847,1.8545833327547712],[30.418750000012665,1.85291666687084],[30.417083333229414,1.8504166666959918],[30.415416667345482,1.8504166666959918],[30.412916667170634,1.8487499999127408],[30.412916667170634,1.8462499997378359],[30.41208333287966,1.8454166672455585],[30.412916667170634,1.8445833329546417],[30.412916667170634,1.8395833326048887],[30.409583332704813,1.8362499999377064],[30.41041666699573,1.835416667445429],[30.40875000021248,1.8320833329796073],[30.405416666646033,1.828750000312425],[30.403749999862782,1.828750000312425],[30.3962500002375,1.821249999787824],[30.39458333255493,1.821249999787824],[30.392083333279345,1.822916666571075],[30.391249999887748,1.822083333179421],[30.392083333279345,1.819583333004573],[30.389583333104497,1.8179166671206417],[30.3887499997129,1.8154166669457936],[30.383750000262467,1.8137500001625426],[30.384583332754744,1.8129166667708887],[30.383750000262467,1.8120833333792916],[30.384583332754744,1.8104166665960406],[30.382083332579896,1.8062499996379415],[30.378749999912714,1.8037500003624132],[30.377916667420436,1.7970833332294092],[30.377083333129463,1.796249999837812],[30.372083332779766,1.7929166671706298],[30.368750000112584,1.796249999837812],[30.364583333154485,1.795416667345478],[30.362916667270554,1.795416667345478],[30.362916667270554,1.7951337379318488],[30.361705663585667,1.7951337379318488],[30.361378029772425,1.796714460104397],[30.359599373112758,1.8000176798722123],[30.355316342875085,1.8185774763696259],[30.34389493040686,1.8371372710683431],[30.324621297035378,1.8378511097411092],[30.31462756101331,1.831426565283948],[30.30820301565683,1.8228605048086024],[30.300350794753513,1.8342819181761456],[30.282504837828185,1.8357095946222444],[30.27322493957945,1.8278573728196648],[30.26394504223009,1.8228605048086024],[30.252916666770943,1.821249999787824],[30.252916666770943,1.827916666920828],[30.254583332654818,1.8295833328047024],[30.254583332654818,1.8312499995879534],[30.25208333337929,1.8337499997628584],[30.251249999987692,1.8395833326048887],[30.248749999812787,1.8420833327797368],[30.25041666659604,1.8445833329546417],[30.257083332829723,1.8512500000875889],[30.257320788923437,1.8562365816530928],[30.257336661957538,1.8565699243627023],[30.25791666712064,1.8687500004123763],[30.258749999612974,1.8704166671955704],[30.257083332829723,1.8720833330795017],[30.25625000033739,1.8787500002125057],[30.250698355844634,1.8852269175883407],[30.249839661571286,1.8862287272741014],[30.24624999963794,1.8904166667958862],[30.24375000036241,1.89125000018754],[30.24458333285469,1.8962499996379165],[30.24208333267984,1.8995833332044185],[30.242916666970757,1.9079166671206735],[30.24208333267984,1.909583333004548],[30.245416667145662,1.911249999787799],[30.24624999963794,1.91291666657105],[30.24958333320444,1.9170833326298862],[30.251249999987692,1.917916666920803],[30.260416667295544,1.911249999787799],[30.26374999996267,1.911249999787799],[30.266250000137575,1.9087499996129509],[30.26541666674592,1.9054166669457686],[30.266250000137575,1.9037500001625176],[30.267916666920826,1.9020833333792666],[30.270416667095674,1.9020833333792666],[30.272083332979605,1.8995833332044185],[30.278750000112552,1.8987499998128214],[30.279583332604886,1.8995833332044185],[30.281250000287457,1.8987499998128214],[30.28458333295464,1.9004166665960724],[30.28874999991274,1.9054166669457686],[30.29458333275477,1.9045833326548518],[30.297083332929617,1.9045833326548518],[30.298749999712868,1.9062500003374225],[30.29791666722059,1.917916666920803],[30.29791666722059,1.922916667270556],[30.295416667045686,1.9262499999376814],[30.299583333104522,1.9320833327797686],[30.30208333327937,1.9329166670706854],[30.302916666670967,1.9370833331294648],[30.30208333327937,1.9395833333043697],[30.298749999712868,1.942083332579898],[30.299583333104522,1.9504166673954728],[30.30375000006262,1.9554166668458492],[30.307083332729803,1.9595833329046286],[30.305416666845872,1.9645833332543816],[30.307083332729803,1.9654166666460355],[30.30958333290465,1.9645833332543816],[30.310416667195625,1.9670833334292297],[30.314583333254404,1.9687500002124807],[30.312916667370473,1.9712500003873856],[30.31374999986275,1.9729166671706366],[30.312916667370473,1.974583333054511],[30.31374999986275,1.9754166673454847],[30.316250000037655,1.978750000012667],[30.320416666995754,1.977916666621013],[30.322083332879686,1.979583333404264],[30.322083332879686,1.981250000187515],[30.323749999662937,1.9837500003623632],[30.328750000012633,1.9837500003623632],[30.330416666795884,1.982916666970766],[30.332083332679815,1.9854166671456142],[30.33458333285472,1.9837500003623632],[30.337916667320485,1.9870833330295454],[30.339583333204416,1.9904166665960474],[30.34291666677092,1.9895833332044504],[30.34458333265485,1.9912499999876445],[30.349583333004603,1.9904166665960474],[30.35208333317945,1.9929166667708955],[30.3545833333543,1.9912499999876445],[30.35625000013755,1.9929166667708955],[30.35625000013755,2.00541666674593],[30.35625000013755,2.007916666920778],[30.359583332804732,2.012916667270531],[30.359583332804732,2.0162499999377133],[30.36208333297958,2.0170833333293103],[30.364583333154485,2.0204166668958123],[30.36208333297958,2.0237499995629946],[30.36208333297958,2.0254166672455653],[30.365416667445402,2.0279166674204134],[30.365416667445402,2.0312500000875957],[30.36374999976283,2.033750000262444],[30.365416667445402,2.035416667045695],[30.365416667445402,2.037083332929626],[30.367083333329333,2.0379166672205997],[30.36791666672093,2.038749999712877],[30.36791666672093,2.04375000006263],[30.372916667070683,2.045416666845881],[30.375416667245588,2.047916667020729],[30.376249999737865,2.0512499996879114],[30.377916667420436,2.052916667370482],[30.38125000008762,2.0520833330795085],[30.383750000262467,2.0487500004123262],[30.389583333104497,2.0495833329046604],[30.392916666671,2.0520833330795085],[30.395416666845847,2.0504166671955772],[30.39708333272978,2.0512499996879114],[30.405416666646033,2.0587500002125125],[30.41041666699573,2.0604166669957635],[30.418750000012665,2.069583333404296],[30.418750000012665,2.0720833326798243],[30.420416666795916,2.073750000362395],[30.420416666795916,2.077916667320494],[30.418750000012665,2.0795833332044253],[30.420416666795916,2.0820833333792734],[30.420416666795916,2.0870833328297067],[30.425416667145612,2.092916666571057],[30.425416667145612,2.096250000137559],[30.427083333029543,2.098750000312407],[30.427083333029543,2.10374999976284],[30.4312499999877,2.108750000112593],[30.430416666596045,2.110416666895844],[30.430416666596045,2.1145833329546235],[30.435416666945798,2.1204166666959736],[30.43708333282973,2.122083332579905],[30.44041666729555,2.1229166668708217],[30.44458333335433,2.127083332929658],[30.45291666727053,2.1370833327297873],[30.45291666727053,2.1445833332543884],[30.45458333315446,2.1470833334292365],[30.45458333315446,2.1487500002124875],[30.457083333329308,2.1504166669957385],[30.461250000287464,2.1495833327048217],[30.463376287186065,2.153127147200223],[30.465488520379097,2.152636065202387],[30.469820399991647,2.154062136358675],[30.471569859261763,2.1539214536123836],[30.47186130705387,2.153898018179177],[30.472930040688993,2.1538120762664903],[30.473701998948286,2.153749999662921],[30.47375000026244,2.153749999662921],[30.473752718913033,2.15374592123743],[30.4748575198588,2.153657079910488],[30.482908199553947,2.1496050729159606],[30.4862513429253,2.1489166643727344],[30.487079471940262,2.1487461376243004],[30.49061317265995,2.1480184889622365],[30.491392320099635,2.147858049909246],[30.49501988485997,2.1482884249709855],[30.497789519770663,2.1486170147636017]]]},"properties":{"nom":"Mangala","province":"Ituri","zscode":"CD5405ZS09"}},{"type":"Feature","geometry":{"type":"Polygon","coordinates":[[[30.23486927969367,2.3814510734084706],[30.23808840025964,2.380106983550604],[30.247925342180963,2.3804460657335085],[30.25228932039596,2.3791151230646506],[30.256412399912506,2.357772107397011],[30.26278547976625,2.340134123191376],[30.271080239961293,2.3349371371393204],[30.273214308693582,2.328060987324875],[30.269033999919316,2.311147520341933],[30.27471552000543,2.30214124082579],[30.279693960008387,2.302827009858788],[30.28632588003552,2.3041220120214234],[30.296784599729676,2.308931568337357],[30.302220960129375,2.3159096895806783],[30.315218226739944,2.3165669905743016],[30.315774268567793,2.295795059694399],[30.31400854325983,2.2804471046503068],[30.343891680257002,2.27346793120023],[30.350585159777495,2.270766755381601],[30.359961719857665,2.2738381955764453],[30.37094820039931,2.2803732918940796],[30.376864121582116,2.283381175201214],[30.380647287042848,2.2853046793676413],[30.386690225773464,2.2883771321990594],[30.39569819961241,2.280656031550791],[30.40591577869037,2.2653481359079137],[30.41337419995955,2.2541731169959007],[30.4199442520258,2.2471950182356863],[30.420525375046168,2.2465778009249107],[30.421465632433183,2.245579138866333],[30.4244477582576,2.2424117850760013],[30.424947495330798,2.2418810195935635],[30.427089951140488,2.241367366410998],[30.428032958654285,2.2411412786472624],[30.431371503792036,2.240340862241169],[30.439693439700648,2.2323821058496947],[30.44033200421876,2.230415311017964],[30.442297319665727,2.2243620777478554],[30.4413771549319,2.2218138676160493],[30.441029818771312,2.2208519914264],[30.44029643962915,2.2188210443558773],[30.434417280033585,2.212318086210871],[30.4300922397652,2.210201033551016],[30.410215199971674,2.2074539959053254],[30.399950519800825,2.204582144050846],[30.39677243979645,2.202248060699617],[30.395208247163055,2.1987810770851866],[30.395725254816796,2.193267881307861],[30.397925519946966,2.1839077401502323],[30.40408224000356,2.180051767375346],[30.411268199967594,2.1813596649167835],[30.417320159797725,2.1843547517705133],[30.435492600303405,2.192197959668249],[30.446566559699136,2.193024260361483],[30.44728692025535,2.182189572790719],[30.44935187968565,2.155965483120724],[30.45323952028781,2.1554838826751848],[30.463376287186065,2.153127147200223],[30.461250000287464,2.1495833327048217],[30.457083333329308,2.1504166669957385],[30.45458333315446,2.1487500002124875],[30.45458333315446,2.1470833334292365],[30.45291666727053,2.1445833332543884],[30.45291666727053,2.1370833327297873],[30.44458333335433,2.127083332929658],[30.44041666729555,2.1229166668708217],[30.43708333282973,2.122083332579905],[30.435416666945798,2.1204166666959736],[30.430416666596045,2.1145833329546235],[30.430416666596045,2.110416666895844],[30.4312499999877,2.108750000112593],[30.427083333029543,2.10374999976284],[30.427083333029543,2.098750000312407],[30.425416667145612,2.096250000137559],[30.425416667145612,2.092916666571057],[30.420416666795916,2.0870833328297067],[30.420416666795916,2.0820833333792734],[30.418750000012665,2.0795833332044253],[30.420416666795916,2.077916667320494],[30.420416666795916,2.073750000362395],[30.418750000012665,2.0720833326798243],[30.418750000012665,2.069583333404296],[30.41041666699573,2.0604166669957635],[30.405416666646033,2.0587500002125125],[30.39708333272978,2.0512499996879114],[30.395416666845847,2.0504166671955772],[30.392916666671,2.0520833330795085],[30.389583333104497,2.0495833329046604],[30.383750000262467,2.0487500004123262],[30.38125000008762,2.0520833330795085],[30.377916667420436,2.052916667370482],[30.376249999737865,2.0512499996879114],[30.375416667245588,2.047916667020729],[30.372916667070683,2.045416666845881],[30.36791666672093,2.04375000006263],[30.36791666672093,2.038749999712877],[30.367083333329333,2.0379166672205997],[30.365416667445402,2.037083332929626],[30.365416667445402,2.035416667045695],[30.36374999976283,2.033750000262444],[30.365416667445402,2.0312500000875957],[30.365416667445402,2.0279166674204134],[30.36208333297958,2.0254166672455653],[30.36208333297958,2.0237499995629946],[30.364583333154485,2.0204166668958123],[30.36208333297958,2.0170833333293103],[30.359583332804732,2.0162499999377133],[30.359583332804732,2.012916667270531],[30.35625000013755,2.007916666920778],[30.35625000013755,2.00541666674593],[30.35625000013755,1.9929166667708955],[30.3545833333543,1.9912499999876445],[30.35208333317945,1.9929166667708955],[30.349583333004603,1.9904166665960474],[30.34458333265485,1.9912499999876445],[30.34291666677092,1.9895833332044504],[30.339583333204416,1.9904166665960474],[30.337916667320485,1.9870833330295454],[30.33458333285472,1.9837500003623632],[30.332083332679815,1.9854166671456142],[30.330416666795884,1.982916666970766],[30.328750000012633,1.9837500003623632],[30.323749999662937,1.9837500003623632],[30.322289322594315,1.9884877170346726],[30.31602001371283,1.990368509699124],[30.30888163058296,2.001789923066667],[30.296746380341347,2.0146390119809894],[30.284611129200414,2.0239189102296677],[30.27247587805948,2.031057293359538],[30.253916081562068,2.0274881008953116],[30.247491538004226,2.028201938668701],[30.234642449089904,2.0339126462517925],[30.226076388614615,2.038195674690769],[30.20965810903465,2.0374818369173795],[30.203233563678168,2.031057293359538],[30.1932398276561,2.0296296160141196],[30.188956798317747,2.0239189102296677],[30.186843372623684,2.022943483055485],[30.186464427091778,2.0227685847025896],[30.17967690006907,2.0196358799920517],[30.175393870730716,2.0089283061965375],[30.171824679165752,1.9996484079478023],[30.16532051233196,1.995312297025066],[30.164672876352313,1.9948805397053206],[30.163258619589783,1.9939377021634073],[30.162080582353155,1.9961778819038614],[30.16147402380733,2.006489358297415],[30.15564434491074,2.0273096412271343],[30.145650608888673,2.0364705663637324],[30.1373224946376,2.0381361890340486],[30.12316470328858,2.0381361890340486],[30.10817409925545,2.0406346225899483],[30.09318349522232,2.044798679715484],[30.07236321139328,2.0631205290893035],[30.064867908927,2.078111133122434],[30.05487417290493,2.085606434689396],[30.049815167136444,2.0881359380232993],[30.048369471873798,2.088858786104254],[30.048057646343466,2.0890146988693914],[30.044880436882806,2.0906033027004014],[30.034053889975212,2.0906033027004014],[30.014899228816546,2.0822751902479695],[30.01478025570441,2.0822751902479695],[30.00764187257454,2.0822751902479695],[30.00157424835305,2.0822751902479695],[29.98741645520539,2.078111133122434],[29.97173597133815,2.075343988434497],[29.969298825680426,2.074913903853769],[29.959100868910127,2.0731142651114283],[29.93968680999842,2.085808072584655],[29.93744777509488,2.087272058259032],[29.92245717106175,2.071448642441055],[29.906633755243774,2.091436113585928],[29.897286194702303,2.090303079323803],[29.899116360032167,2.0959741339992206],[29.903696279859616,2.0994160651994207],[29.903488200120478,2.1095390113164854],[29.89914948026444,2.1123091030827936],[29.89045727997967,2.1104871107916665],[29.883835439554048,2.1148720629954596],[29.879730359968278,2.1208621350796193],[29.876987520357943,2.1217880752596443],[29.87126747961065,2.119730151225667],[29.86990127992027,2.122954097553702],[29.872905479604356,2.1390530188818957],[29.86903440001771,2.1466531427284963],[29.86561043997,2.14942100507551],[29.861494199797676,2.149889100401822],[29.851431480378665,2.1483000289233587],[29.87060544008915,2.1836981027853994],[29.87343828025257,2.175864033798291],[29.875036319770516,2.1756309816846056],[29.8791734404021,2.185976021676197],[29.883972239927118,2.1843551123986913],[29.889694439946595,2.186644017407616],[29.8983823198883,2.1859360396167062],[29.903875199980632,2.188455110814857],[29.910499199678497,2.184760159853681],[29.912451641330335,2.1856793650108557],[29.91329365587768,2.186075784370132],[29.914390440266743,2.1865921481092983],[29.91645647978288,2.1900390957278546],[29.916443273238656,2.1901700253265517],[29.9161987430777,2.1925942432299053],[29.91578327967477,2.1967130671544624],[29.917402199651974,2.205453100580314],[29.92153139995429,2.2121160157416853],[29.920398479906112,2.2174110638696902],[29.92132332021521,2.22224108156081],[29.924762399665155,2.226604995923992],[29.925701280190083,2.2378769851349034],[29.929842359637348,2.2498330589486955],[29.936706480120108,2.2516590217466046],[29.944957320124388,2.2606150156706235],[29.946802319771393,2.2675130558830006],[29.950922519658718,2.2698050716468856],[29.957071320285365,2.2573670574439006],[29.963915279766525,2.2486091445965144],[29.96436527983394,2.2456170722702495],[29.966650199946912,2.244691029567548],[29.96962740018455,2.246755983601929],[29.969406360315418,2.2506681514142315],[29.97123731974665,2.251354123694],[29.97511631966256,2.246974077292009],[29.982439439728523,2.248799142566554],[29.984272199602515,2.2508649923257167],[29.984858650206718,2.254358004118785],[29.98566252000944,2.2591460063832756],[29.98864944011973,2.265351062301818],[29.987518319614935,2.271336020840863],[29.989351440117048,2.273403099073903],[29.99484432020938,2.2747721433199217],[29.997827279705348,2.2793671330869074],[30.00000023961951,2.2748710129870346],[30.0138263996688,2.276844076992745],[30.027258359885593,2.282977021672366],[30.0304472398484,2.3046311146343896],[30.03332148030222,2.3136330558210148],[30.04299143970337,2.3286920478998354],[30.046991400233082,2.339317092709848],[30.05173517024207,2.358470719648153],[30.053560320052895,2.3658399974181066],[30.057188400124744,2.368871070643536],[30.06085427960147,2.3684520288382487],[30.06664236035681,2.3625389782913544],[30.072159360266426,2.360301137687543],[30.079248480333263,2.3608420951866833],[30.09083661182035,2.3647760032101246],[30.098171520199685,2.367266036198771],[30.101637429124196,2.366741384307602],[30.103301301713884,2.3664895147794596],[30.106653479674492,2.365982078610216],[30.11460335975744,2.3713610056061043],[30.12146028026791,2.3721290356266422],[30.12560424563958,2.3698760891103916],[30.136135320288986,2.369534117405749],[30.14386019988848,2.3746810921588235],[30.152216519576882,2.3846650696374354],[30.15655343988948,2.3856331556457917],[30.16137737366705,2.3840780443663903],[30.16526154378539,2.387869545643184],[30.16562740238288,2.3885776610304106],[30.16590552042362,2.388498157364211],[30.168886319748026,2.3880720999476353],[30.1726224911352,2.381214255833413],[30.17800944008377,2.3909340340785548],[30.180994200022496,2.4107469953776786],[30.185280302344268,2.416314924794108],[30.189394439901662,2.416821000289076],[30.19284432020936,2.4152491562237515],[30.196127520169114,2.4081570126361953],[30.200302440205633,2.40314414029001],[30.20743332029167,2.399774064021983],[30.222120240356958,2.3962581186174248],[30.23486927969367,2.3814510734084706]]]},"properties":{"nom":"Damas","province":"Ituri","zscode":"CD5405ZS02"}},{"type":"Feature","geometry":{"type":"Polygon","coordinates":[[[30.578712504078965,2.024989667339412],[30.59727229877774,2.012854416198536],[30.597415067051884,2.01313995094813],[30.598699976123157,2.012854416198536],[30.605124519681,2.0021468424030218],[30.615118255703123,2.0021468424030218],[30.62653966907061,2.00428835662251],[30.65437936201812,1.9907254290354786],[30.670797643396668,1.9828732081322187],[30.678649864299985,1.9700241192178964],[30.685788247429855,1.968596441872478],[30.695781982552603,1.9635995738614156],[30.708631072366245,1.9578888680769637],[30.71648329326956,1.945753616936031],[30.720766322607858,1.9350460431405168],[30.720164383879364,1.9330897397998115],[30.71791096971566,1.9257661448918384],[30.715055616823406,1.9157724088697137],[30.702206527909084,1.9100617030853186],[30.692926629660406,1.9079201879664538],[30.680791379418793,1.9022094812826822],[30.680077540746083,1.8943572603794223],[30.672939157616213,1.8829358479111988],[30.656520877136927,1.8850773630300637],[30.637247242866124,1.887218877249552],[30.634815940103692,1.889078109567265],[30.62511199172519,1.8964987745989106],[30.600841491241965,1.8736559496625205],[30.591099359448037,1.8645227020612083],[30.590916021857083,1.8643508227324332],[30.58924037983985,1.8642699278150872],[30.58541666664604,1.8637500000626233],[30.580416667195607,1.8687500004123763],[30.578750000412356,1.8737499998627527],[30.580416667195607,1.8762500000376576],[30.579583332904633,1.8787500002125057],[30.580416667195607,1.882083332879688],[30.578750000412356,1.8829166671706048],[30.574583332554937,1.883749999662939],[30.572916666671006,1.882083332879688],[30.56625000043732,1.8812500003873538],[30.561250000087625,1.884583333054536],[30.557916667420443,1.8854166673455097],[30.555416667245538,1.8870833332293842],[30.556249999737872,1.8920833326798174],[30.552083332779773,1.8962499996379165],[30.547916666720937,1.89125000018754],[30.546249999937686,1.89125000018754],[30.54291666727056,1.8937500003623882],[30.537083332629834,1.892916666970791],[30.531249999787804,1.8962499996379165],[30.528749999612955,1.8962499996379165],[30.527916667120678,1.8937500003623882],[30.525416666945773,1.8937500003623882],[30.522916666770925,1.8962499996379165],[30.522916666770925,1.8987499998128214],[30.521249999987674,1.9004166665960724],[30.517083333029575,1.9012499999876695],[30.512916666970796,1.8970833330295704],[30.511250000187545,1.8987499998128214],[30.51041666679589,1.8979166673204872],[30.507916666621043,1.8937500003623882],[30.507916666621043,1.8920833326798174],[30.50458333305454,1.887916666621038],[30.503749999662944,1.8854166673455097],[30.50041666699576,1.882083332879688],[30.496250000037662,1.8804166669957567],[30.493749999862757,1.8829166671706048],[30.492083333079506,1.8829166671706048],[30.489583332904658,1.8812500003873538],[30.48541666684588,1.8762500000376576],[30.48454200331099,1.871891354802358],[30.485199688315106,1.8679452438780686],[30.493765746991812,1.8608068607481982],[30.50233180656778,1.8565238314098451],[30.505187160359355,1.8515269633987828],[30.507328674578844,1.83939171225785],[30.498048777229428,1.8215457553325223],[30.493051909218423,1.8151212099760414],[30.48662736476126,1.8094105041915896],[30.476633627839817,1.8094105041915896],[30.463070701152105,1.8115520193103976],[30.455218480248845,1.8236872695520105],[30.450935450011173,1.8329671669013692],[30.44460527771156,1.8279030313999556],[30.443797066881302,1.8272564611169742],[30.44022787621566,1.8194042402136574],[30.441655551762494,1.8108381806376883],[30.440941713989048,1.7987029303960753],[30.433803330859178,1.7922783850395945],[30.427378787301336,1.791564547266205],[30.42309575706372,1.7865676792551426],[30.418098889052658,1.7815708112440802],[30.411674343696177,1.7772877810064642],[30.40239444634676,1.7708632356499834],[30.3945422254435,1.764438692092142],[30.39424958694906,1.7641593545707224],[30.38808613186967,1.7706163078964323],[30.3887499997129,1.7712499998877433],[30.380416666695965,1.7787500004123444],[30.380416666695965,1.7804166671955954],[30.378749999912714,1.7820833330795267],[30.374583332954614,1.7812499996878728],[30.372083332779766,1.7837499998627777],[30.372916667070683,1.7845833332543748],[30.372916667070683,1.7870833334292797],[30.372083332779766,1.7879166668208768],[30.367083333329333,1.7879166668208768],[30.365416667445402,1.789583332704808],[30.365416667445402,1.794583333054561],[30.364583333154485,1.795416667345478],[30.368750000112584,1.796249999837812],[30.372083332779766,1.7929166671706298],[30.377083333129463,1.796249999837812],[30.377916667420436,1.7970833332294092],[30.378749999912714,1.8037500003624132],[30.382083332579896,1.8062499996379415],[30.384583332754744,1.8104166665960406],[30.383750000262467,1.8120833333792916],[30.384583332754744,1.8129166667708887],[30.383750000262467,1.8137500001625426],[30.3887499997129,1.8154166669457936],[30.389583333104497,1.8179166671206417],[30.392083333279345,1.819583333004573],[30.391249999887748,1.822083333179421],[30.392083333279345,1.822916666571075],[30.39458333255493,1.821249999787824],[30.3962500002375,1.821249999787824],[30.403749999862782,1.828750000312425],[30.405416666646033,1.828750000312425],[30.40875000021248,1.8320833329796073],[30.41041666699573,1.835416667445429],[30.409583332704813,1.8362499999377064],[30.412916667170634,1.8395833326048887],[30.412916667170634,1.8445833329546417],[30.41208333287966,1.8454166672455585],[30.412916667170634,1.8462499997378359],[30.412916667170634,1.8487499999127408],[30.415416667345482,1.8504166666959918],[30.417083333229414,1.8504166666959918],[30.418750000012665,1.85291666687084],[30.422083332679847,1.8545833327547712],[30.424583332854695,1.857916667220593],[30.427916667320517,1.860416667395441],[30.430416666596045,1.860416667395441],[30.432083333379296,1.8620833332793723],[30.432083333379296,1.8645833325549006],[30.433750000162547,1.8662500002374713],[30.439583333004578,1.8704166671955704],[30.44291666657108,1.8704166671955704],[30.443749999962677,1.8712499996879046],[30.44458333335433,1.8745833332544066],[30.44708333262986,1.8804166669957567],[30.447916666920833,1.882083332879688],[30.44708333262986,1.8829166671706048],[30.44708333262986,1.886249999837787],[30.445416666745928,1.887916666621038],[30.445416666745928,1.8904166667958862],[30.44458333335433,1.89125000018754],[30.449583332804707,1.8945833328546655],[30.45624999993771,1.9020833333792666],[30.45291666727053,1.9079166671206735],[30.457916666720962,1.913749999962704],[30.461250000287464,1.916250000137552],[30.461250000287464,1.9170833326298862],[30.467083333129494,1.9212499995879853],[30.467083333129494,1.9237499997628333],[30.469583333304342,1.9262499999376814],[30.469583333304342,1.9295833326048637],[30.471250000087593,1.9320833327797686],[30.47375000026244,1.9329166670706854],[30.476250000437346,1.9320833327797686],[30.480416667395446,1.9354166672455335],[30.48875000041238,1.9354166672455335],[30.492083333079506,1.9379166674204384],[30.496250000037662,1.9379166674204384],[30.49875000021251,1.9404166666959668],[30.50125000038736,1.9404166666959668],[30.50291666717061,1.942083332579898],[30.505416667345514,1.9445833327547462],[30.505416667345514,1.9462500004373169],[30.503749999662944,1.9479166672205679],[30.50624999983779,1.9495833331044992],[30.507916666621043,1.9537500000625982],[30.515416667145644,1.9620833330795335],[30.519583333204423,1.9620833330795335],[30.52208333337927,1.9645833332543816],[30.52208333337927,1.9704166669957317],[30.520416666596077,1.972083332879663],[30.520416666596077,1.973749999662914],[30.522916666770925,1.979583333404264],[30.522916666770925,1.9820833326798493],[30.524583332654856,1.9837500003623632],[30.526250000337427,1.9854166671456142],[30.529583333004553,1.987916667320519],[30.532083333179457,1.987916667320519],[30.53374999996271,1.9895833332044504],[30.53374999996271,1.9929166667708955],[30.536250000137557,1.9954166669458004],[30.53958333280474,1.9987499996129259],[30.54291666727056,1.9987499996129259],[30.547916666720937,2.002916666571082],[30.548731296012647,2.0110698204160258],[30.548017457339938,2.026060424449213],[30.54607247736311,2.0361743215878505],[30.548017457339938,2.037124917581025],[30.556583516915964,2.0328418882427286],[30.569432605830286,2.0285588589043755],[30.578712504078965,2.024989667339412]]]},"properties":{"nom":"Fataki","province":"Ituri","zscode":"CD5405ZS04"}},{"type":"Feature","geometry":{"type":"Polygon","coordinates":[[[30.58924037983985,1.8642699278150872],[30.590916021857083,1.8643508227324332],[30.592275430766676,1.862234537194297],[30.59655846100435,1.8572376691832346],[30.60369684413422,1.8536684776183279],[30.61226290281087,1.8536684776183279],[30.61868744816735,1.8508131247260735],[30.6243981539518,1.8386778735851408],[30.62653966907061,1.8129796948571766],[30.628681184189475,1.8029859588351087],[30.637247242866124,1.7972752530506568],[30.642957950449215,1.8036997984071377],[30.64724097888825,1.807982826846171],[30.65437936201812,1.8051274739539167],[30.658551862878312,1.799564140073187],[30.658662392255735,1.7994167681694648],[30.66865612827786,1.793706062385013],[30.67722218785383,1.775860103660989],[30.687929761649343,1.7730047507687914],[30.695068144779214,1.7608694996278587],[30.702206527909084,1.7337436453531154],[30.702920365682473,1.7280329386693438],[30.700778850563665,1.7151838497550216],[30.697067749577172,1.7159895550740885],[30.692248014734275,1.720067791695385],[30.66726367467902,1.7043633498888653],[30.657269938656896,1.6908004223018338],[30.645134688415283,1.6872312307368702],[30.63228559860164,1.6750959795959375],[30.62586105414448,1.6643884049011035],[30.612298126557448,1.6508254782133918],[30.610968052633666,1.6481653303658845],[30.610123011867643,1.6464752488338377],[30.605159744326897,1.636548711953651],[30.59516600830483,1.6294103288237807],[30.588027625174902,1.619416592801656],[30.57446469758787,1.613705887017261],[30.56804015313071,1.6065675038873337],[30.563043285119704,1.6037121509951362],[30.55376338687097,1.5980014452106843],[30.543769650848844,1.5937184149730115],[30.534489752600166,1.592290737627593],[30.52378217880465,1.592290737627593],[30.515216120128002,1.592290737627593],[30.508077736998132,1.592290737627593],[30.49665632363059,1.593004577199622],[30.488636701123028,1.593672878700545],[30.48873960874613,1.5957333028497942],[30.492135348068018,1.6054372602215494],[30.47964317759073,1.617929429799517],[30.470125334017098,1.6274472742724697],[30.460012624882893,1.6399394438504373],[30.456443434217306,1.6512418841058434],[30.45822802999976,1.6613545932400484],[30.460563520790004,1.666025574820594],[30.462313961220502,1.6695264556815346],[30.46417668200843,1.6732518981567637],[30.467151008012763,1.6821748761697677],[30.47110867072871,1.686492326160078],[30.465926054044303,1.6859164803614135],[30.457359995367653,1.6937687012647302],[30.45307696512998,1.697337892829637],[30.43951403664363,1.7009070843946006],[30.4323756553124,1.7137561733089228],[30.43094797796698,1.7216083942121827],[30.428092625074726,1.7251775857771463],[30.4245234326105,1.7387405133641778],[30.41738505127927,1.741595867155695],[30.411674343696177,1.745165057821339],[30.405531545144868,1.7476780208241394],[30.40441757111421,1.7487778197407238],[30.40200093899233,1.7511637004445788],[30.398860479427753,1.7593288980103807],[30.39424958694906,1.7641593545707224],[30.3945422254435,1.764438692092142],[30.40239444634676,1.7708632356499834],[30.411674343696177,1.7772877810064642],[30.418098889052658,1.7815708112440802],[30.42309575706372,1.7865676792551426],[30.427378787301336,1.791564547266205],[30.433803330859178,1.7922783850395945],[30.440941713989048,1.7987029303960753],[30.441655551762494,1.8108381806376883],[30.44022787621566,1.8194042402136574],[30.443797066881302,1.8272564611169742],[30.44460527771156,1.8279030313999556],[30.450935450011173,1.8329671669013692],[30.455218480248845,1.8236872695520105],[30.463070701152105,1.8115520193103976],[30.476633627839817,1.8094105041915896],[30.48662736476126,1.8094105041915896],[30.493051909218423,1.8151212099760414],[30.498048777229428,1.8215457553325223],[30.507328674578844,1.83939171225785],[30.505187160359355,1.8515269633987828],[30.50233180656778,1.8565238314098451],[30.493765746991812,1.8608068607481982],[30.485199688315106,1.8679452438780686],[30.48454200331099,1.871891354802358],[30.48541666684588,1.8762500000376576],[30.489583332904658,1.8812500003873538],[30.492083333079506,1.8829166671706048],[30.493749999862757,1.8829166671706048],[30.496250000037662,1.8804166669957567],[30.50041666699576,1.882083332879688],[30.503749999662944,1.8854166673455097],[30.50458333305454,1.887916666621038],[30.507916666621043,1.8920833326798174],[30.507916666621043,1.8937500003623882],[30.51041666679589,1.8979166673204872],[30.511250000187545,1.8987499998128214],[30.512916666970796,1.8970833330295704],[30.517083333029575,1.9012499999876695],[30.521249999987674,1.9004166665960724],[30.522916666770925,1.8987499998128214],[30.522916666770925,1.8962499996379165],[30.525416666945773,1.8937500003623882],[30.527916667120678,1.8937500003623882],[30.528749999612955,1.8962499996379165],[30.531249999787804,1.8962499996379165],[30.537083332629834,1.892916666970791],[30.54291666727056,1.8937500003623882],[30.546249999937686,1.89125000018754],[30.547916666720937,1.89125000018754],[30.552083332779773,1.8962499996379165],[30.556249999737872,1.8920833326798174],[30.555416667245538,1.8870833332293842],[30.557916667420443,1.8854166673455097],[30.561250000087625,1.884583333054536],[30.56625000043732,1.8812500003873538],[30.572916666671006,1.882083332879688],[30.574583332554937,1.883749999662939],[30.578750000412356,1.8829166671706048],[30.580416667195607,1.882083332879688],[30.579583332904633,1.8787500002125057],[30.580416667195607,1.8762500000376576],[30.578750000412356,1.8737499998627527],[30.580416667195607,1.8687500004123763],[30.58541666664604,1.8637500000626233],[30.58924037983985,1.8642699278150872]]]},"properties":{"nom":"Drodro","province":"Ituri","zscode":"CD5405ZS03"}},{"type":"Feature","geometry":{"type":"Polygon","coordinates":[[[30.525160101157894,1.3782525007524669],[30.51562453194674,1.3832795059445857],[30.51376647144565,1.3841106297019792],[30.507451187422532,1.3869355027713937],[30.49836969310701,1.3928764853616826],[30.493374871053618,1.3956184706161139],[30.488380049000227,1.3997314462494046],[30.478844480688394,1.4052153996711354],[30.475211883321947,1.4084143664300086],[30.468880832384684,1.4128766270548567],[30.468877604717875,1.412877636993528],[30.468878346658528,1.412878378934181],[30.468873458843234,1.412878934715252],[30.46151246203067,1.412291638748286],[30.45986376639985,1.4166410578387172],[30.450206795007773,1.4218220746291763],[30.440980741867918,1.4295360103787402],[30.43472504062828,1.4372830708571769],[30.426896863999218,1.4424840400066046],[30.421811877716152,1.4477150860824963],[30.40343501231615,1.4487049716572642],[30.38427946712386,1.451844348438101],[30.378218075204188,1.450988211836659],[30.36893145812047,1.4509724979825478],[30.351500835095635,1.4485127046977482],[30.351747152209498,1.4502369190986997],[30.359599373112758,1.4637998457864114],[30.374589977145888,1.4859288329494689],[30.381025470848954,1.4878216261672605],[30.38672522828682,1.4894980254136954],[30.403857347438816,1.496636407644246],[30.41599259768043,1.5059163049936615],[30.42313097991098,1.5223345863722102],[30.428127847921985,1.5373251904053973],[30.433838554605757,1.5437497348625584],[30.440976937735627,1.5501742793197195],[30.44454612930059,1.5587403388956886],[30.45097067375775,1.5608818540144966],[30.460964409779876,1.5687340749177565],[30.462392086225975,1.5794416487132708],[30.468816630683136,1.5865800318431411],[30.479524205377913,1.594432252746401],[30.488036111377596,1.5937229277710685],[30.488636701123028,1.593672878700545],[30.49665632363059,1.593004577199622],[30.508077736998132,1.592290737627593],[30.515216120128002,1.592290737627593],[30.52378217880465,1.592290737627593],[30.534489752600166,1.592290737627593],[30.543769650848844,1.5937184149730115],[30.55376338687097,1.5980014452106843],[30.563043285119704,1.6037121509951362],[30.56804015313071,1.6065675038873337],[30.57446469758787,1.613705887017261],[30.588027625174902,1.619416592801656],[30.59516600830483,1.6294103288237807],[30.605159744326897,1.636548711953651],[30.610123011867643,1.6464752488338377],[30.610968052633666,1.6481653303658845],[30.612298126557448,1.6508254782133918],[30.62586105414448,1.6643884049011035],[30.63228559860164,1.6750959795959375],[30.645134688415283,1.6872312307368702],[30.657269938656896,1.6908004223018338],[30.66726367467902,1.7043633498888653],[30.692248014734275,1.720067791695385],[30.697067749577172,1.7159895550740885],[30.700778850563665,1.7151838497550216],[30.701527912982954,1.7122155707921252],[30.7028055708206,1.701355473776232],[30.709161563555483,1.6946956828596171],[30.713337015990646,1.690808592642611],[30.71975763400775,1.6846937189401388],[30.72434378973429,1.6788845877536573],[30.728929946360097,1.6727697131519221],[30.736879283252506,1.6675720696954386],[30.74146543897899,1.6639031451142046],[30.75063775043202,1.6461700090388263],[30.76653642421678,1.6360804673398661],[30.774485761109133,1.6287426172781352],[30.782435098001542,1.6180415869498574],[30.79313612832982,1.6082577877668314],[30.80261418319816,1.6006141942897898],[30.808117570969273,1.5954165508333062],[30.814538188986376,1.589301677130834],[30.816678394692303,1.5865499827956455],[30.818947365328825,1.5849975299122434],[30.812953486414415,1.582999523209594],[30.799953799728257,1.5729995297047026],[30.700956132119984,1.495999570723768],[30.69995615525255,1.493999572922121],[30.65795710793435,1.444999593956254],[30.632497675827267,1.4110276074383137],[30.620824933424103,1.3908366161170989],[30.605212272828282,1.3577386276357402],[30.600011801003973,1.348378097071702],[30.60001176503107,1.3483780997696613],[30.594633529613873,1.3485472550519262],[30.581465363935536,1.3549453387565222],[30.576016466986516,1.3595153894238479],[30.561940150617602,1.3654564403626068],[30.55694533036285,1.368655461980154],[30.536966042149288,1.3750534926247724],[30.525160101157894,1.3782525007524669]]]},"properties":{"nom":"Tchomia","province":"Ituri","zscode":"CD5405ZS13"}},{"type":"Feature","geometry":{"type":"Polygon","coordinates":[[[30.65001668332343,2.1374012062008774],[30.65855039968136,2.1344750613751557],[30.664013399798705,2.1370621186220546],[30.681852479608438,2.1377110442294907],[30.699207468749876,2.140424630692337],[30.71638661075366,2.1295645669513874],[30.730212792386624,2.131596361183256],[30.73792622901243,2.134629992979967],[30.745562820368036,2.1428014579211094],[30.747065094678533,2.1437822396587762],[30.747971283048457,2.144373857767505],[30.766418758718885,2.1564175102600416],[30.770849867727406,2.15652029287736],[30.78029761094615,2.1550245548394855],[30.81204041103632,2.145475508388188],[30.822101849820683,2.1399963159773847],[30.828347841080188,2.1304311563729357],[30.833360326717866,2.12883365914621],[30.83532643266892,2.1288786414363017],[30.8392883150039,2.1289692850046436],[30.843334278554266,2.1290618531222094],[30.848919232137007,2.1263355943123656],[30.852775819148917,2.12267241999632],[30.853408281766974,2.1220716737689145],[30.86242079718221,2.1135111117485508],[30.870756681575756,2.1119900011378263],[30.870773689554312,2.1122764810749004],[30.871198126392585,2.11942530713236],[30.87486840625212,2.125443481231855],[30.88380277777611,2.1288523848298837],[30.88426156511929,2.13514609411709],[30.886840826143384,2.147771302203978],[30.894563196634408,2.150232606349846],[30.90179224311771,2.148685829087924],[30.911889125982555,2.1409230736410905],[30.919205758339217,2.129494120357549],[30.918317503350238,2.119367905204797],[30.916649460604276,2.112455082835993],[30.91618516401428,2.1105309050773826],[30.91618538794546,2.110530591214001],[30.90737520020548,2.0739945799860493],[30.913047719876545,2.06555782223586],[30.91639746607035,2.062555205358592],[30.91972656113205,2.059571092931776],[30.92485104024348,2.0549776347102124],[30.932713800301826,2.0483048449927423],[30.940039799996953,2.0404772897952625],[30.946075239281015,2.0332269527618223],[30.950769599637454,2.027587622570877],[30.96485339207055,2.0026942273568693],[30.960811440395844,1.9950650778911836],[30.95446931970349,1.9887920952791092],[30.939708239743652,1.9782929969244378],[30.936167702377702,1.9741480485937473],[30.934962696271555,1.9727373333614082],[30.92365836024527,1.9595031403578105],[30.915828359791135,1.9421771588489491],[30.914959818840714,1.935920979170021],[30.913908288336984,1.928361283446634],[30.914418269587657,1.9255073946507082],[30.837121964207427,1.965027251206834],[30.807854593914556,2.0114267397523804],[30.807140756141166,2.018565121982931],[30.80571307879569,2.0257035051128582],[30.80571307879569,2.0328418882427286],[30.795005505000233,2.0435494629375057],[30.788580961442392,2.045690977157051],[30.77430419518265,2.045690977157051],[30.765738134707306,2.045690977157051],[30.755744398685238,2.045690977157051],[30.751461370246204,2.0514016838408224],[30.745750662663113,2.0613954198628903],[30.73932611910527,2.06210925763628],[30.73290157374879,2.0635369349816983],[30.72647702929163,2.060681581190181],[30.71791096971566,2.052115521614212],[30.706489557247437,2.052829360286921],[30.693640468333115,2.05425703673302],[30.687929761649343,2.064964611427854],[30.67722218785383,2.0635369349816983],[30.665086936712896,2.052829360286921],[30.65937623002918,2.0449771393836613],[30.65509320069083,2.037124917581025],[30.65219900428076,2.0355813482008216],[30.64928257123387,2.0340259167628005],[30.648831577415535,2.0337853867863487],[30.644385625995994,2.031414211796573],[30.63225037485506,2.0321280495700194],[30.6243981539518,2.024989667339412],[30.61154906503748,2.0221343144472144],[30.600841491241965,2.0199927993284064],[30.597415067051884,2.01313995094813],[30.59727229877774,2.012854416198536],[30.578712504078965,2.024989667339412],[30.569432605830286,2.0285588589043755],[30.556583516915964,2.0328418882427286],[30.548017457339938,2.037124917581025],[30.54607247736311,2.0361743215878505],[30.54444826577503,2.0446202200473067],[30.53945139776397,2.0567554711881826],[30.536841039982164,2.060671010558849],[30.536750355045,2.0608070393136018],[30.53659560240527,2.0610391687228002],[30.533740691979517,2.065321529864889],[30.527316146623036,2.074601428113567],[30.523033117284683,2.0838813263623024],[30.52446079373084,2.097444253050014],[30.523033117284683,2.1081518277447913],[30.523033117284683,2.1167178873208172],[30.518750087047067,2.123856269551368],[30.503991923588558,2.138614444701034],[30.501617968794392,2.140988388703363],[30.497789519770663,2.1486170147636017],[30.497960503374713,2.1487500002124875],[30.50618544020608,2.1551470865689453],[30.51135252020282,2.164171028770113],[30.512624554579702,2.1736132465542255],[30.52541124043654,2.1845609672150204],[30.532510080376085,2.1915780551832427],[30.539705039855846,2.1923148445545735],[30.547541519925346,2.187355415320326],[30.554858879833603,2.1800994925976624],[30.56489459980611,2.1763328413877048],[30.57715547994161,2.1720464018201255],[30.593678215777175,2.1631128001158118],[30.595486604923053,2.1621350284090113],[30.597598547635016,2.1609931268314995],[30.609575279775527,2.154517440627558],[30.633463439786055,2.148978125840017],[30.639128040027174,2.143204652772681],[30.64751891976249,2.1382576683568573],[30.65001668332343,2.1374012062008774]]]},"properties":{"nom":"Rethy","province":"Ituri","zscode":"CD5405ZS12"}},{"type":"Feature","geometry":{"type":"Polygon","coordinates":[[[29.946733152912827,1.622004257090964],[29.969575977849274,1.5963060792623196],[29.983852744109015,1.579887797883714],[30.0016987010344,1.5627556787317758],[30.02454152597079,1.5563311351739344],[30.063088793613076,1.5399128537953288],[30.079507074092362,1.5249222497621986],[30.08523932493506,1.5196199180249437],[30.085963449154008,1.5189501038643698],[30.08879289617539,1.5163328653695771],[30.108060605712524,1.4985102332608449],[30.13161726932168,1.482091952781559],[30.148035549800966,1.464959833629564],[30.153975455003433,1.4613958923067685],[30.15377599976273,1.4586840046632688],[30.115942569893832,1.4287027965969514],[30.113709160249698,1.4252410110639744],[30.11048400972942,1.4202420287467703],[30.10166580543273,1.4065738103332137],[30.09452742230286,1.3794479551591508],[30.090244392065188,1.3458975564272464],[30.075253788032057,1.3473252319740254],[30.065260052009933,1.3380453346246668],[30.0516971244229,1.3430422026357292],[30.03028197593261,1.3573189679961501],[30.007439150096843,1.3601743217876674],[29.98673784027926,1.3587466453415686],[29.98673784027926,1.346611394200636],[29.985310163833162,1.3287654372752513],[29.97103339757342,1.3187717012531834],[29.97058122384459,1.3189654898656045],[29.95104592642855,1.3273377599298328],[29.945367418171998,1.3316534256652517],[29.944687433578338,1.3321702138844103],[29.94440680463049,1.3323834917049453],[29.933199967704525,1.340900688416184],[29.909643304994688,1.378020278713052],[29.892511185842693,1.3958662356384366],[29.85610543331927,1.42227825303911],[29.834690284828923,1.4394103721911051],[29.832929780085465,1.4379013682536765],[29.828750000112564,1.4345833330545474],[29.823749999762867,1.428750000212517],[29.820416667095685,1.4295833327047944],[29.816250000137586,1.4345833330545474],[29.816250000137586,1.4395833334043004],[29.81208333317943,1.4454166671456505],[29.81208333317943,1.44958333320443],[29.8104166672955,1.451249999987681],[29.80791666712065,1.451249999987681],[29.805416666945803,1.44958333320443],[29.805416666945803,1.4479166673204986],[29.80041666659605,1.4429166669707456],[29.7987499998128,1.4462499996379279],[29.7987499998128,1.448749999812776],[29.797083333029548,1.450416666596027],[29.795416667145616,1.450416666596027],[29.791250000187517,1.4545833326548632],[29.789583333404266,1.457916667120628],[29.787916666621015,1.4587499996129623],[29.78708333322942,1.4595833330045593],[29.786249999837764,1.460416667295533],[29.772916667370453,1.460416667295533],[29.76958333290463,1.456250000337434],[29.76958333290463,1.452916666770932],[29.7637500000626,1.448749999812776],[29.7595833331045,1.4462499996379279],[29.755416667045722,1.4462499996379279],[29.75375000026247,1.4470833330295818],[29.751250000087623,1.4462499996379279],[29.748749999912718,1.4437500003623995],[29.747083333129467,1.4437500003623995],[29.739583332604866,1.4354166673454642],[29.739583332604866,1.4420833326798288],[29.737916666720935,1.4420833326798288],[29.733749999762836,1.4387500000126465],[29.732083332979585,1.4387500000126465],[29.729583332804737,1.4362499998377984],[29.72893505920581,1.4360879312131942],[29.726594712975782,1.4355028448805456],[29.726250000137554,1.4354166673454642],[29.72484062309644,1.4366170176613764],[29.724591738418155,1.4376276829713674],[29.72440220269965,1.4383973389661833],[29.724203644083047,1.4392036441330447],[29.724160570154368,1.4393785559757362],[29.724168558832105,1.4437480092634019],[29.72611277618381,1.449943603414738],[29.726457588846813,1.4510424112784222],[29.726804007698945,1.4521463335865974],[29.727846675383944,1.4554689652207458],[29.735412427141966,1.4701730002839213],[29.737648129158003,1.4781812166899613],[29.743690619126937,1.4998250879576176],[29.746893534808976,1.5016579701393766],[29.747129335250804,1.5064879959244308],[29.7533033285859,1.5090060598819264],[29.75467852689269,1.5110729771363367],[29.75377852765712,1.517974033674875],[29.757673978871196,1.5246360333264306],[29.756540444585994,1.5290079678435973],[29.760891400617822,1.5347490428342212],[29.768933291238568,1.5581922497726737],[29.768814218301713,1.5617342521342152],[29.768781338188376,1.5627123071274127],[29.768716785751224,1.5646325161778236],[29.77807995582549,1.5625452832383644],[29.779837824656056,1.5630615138779262],[29.780842951940826,1.563356689359864],[29.78196811533644,1.563687113769447],[29.789984350997145,1.5747095330186767],[29.78998739969893,1.5747109197732811],[29.789988132646386,1.5747129504424606],[29.803357328278253,1.584071330727511],[29.8035852839339,1.5842308992367862],[29.80440131616797,1.5848021162248642],[29.817668004375093,1.5912157878784683],[29.820795793391312,1.5904454034327955],[29.823537622163713,1.5897700809246658],[29.83657880087111,1.586557993057113],[29.850816425937467,1.586304502950611],[29.86771566204834,1.582392300964102],[29.89053498590107,1.5774971768533987],[29.89753638159891,1.5802993132628558],[29.90196840791583,1.5820729867790533],[29.904047405763322,1.5921881069957067],[29.911227769246295,1.6070879316628748],[29.91122811368666,1.6070878606164456],[29.911249999587994,1.607083333429273],[29.911249999587994,1.6071332979635145],[29.912003072084246,1.6086967423609053],[29.912887308902327,1.6105324915814094],[29.913526803319485,1.6118601364362917],[29.91624999993769,1.6175137136871172],[29.9164345219358,1.6178967969997302],[29.916668271923356,1.618382080168999],[29.917362351591407,1.6232100321174698],[29.919244908725716,1.6257703830968921],[29.920147453042716,1.6269978776500693],[29.92057030887281,1.627572977910745],[29.921011903876433,1.629583342197634],[29.921322089043315,1.6309954603723327],[29.922186345623516,1.634929988928036],[29.930671176633666,1.6496320382880754],[29.93433419176972,1.6528441441420796],[29.93602557821805,1.6529325340093806],[29.93602557821805,1.6528480202201195],[29.93602557821805,1.646988597146219],[29.946733152912827,1.622004257090964]]]},"properties":{"nom":"Nyakunde","province":"Ituri","zscode":"CD5402ZS05"}},{"type":"Feature","geometry":{"type":"Polygon","coordinates":[[[30.34389493040686,1.8371372710683431],[30.355316342875085,1.8185774763696259],[30.359599373112758,1.8000176798722123],[30.361378029772425,1.796714460104397],[30.361705663585667,1.7951337379318488],[30.362916667270554,1.7951337379318488],[30.362916667270554,1.795416667345478],[30.364583333154485,1.795416667345478],[30.365416667445402,1.794583333054561],[30.365416667445402,1.789583332704808],[30.367083333329333,1.7879166668208768],[30.372083332779766,1.7879166668208768],[30.372916667070683,1.7870833334292797],[30.372916667070683,1.7845833332543748],[30.372083332779766,1.7837499998627777],[30.374583332954614,1.7812499996878728],[30.378749999912714,1.7820833330795267],[30.380416666695965,1.7804166671955954],[30.380416666695965,1.7787500004123444],[30.3887499997129,1.7712499998877433],[30.38808613186967,1.7706163078964323],[30.39424958694906,1.7641593545707224],[30.398860479427753,1.7593288980103807],[30.40200093899233,1.7511637004445788],[30.40441757111421,1.7487778197407238],[30.403338833420605,1.7476851767297035],[30.405998861658304,1.7407691024122869],[30.410281890996657,1.7300615277175098],[30.418847950572626,1.7229231445876394],[30.403143507866787,1.7065048641083536],[30.386011388714792,1.697224966758995],[30.3738761393725,1.6915142600752233],[30.362454726004955,1.6850897156180622],[30.352460989982887,1.678665171160901],[30.34460876907957,1.6736683031498387],[30.338898062395856,1.6672437586926776],[30.327476649927632,1.6608192142355165],[30.320933132358334,1.6575474545515476],[30.31953855186282,1.6568501652031387],[30.31846723897206,1.6618083416817626],[30.313136137023264,1.666618181284207],[30.30320668004441,1.6722136938070662],[30.290924887074027,1.6713552153710793],[30.279402580564806,1.6696944958044924],[30.270969394022472,1.6704632605711822],[30.270056184645398,1.6711402504223543],[30.27322493957945,1.6793790089342906],[30.276794131144413,1.6872312307368702],[30.27464949537807,1.692324681439061],[30.27447566901708,1.6928189218559169],[30.27382776773743,1.6946611012289736],[30.273602508249326,1.694811336574105],[30.27108342535996,1.7007941583239017],[30.268941910241153,1.7015079960972912],[30.268941910241153,1.7079325405544523],[30.267765030431974,1.7161707073124717],[30.267449377387038,1.7182992038453335],[30.26465888000348,1.7343445579551258],[30.26465888000348,1.7464798090960585],[30.25894817421903,1.7564735451181832],[30.25894817421903,1.7671811189136406],[30.253237468434577,1.7857409136124147],[30.252523629761868,1.7900239438500876],[30.254300596595442,1.795799089656441],[30.254322236981807,1.7958694166404143],[30.255378982654065,1.7993038420988228],[30.25966201199242,1.8071560630020826],[30.25894817421903,1.8150082839053425],[30.254726357235768,1.8199337376520361],[30.252916666770943,1.821249999787824],[30.26394504223009,1.8228605048086024],[30.27322493957945,1.8278573728196648],[30.282504837828185,1.8357095946222444],[30.300350794753513,1.8342819181761456],[30.30820301565683,1.8228605048086024],[30.31462756101331,1.831426565283948],[30.324621297035378,1.8378511097411092],[30.34389493040686,1.8371372710683431]]]},"properties":{"nom":"Nizi","province":"Ituri","zscode":"CD5405ZS11"}},{"type":"Feature","geometry":{"type":"Polygon","coordinates":[[[30.247491538004226,2.028201938668701],[30.253916081562068,2.0274881008953116],[30.27247587805948,2.031057293359538],[30.284611129200414,2.0239189102296677],[30.296746380341347,2.0146390119809894],[30.30888163058296,2.001789923066667],[30.31602001371283,1.990368509699124],[30.322289322594315,1.9884877170346726],[30.323749999662937,1.9837500003623632],[30.322083332879686,1.981250000187515],[30.322083332879686,1.979583333404264],[30.320416666995754,1.977916666621013],[30.316250000037655,1.978750000012667],[30.31374999986275,1.9754166673454847],[30.312916667370473,1.974583333054511],[30.31374999986275,1.9729166671706366],[30.312916667370473,1.9712500003873856],[30.314583333254404,1.9687500002124807],[30.310416667195625,1.9670833334292297],[30.30958333290465,1.9645833332543816],[30.307083332729803,1.9654166666460355],[30.305416666845872,1.9645833332543816],[30.307083332729803,1.9595833329046286],[30.30375000006262,1.9554166668458492],[30.299583333104522,1.9504166673954728],[30.298749999712868,1.942083332579898],[30.30208333327937,1.9395833333043697],[30.302916666670967,1.9370833331294648],[30.30208333327937,1.9329166670706854],[30.299583333104522,1.9320833327797686],[30.295416667045686,1.9262499999376814],[30.29791666722059,1.922916667270556],[30.29791666722059,1.917916666920803],[30.298749999712868,1.9062500003374225],[30.297083332929617,1.9045833326548518],[30.29458333275477,1.9045833326548518],[30.28874999991274,1.9054166669457686],[30.28458333295464,1.9004166665960724],[30.281250000287457,1.8987499998128214],[30.279583332604886,1.8995833332044185],[30.278750000112552,1.8987499998128214],[30.272083332979605,1.8995833332044185],[30.270416667095674,1.9020833333792666],[30.267916666920826,1.9020833333792666],[30.266250000137575,1.9037500001625176],[30.26541666674592,1.9054166669457686],[30.266250000137575,1.9087499996129509],[30.26374999996267,1.911249999787799],[30.260416667295544,1.911249999787799],[30.251249999987692,1.917916666920803],[30.24958333320444,1.9170833326298862],[30.24624999963794,1.91291666657105],[30.245416667145662,1.911249999787799],[30.24208333267984,1.909583333004548],[30.242916666970757,1.9079166671206735],[30.24208333267984,1.8995833332044185],[30.24458333285469,1.8962499996379165],[30.24375000036241,1.89125000018754],[30.24624999963794,1.8904166667958862],[30.249839661571286,1.8862287272741014],[30.250698355844634,1.8852269175883407],[30.25625000033739,1.8787500002125057],[30.257083332829723,1.8720833330795017],[30.258749999612974,1.8704166671955704],[30.25791666712064,1.8687500004123763],[30.257336661957538,1.8565699243627023],[30.257320788923437,1.8562365816530928],[30.257083332829723,1.8512500000875889],[30.25041666659604,1.8445833329546417],[30.248749999812787,1.8420833327797368],[30.251249999987692,1.8395833326048887],[30.25208333337929,1.8337499997628584],[30.254583332654818,1.8312499995879534],[30.254583332654818,1.8295833328047024],[30.252916666770943,1.827916666920828],[30.252916666770943,1.821249999787824],[30.254726357235768,1.8199337376520361],[30.25894817421903,1.8150082839053425],[30.25966201199242,1.8071560630020826],[30.255378982654065,1.7993038420988228],[30.254322236981807,1.7958694166404143],[30.254300596595442,1.795799089656441],[30.252523629761868,1.7900239438500876],[30.253237468434577,1.7857409136124147],[30.25894817421903,1.7671811189136406],[30.25894817421903,1.7564735451181832],[30.26465888000348,1.7464798090960585],[30.26465888000348,1.7343445579551258],[30.267449377387038,1.7182992038453335],[30.267765030431974,1.7161707073124717],[30.268941910241153,1.7079325405544523],[30.268941910241153,1.7015079960972912],[30.27108342535996,1.7007941583239017],[30.273602508249326,1.694811336574105],[30.27382776773743,1.6946611012289736],[30.27447566901708,1.6928189218559169],[30.27464949537807,1.692324681439061],[30.276794131144413,1.6872312307368702],[30.27322493957945,1.6793790089342906],[30.270056184645398,1.6711402504223543],[30.261570142248445,1.6774311879991046],[30.26115074341226,1.679247545138253],[30.261150562648538,1.6792483248504482],[30.260987637869334,1.6799539302298854],[30.257969488801052,1.693025052764142],[30.257680809122235,1.6931865089503617],[30.257529445127943,1.6932711639332183],[30.246649695227404,1.6993559490180132],[30.23668168071515,1.7001183600744412],[30.223644675761363,1.7008674368828451],[30.2137164679408,1.704025402650359],[30.20963591556523,1.7007620768085872],[30.20507884121571,1.6993316826112164],[30.202771804974986,1.701145082779533],[30.20247942908253,1.7068878736765782],[30.187558178067604,1.69748790604217],[30.178293276913337,1.6901998289591234],[30.169053528897393,1.686132296068763],[30.159840404411284,1.6852871680684984],[30.14453359964608,1.6900537242001974],[30.138441327705266,1.6956658885700904],[30.133438705831793,1.698877843337982],[30.12729184324411,1.7028244551846115],[30.12958924684642,1.7200022580979066],[30.140296822440575,1.72178685388036],[30.14921979955426,1.7205971236584787],[30.152194125558594,1.7241663152234423],[30.158737644027212,1.7354687545795286],[30.16409143137463,1.743202003269971],[30.167065757378964,1.7509352510611507],[30.168255487600845,1.7604530946347836],[30.168255487600845,1.7723503986521223],[30.171824679165752,1.777109321338287],[30.176583600952597,1.7836528389075283],[30.17955792695693,1.797334739606697],[30.177467845864555,1.8028212030362738],[30.174799006069463,1.8098269100839843],[30.168255487600845,1.8306471930137036],[30.166353244306947,1.8379391290877152],[30.166275012282142,1.838239018815841],[30.16468629603588,1.8443290937128722],[30.162306834692856,1.856226397730211],[30.15635818268413,1.8722877597724619],[30.148684421449047,1.8787717907856631],[30.15231309867073,1.882400468906667],[30.15564434491074,1.8932270158143183],[30.157309966681794,1.9065519980763952],[30.15897559025143,1.9232082238805788],[30.16147402380733,1.9348675825730197],[30.163972458262492,1.9456941312793106],[30.16147402380733,1.9665144142090298],[30.163139647376966,1.9790065837869975],[30.163075757740216,1.980028803586606],[30.163015608383773,1.9809912076782439],[30.162892714227553,1.9829575042855367],[30.162306834692856,1.9923315651497546],[30.163258619589783,1.9939377021634073],[30.164672876352313,1.9948805397053206],[30.16532051233196,1.995312297025066],[30.171824679165752,1.9996484079478023],[30.175393870730716,2.0089283061965375],[30.17967690006907,2.0196358799920517],[30.186464427091778,2.0227685847025896],[30.186843372623684,2.022943483055485],[30.188956798317747,2.0239189102296677],[30.1932398276561,2.0296296160141196],[30.203233563678168,2.031057293359538],[30.20965810903465,2.0374818369173795],[30.226076388614615,2.038195674690769],[30.234642449089904,2.0339126462517925],[30.247491538004226,2.028201938668701]]]},"properties":{"nom":"Bambu","province":"Ituri","zscode":"CD5405ZS01"}},{"type":"Feature","geometry":{"type":"Polygon","coordinates":[[[30.168255487600845,1.8306471930137036],[30.174799006069463,1.8098269100839843],[30.177467845864555,1.8028212030362738],[30.17955792695693,1.797334739606697],[30.176583600952597,1.7836528389075283],[30.171824679165752,1.777109321338287],[30.168255487600845,1.7723503986521223],[30.168255487600845,1.7604530946347836],[30.167065757378964,1.7509352510611507],[30.16409143137463,1.743202003269971],[30.158737644027212,1.7354687545795286],[30.152194125558594,1.7241663152234423],[30.14921979955426,1.7205971236584787],[30.140296822440575,1.72178685388036],[30.12958924684642,1.7200022580979066],[30.12729184324411,1.7028244551846115],[30.1240506092484,1.696293001121262],[30.123719818814777,1.695626420023416],[30.122817933700844,1.6938090142747342],[30.111566261973564,1.681052431424746],[30.11049111077631,1.6798334723370658],[30.09639687991222,1.6638540115535534],[30.090830931702328,1.650227073820588],[30.08088775736428,1.6397690421077868],[30.06905170617148,1.6542849515894318],[30.05912977022291,1.6606859499967754],[30.036878943808347,1.6605897468195394],[30.015356394682044,1.6556635223538478],[30.00075879078571,1.6531838288707945],[29.990875734327858,1.664418265091001],[29.997957638234595,1.686197489722531],[30.018558894877287,1.7044560466094367],[30.018558924554895,1.7044560726897657],[30.033558230428184,1.7177495930694135],[30.038142904071947,1.7218128712671614],[30.03820806355145,1.7298679684321314],[30.029813964243203,1.73547010626055],[30.020665665588183,1.742679702206658],[29.999998876247332,1.7450898286328425],[29.999998830381855,1.7459157309264128],[29.99999876832868,1.747023958289219],[29.999998509323916,1.7516687561083586],[29.999998461659857,1.752511393885868],[29.9999980974344,1.759053082234118],[29.98917939081639,1.7606019926879526],[29.98691663719319,1.7714186578449471],[29.98785894323578,1.7745256095693662],[29.988183251356133,1.7755949088780767],[29.98836358431214,1.776189500145449],[29.98841781073355,1.7763682961601148],[29.988947236226124,1.7781139027345603],[29.989217191120645,1.779003989642547],[29.991661667152357,1.7796736329319742],[29.99250858390417,1.780042923342421],[29.99291666657109,1.7820833330795267],[29.996250000137536,1.7854166666460287],[29.99708333262987,1.7912500003873788],[29.99958333280472,1.7920833328796562],[30.003749999762817,1.7904166669957249],[30.007916666720973,1.7904166669957249],[30.009583332604905,1.7912500003873788],[30.011250000287475,1.7904166669957249],[30.012083332779753,1.7912500003873788],[30.012083332779753,1.7937499996629072],[30.013749999563004,1.796249999837812],[30.01291666707067,1.7995833334042572],[30.0145833329546,1.8020833326798424],[30.013749999563004,1.8045833328546905],[30.01291666707067,1.8054166671456073],[30.013749999563004,1.8062499996379415],[30.013749999563004,1.8087499998127896],[30.011250000287475,1.8129166667708887],[30.01291666707067,1.81458333265482],[30.015416667245574,1.8137500001625426],[30.016249999737852,1.81458333265482],[30.015416667245574,1.8162500003373907],[30.017916667420423,1.818749999612976],[30.02041666669595,1.818749999612976],[30.022083332579882,1.8204166672955466],[30.022083332579882,1.822916666571075],[30.021250000087605,1.823749999962672],[30.022083332579882,1.826250000137577],[30.024583332754787,1.826250000137577],[30.030416667395457,1.8320833329796073],[30.032083333279388,1.8320833329796073],[30.03791666702074,1.8320833329796073],[30.040416667195586,1.8345833331544554],[30.040416667195586,1.8370833333293035],[30.042083333079518,1.8387500001125545],[30.04541666664602,1.8387500001125545],[30.046250000037617,1.8395833326048887],[30.045706862581824,1.8433852911983877],[30.04683299544655,1.845203894844019],[30.055706983790458,1.847422392829344],[30.064867908927,1.847422392829344],[30.086521003641565,1.8490880146003406],[30.103177231244388,1.8524192608403496],[30.115669400822355,1.8582489397369386],[30.129827193070696,1.863245807748001],[30.143152175332773,1.8732395437700688],[30.148684421449047,1.8787717907856631],[30.15635818268413,1.8722877597724619],[30.162306834692856,1.856226397730211],[30.16468629603588,1.8443290937128722],[30.166275012282142,1.838239018815841],[30.166353244306947,1.8379391290877152],[30.168255487600845,1.8306471930137036]]]},"properties":{"nom":"Kilo","province":"Ituri","zscode":"CD5405ZS06"}},{"type":"Feature","geometry":{"type":"Polygon","coordinates":[[[29.897286194702303,2.090303079323803],[29.906633755243774,2.091436113585928],[29.92245717106175,2.071448642441055],[29.93744777509488,2.087272058259032],[29.93968680999842,2.085808072584655],[29.959100868910127,2.0731142651114283],[29.969298825680426,2.074913903853769],[29.97173597133815,2.075343988434497],[29.98741645520539,2.078111133122434],[30.00157424835305,2.0822751902479695],[30.00764187257454,2.0822751902479695],[30.01478025570441,2.0822751902479695],[30.014899228816546,2.0822751902479695],[30.034053889975212,2.0906033027004014],[30.044880436882806,2.0906033027004014],[30.048057646343466,2.0890146988693914],[30.048369471873798,2.088858786104254],[30.049815167136444,2.0881359380232993],[30.05487417290493,2.085606434689396],[30.064867908927,2.078111133122434],[30.07236321139328,2.0631205290893035],[30.09318349522232,2.044798679715484],[30.10817409925545,2.0406346225899483],[30.12316470328858,2.0381361890340486],[30.1373224946376,2.0381361890340486],[30.145650608888673,2.0364705663637324],[30.15564434491074,2.0273096412271343],[30.16147402380733,2.006489358297415],[30.162080582353155,1.9961778819038614],[30.163258619589783,1.9939377021634073],[30.162306834692856,1.9923315651497546],[30.162892714227553,1.9829575042855367],[30.163015608383773,1.9809912076782439],[30.163075757740216,1.980028803586606],[30.163139647376966,1.9790065837869975],[30.16147402380733,1.9665144142090298],[30.163972458262492,1.9456941312793106],[30.16147402380733,1.9348675825730197],[30.15897559025143,1.9232082238805788],[30.157309966681794,1.9065519980763952],[30.15564434491074,1.8932270158143183],[30.15231309867073,1.882400468906667],[30.148684421449047,1.8787717907856631],[30.143152175332773,1.8732395437700688],[30.129827193070696,1.863245807748001],[30.115669400822355,1.8582489397369386],[30.103177231244388,1.8524192608403496],[30.086521003641565,1.8490880146003406],[30.064867908927,1.847422392829344],[30.055706983790458,1.847422392829344],[30.04683299544655,1.845203894844019],[30.045706862581824,1.8433852911983877],[30.046250000037617,1.8395833326048887],[30.04541666664602,1.8387500001125545],[30.042083333079518,1.8387500001125545],[30.040416667195586,1.8370833333293035],[30.040416667195586,1.8345833331544554],[30.03791666702074,1.8320833329796073],[30.032083333279388,1.8320833329796073],[30.030416667395457,1.8320833329796073],[30.024583332754787,1.826250000137577],[30.022083332579882,1.826250000137577],[30.021250000087605,1.823749999962672],[30.022083332579882,1.822916666571075],[30.022083332579882,1.8204166672955466],[30.02041666669595,1.818749999612976],[30.017916667420423,1.818749999612976],[30.015416667245574,1.8162500003373907],[30.016249999737852,1.81458333265482],[30.015416667245574,1.8137500001625426],[30.01291666707067,1.81458333265482],[30.011250000287475,1.8129166667708887],[30.013749999563004,1.8087499998127896],[30.013749999563004,1.8062499996379415],[30.01291666707067,1.8054166671456073],[30.013749999563004,1.8045833328546905],[30.0145833329546,1.8020833326798424],[30.01291666707067,1.7995833334042572],[30.013749999563004,1.796249999837812],[30.012083332779753,1.7937499996629072],[30.012083332779753,1.7912500003873788],[30.011250000287475,1.7904166669957249],[30.009583332604905,1.7912500003873788],[30.007916666720973,1.7904166669957249],[30.003749999762817,1.7904166669957249],[29.99958333280472,1.7920833328796562],[29.99708333262987,1.7912500003873788],[29.996250000137536,1.7854166666460287],[29.99291666657109,1.7820833330795267],[29.99250858390417,1.780042923342421],[29.991661667152357,1.7796736329319742],[29.989217191120645,1.779003989642547],[29.978504739402354,1.7842805576017895],[29.975518938948028,1.7857428498527952],[29.975515508933768,1.7857529420447804],[29.974321143606062,1.7863412416551228],[29.96807733410185,1.7894167072154232],[29.962147277375095,1.7923376251814034],[29.955215589927718,1.795751900430048],[29.9514837181992,1.7975140266511858],[29.95144105795862,1.797534169666335],[29.945997081200517,1.8001047207563943],[29.940313414432694,1.8033620822944272],[29.94024554979245,1.803406603232304],[29.94013016767326,1.8034671024249747],[29.939065810139198,1.804180547194676],[29.899474695800734,1.8307186396536395],[29.886903149361046,1.837458052047623],[29.860680953663234,1.8565462353206499],[29.83869956233508,1.872289583597592],[29.812147447646737,1.8938330167804338],[29.785270778423865,1.9156395052590938],[29.728447161707322,1.9617426330162857],[29.728145098317782,1.9632069937079564],[29.7250750448776,1.9780901503403356],[29.716689572765745,1.9856851075817872],[29.708299061752484,1.9970029981899984],[29.717928691955763,1.9982276535835126],[29.721983941905535,2.0095921596505946],[29.71650849427175,2.016274064896322],[29.714695535670614,2.025019990680164],[29.70898666180517,2.029402121710689],[29.706707503648545,2.033087000265027],[29.69060292198742,2.0764257343603276],[29.68222161283734,2.08122785238362],[29.671759688858742,2.0767617255733626],[29.669659582124154,2.0809865759698596],[29.670066742086647,2.089355165108941],[29.664606986723243,2.1010853103389877],[29.65202787968309,2.113407565606849],[29.650336242323874,2.12553592614222],[29.623914068879344,2.1557858921053707],[29.623108093763676,2.1841655047344375],[29.6228404330397,2.187221165424603],[29.623023359640513,2.1871801779230395],[29.65599036006722,2.189398119227974],[29.663316359762348,2.1942170626674624],[29.670633359941746,2.193053074639863],[29.674522440358487,2.1948870351087635],[29.67595240198193,2.194244617894981],[29.676047659971687,2.1942018227560993],[29.680692480273933,2.192115114121407],[29.686876199776975,2.1967051423285966],[29.690307359796975,2.197619147605735],[29.69556228017524,2.1948481340343164],[29.702652480327856,2.1950651539338537],[29.71704852007332,2.189516985320779],[29.72209094773922,2.184821344329748],[29.722182219933643,2.1847363476045416],[29.726395888159857,2.180812455330738],[29.7346262398093,2.173148090212351],[29.741255280207156,2.1715241043540914],[29.74503063595523,2.169344645039473],[29.747652479878184,2.1678310923311983],[29.751753902820496,2.164233842817737],[29.75471133506022,2.161639956119245],[29.755366667437897,2.161065179614525],[29.75802059377554,2.1587374796511085],[29.765003399587386,2.152613011081769],[29.771620200212226,2.1445469835566087],[29.774725721115317,2.1338056815870914],[29.77548047984044,2.1311951250551147],[29.783703240312434,2.12519698875019],[29.786426280448666,2.114608022942093],[29.79486431973271,2.1026279866923687],[29.801260440217334,2.0991640886519463],[29.80879020020774,2.0915570661058496],[29.820440519814326,2.0857821163517656],[29.83369644043853,2.082995046284509],[29.839861439653873,2.0781510720145207],[29.848093199641596,2.078595052020205],[29.852663399596395,2.076745103403937],[29.868675479689784,2.0803931268415],[29.875293360400406,2.0746280408515645],[29.87872128016312,2.0734700863755506],[29.882141279596567,2.068402019937423],[29.886026400298306,2.06724297997971],[29.89514951973473,2.0557211546077383],[29.89720728009206,2.0561770299461273],[29.897684279605983,2.0660689887929493],[29.901813479908355,2.072961982909362],[29.896816319617642,2.0888470949176394],[29.897286194702303,2.090303079323803]]]},"properties":{"nom":"Mongbalu","province":"Ituri","zscode":"CD5405ZS10"}},{"type":"Feature","geometry":{"type":"Polygon","coordinates":[[[29.791250000187517,1.4545833326548632],[29.795416667145616,1.450416666596027],[29.797083333029548,1.450416666596027],[29.7987499998128,1.448749999812776],[29.7987499998128,1.4462499996379279],[29.80041666659605,1.4429166669707456],[29.805416666945803,1.4479166673204986],[29.805416666945803,1.44958333320443],[29.80791666712065,1.451249999987681],[29.8104166672955,1.451249999987681],[29.81208333317943,1.44958333320443],[29.81208333317943,1.4454166671456505],[29.816250000137586,1.4395833334043004],[29.816250000137586,1.4345833330545474],[29.820416667095685,1.4295833327047944],[29.823749999762867,1.428750000212517],[29.828750000112564,1.4345833330545474],[29.832929780085465,1.4379013682536765],[29.834690284828923,1.4394103721911051],[29.85610543331927,1.42227825303911],[29.892511185842693,1.3958662356384366],[29.909643304994688,1.378020278713052],[29.933199967704525,1.340900688416184],[29.94440680463049,1.3323834917049453],[29.944687433578338,1.3321702138844103],[29.945367418171998,1.3316534256652517],[29.95104592642855,1.3273377599298328],[29.97058122384459,1.3189654898656045],[29.97103339757342,1.3187717012531834],[29.967760046988758,1.315117260253544],[29.963135869724795,1.3143457930240743],[29.964293739664527,1.310581465662267],[29.96100991827325,1.306487733722122],[29.957595839976193,1.2988617300849228],[29.952919267310506,1.29050705165929],[29.952919267310506,1.2824189080063775],[29.956013050262243,1.2793618794473218],[29.959708706291906,1.2698212758313616],[29.953648348592594,1.2672005569602902],[29.952580480105212,1.261708658028283],[29.95101618225118,1.253663699820038],[29.951819759774253,1.2482218382673977],[29.947963977655604,1.243390916757562],[29.944910159676283,1.2395647798908271],[29.941851280312505,1.2372955763299274],[29.94142558802065,1.2317615828309272],[29.941736284901765,1.2201133010881335],[29.93618601906968,1.213420333281931],[29.93764667995049,1.2085778428933054],[29.93342003990307,1.2053300402492937],[29.930441040122048,1.2007377898173104],[29.9199422079667,1.1938322078902388],[29.917465782619956,1.1908459307952057],[29.911041238162795,1.1808521947731379],[29.90818588527054,1.1651477520672415],[29.906362729256728,1.1655364138745767],[29.904576547070178,1.1655364138745767],[29.902611746934724,1.1654465221394616],[29.899128693334717,1.164997060765927],[29.89708333282971,1.163289109704806],[29.89708333282971,1.1579166668208813],[29.897916667120683,1.1570833334292843],[29.89625000033743,1.1554166666460333],[29.89124999998768,1.1537499998627823],[29.884583332854675,1.1512499996878773],[29.880416666795895,1.147916667020752],[29.877916666621047,1.147916667020752],[29.877083333229393,1.1470833327297782],[29.876249999837796,1.1445833325549302],[29.877083333229393,1.142083333279345],[29.874583333054545,1.141249999887748],[29.87374999966289,1.1387499997128998],[29.871250000387363,1.1370833329296488],[29.867083333429264,1.1320833325798958],[29.864583333254416,1.1320833325798958],[29.863749999862762,1.1312500000876184],[29.864583333254416,1.1270833331294625],[29.859583332904663,1.1237499995630174],[29.85208333327938,1.1237499995630174],[29.85041666739545,1.1245833329546144],[29.849583333104476,1.1237499995630174],[29.848521895669137,1.1229333710783749],[29.853988559624497,1.1158279202225003],[29.855110319985442,1.1059397097499755],[29.86230435676083,1.0969139626094488],[29.867872320351466,1.0921192199262464],[29.86935624129768,1.0873526763850805],[29.868517322216803,1.0831580252228719],[29.864367676727056,1.0624098517334346],[29.864285311418143,1.0619980251888705],[29.859058947212816,1.0358662752086047],[29.856740453609234,1.0242738908275442],[29.85662584130972,1.0237008320279415],[29.84891957228058,0.9851697746655077],[29.81596682161171,0.9471473999327031],[29.75006144707828,0.9294035250528054],[29.701382344419812,0.8846727951135449],[29.701382321936762,0.884672775328454],[29.70138237139946,0.8846727798251095],[29.713287396096632,0.885939268982213],[29.71328744735797,0.8859392752775079],[29.71784682217327,0.8839129003602011],[29.721899447002045,0.8801133996138901],[29.723165946951042,0.8745410248485541],[29.728231696735577,0.871754524951541],[29.732514194574605,0.871560005190247],[29.732248935040502,0.8712795543081597],[29.72678723983944,0.8655050668055537],[29.723877883557634,0.8651780993899365],[29.714411160147108,0.8641141816243589],[29.704691159769368,0.8644072077266287],[29.695991040054594,0.8683264819817396],[29.690938304359406,0.8735691490971362],[29.690745639899546,0.8737768897917704],[29.690727952033512,0.8737874091617641],[29.688927488612876,0.8756555519623248],[29.685745868876893,0.8791619861369213],[29.685743768959924,0.8791634682196445],[29.68555298138517,0.8793745615869284],[29.685508311159822,0.8794239856285913],[29.68382841085264,0.8812826783531023],[29.682905112880803,0.8823042416476028],[29.681751717068266,0.8835833518903655],[29.681617930323398,0.8837299359879012],[29.681477865411352,0.8838833900065879],[29.668948919856916,0.8977457729492357],[29.66365043991601,0.9061209154480707],[29.65911983980891,0.907676856801686],[29.648530079899444,0.9015339988951041],[29.640873600036798,0.9010468874041067],[29.63672820024641,0.8953776133863016],[29.63398751990826,0.8861093163919804],[29.627353439709623,0.8816169860352261],[29.62616508005459,0.8735708569096801],[29.627912520346683,0.8635493929902509],[29.627489519725714,0.8563150881709589],[29.623194360331638,0.8534556388668193],[29.618749079806378,0.8534058991630786],[29.613835800182187,0.8545560232420257],[29.60796456001657,0.8585068439158476],[29.600136719733996,0.8612307689849672],[29.59086383979451,0.8607256323821844],[29.585950560170375,0.8618755729994518],[29.57252688001165,0.8709633571733661],[29.566719720139133,0.8737099811309008],[29.559786119833745,0.874837571796661],[29.547537119742458,0.8694793049261307],[29.537351640166207,0.8633408869725372],[29.52850427984879,0.8624387392565609],[29.52291095987306,0.8611712986166822],[29.520850319886506,0.8543203028398807],[29.521639799637228,0.8470994959451446],[29.528214840242867,0.8375335449372869],[29.52861740107238,0.832963130943881],[29.528773271569378,0.8311934666053844],[29.528865249731666,0.8301492080196908],[29.52923975980724,0.8258972610499313],[29.529228476013543,0.8247225683919623],[29.529215781183495,0.8234010263364553],[29.529138120228254,0.8153165672059686],[29.529130358179657,0.8145085488306449],[29.52911628019234,0.8130430468992813],[29.532308760141348,0.8062507147988072],[29.53686096016537,0.7887180169230987],[29.521141919664046,0.7898586072890339],[29.509635960131618,0.790211652346045],[29.494570679993046,0.8010244522168364],[29.49293746619128,0.8113036681299377],[29.491468199697806,0.8205510001287166],[29.48987572788269,0.8269314373360999],[29.488676715758004,0.8317354250499989],[29.486110320435102,0.8420179981322917],[29.48132123988347,0.8450140589518469],[29.475993377292696,0.8520530885793391],[29.47539924018298,0.8528380456394302],[29.474953816765378,0.853027675786791],[29.458057319989507,0.860221033574021],[29.454858360425135,0.8586171349729739],[29.451881519916356,0.851956079609522],[29.44708019959171,0.8473660316172413],[29.444782320248066,0.8372560150531854],[29.442037319566793,0.834042069186296],[29.42970228043606,0.8301541174187719],[29.41987824018878,0.8232731499360852],[29.41575623985875,0.8156950981503996],[29.413927439699762,0.81549307534533],[29.40959123974409,0.8150140640480004],[29.404562399934946,0.8099651441762035],[29.398628520190243,0.8115831198652472],[29.39799379937449,0.8128076259713453],[29.396124359751582,0.8164141573876122],[29.388897686579128,0.8187788203863988],[29.388365218680065,0.8189531018043681],[29.386741014286542,0.8208555123721339],[29.38266784084834,0.8256270012852269],[29.382667560259847,0.8256273304371007],[29.38193197957736,0.8285068813876251],[29.381929313087483,0.8285088347151373],[29.37926011626155,0.8389630820807383],[29.377690551078217,0.8401285396005846],[29.37769068237924,0.8401294056477013],[29.371507560026032,0.8447211002987274],[29.371505232580603,0.8447229726871797],[29.369688768422066,0.8525390624279225],[29.37043788030411,0.8547912930838493],[29.371751925611022,0.8587420139329538],[29.36767342908564,0.8630898070491071],[29.367650964920244,0.8631137541965472],[29.36765056472194,0.8631141813745558],[29.367649730151072,0.8631150708040423],[29.367650011638887,0.8631157929596611],[29.36765025355652,0.8631164125925466],[29.369711808153568,0.8683990986396566],[29.3683463908734,0.8709283267810406],[29.368347120223575,0.8709291001979977],[29.364105389552265,0.8740695642591731],[29.361503519571954,0.8759959201757397],[29.361501781182426,0.8759966243449071],[29.358541738210818,0.8819761401869073],[29.35565067413944,0.8832288508309603],[29.35565051406013,0.8832298068102773],[29.352155760280255,0.8847438298640213],[29.34855459242067,0.8904312728851096],[29.348552191230795,0.8904312216237145],[29.343270300184372,0.8987744318946511],[29.343269519572857,0.8987781595845377],[29.33974275172676,0.9020837472672838],[29.33973672986633,0.9020881548446482],[29.339467760628793,0.9023402788808994],[29.3368819957077,0.90476409658595],[29.333881471552843,0.9063741375565542],[29.333879057772435,0.9063759047243707],[29.329582320068198,0.9086815802908745],[29.329581858715983,0.9086819328251181],[29.329580633839328,0.9086819094427483],[29.32136250487588,0.9089229763144431],[29.3160035841982,0.9129009637086938],[29.31600407522808,0.9129014403493443],[29.313608040279007,0.9146801698541367],[29.313606607658983,0.9146814468914499],[29.312018401328316,0.9215789574031419],[29.314082254592563,0.9284720306598615],[29.31339671039001,0.9305480949188336],[29.312716461395723,0.9326095281073776],[29.312717400287966,0.9326113195569405],[29.308612680430997,0.9358353000592388],[29.307195869593897,0.9362685691393153],[29.303389900923378,0.937432458241517],[29.2987976396995,0.9388367999785032],[29.297887919691902,0.9418264198535553],[29.297887199334923,0.9418276681125803],[29.29873063031448,0.9453256207809204],[29.2994938678479,0.9484909861702135],[29.29744477065981,0.9533193769877926],[29.297445119596773,0.9533208599698924],[29.29418568961802,0.9545707161657901],[29.290826880056613,0.9558586802340869],[29.290824120936577,0.955861964558153],[29.289916076366012,0.9574689829074146],[29.293802575728478,0.9616008622901404],[29.29380408029425,0.9616013101525027],[29.29380422508507,0.9616015358823233],[29.297000248362963,0.962516974678806],[29.302458637656173,0.9690377313064005],[29.302651514356057,0.969268126822783],[29.302807446006966,0.9694543917069609],[29.30285704181921,0.9695136354461056],[29.302901744420126,0.9695670326925665],[29.302908826581245,0.9695754944136752],[29.302911195395495,0.9695783218822385],[29.30291666687083,0.9695848581548603],[29.302925469435024,0.9695953730281985],[29.3056204965888,0.9728146572707601],[29.31026290041268,0.9783601243204316],[29.310298489284037,0.9786318230003985],[29.310346381780278,0.9789974531701091],[29.310828305082396,0.9826766174321051],[29.31164781859212,0.988933051619199],[29.31175149693422,0.9890891280609821],[29.311829099433567,0.989205949994755],[29.31191297740213,0.989332220205938],[29.311914158212005,0.9893313640513952],[29.313022679653102,0.9909998096936192],[29.313750000062612,0.9911818306770783],[29.313750000062612,0.9911824404174467],[29.315761709735284,0.9916857352086481],[29.32511856836743,0.9873051132405521],[29.336992876720046,0.987748012261136],[29.34841782712118,0.993019054785691],[29.35001802591131,0.9950860242008162],[29.350108143376303,0.9957819133048247],[29.350181132353555,0.9963455409141488],[29.350940705149583,1.0022110173247256],[29.351865904288218,1.0116350571123576],[29.35758308069478,1.016224975602313],[29.35851473876437,1.030477106733258],[29.35874999961294,1.031214289108334],[29.358757086270657,1.0312364915710077],[29.360347856568467,1.03622111801036],[29.365378256701376,1.0394321626643546],[29.365547751927352,1.039462319630502],[29.37177280696966,1.0405730426119817],[29.374289339381676,1.0435572063001928],[29.373823727982824,1.0502477297491168],[29.373750280351317,1.0513042847650809],[29.373749999762822,1.0513041138938775],[29.373749999762822,1.0513083101305938],[29.37369209691292,1.05214123612933],[29.373687507672514,1.0522072553607131],[29.373169965821432,1.059652065390651],[29.37637396428721,1.0656250566511858],[29.377758883365914,1.0759681163356731],[29.375256314727324,1.0819490567037633],[29.37641176369209,1.09229308765606],[29.3723172790194,1.104714099276407],[29.37392488642456,1.1116091051762282],[29.38832550371916,1.1203242057976013],[29.395185748123936,1.1269820712657292],[29.39907928558074,1.1343330694157885],[29.397490263564976,1.1410030847247299],[29.398637785005917,1.1458289817222749],[29.403442653156105,1.1511106488375162],[29.4139681250291,1.1653490473208308],[29.412372852725127,1.167650986204194],[29.409561774356575,1.167938226967749],[29.408814721922056,1.1680145623223552],[29.40552169956692,1.1683510481624921],[29.40529722069033,1.1711100449927585],[29.406250000237492,1.1726935838419763],[29.406690965715654,1.173426478249553],[29.412622693382787,1.1832851100199946],[29.414598590252922,1.1837500001625472],[29.4152133290321,1.1838946363285459],[29.415839857923288,1.1840420460037535],[29.4242745427361,1.1860267544313388],[29.431277818017065,1.1821521054354776],[29.43385908902593,1.180724441579855],[29.434257512974,1.180924180107013],[29.43507998615263,1.1813365030773184],[29.436282019999396,1.1819391082034372],[29.437031022164092,1.1823145976407545],[29.4416318269474,1.1846210763017666],[29.441874300358847,1.1849616621511245],[29.442083333379287,1.185255277309352],[29.443164357149556,1.186773719631617],[29.443424156000162,1.1871386420348813],[29.443920705876053,1.1878361121470107],[29.433885714354403,1.1988879698041046],[29.435946402904335,1.2014140988817417],[29.441198288070723,1.2014059447287195],[29.445078824028656,1.1984109972698889],[29.449402609742833,1.1878285371574293],[29.454883047714645,1.189887171655812],[29.46037161016187,1.1919490509081356],[29.46426572768138,1.19976100916341],[29.468750000112607,1.2043680219667863],[29.470223541983046,1.2058818939344178],[29.473873757967738,1.2096320147059032],[29.47228526115606,1.216303092114174],[29.473121735879545,1.2256217358545882],[29.47312176106061,1.2256217610355975],[29.47321387861774,1.2266479693284964],[29.47504718168227,1.2303241325528234],[29.47518245320782,1.231131783105468],[29.477991884917742,1.2478414484242535],[29.47842384458494,1.2504106091624294],[29.478715479436005,1.2521451549750964],[29.481036726763705,1.265951141432197],[29.481039000249837,1.2659543996759908],[29.47899636019406,1.2742355702155805],[29.480604119584598,1.2795215396874937],[29.495918160295048,1.2859356601027798],[29.505065760176876,1.2935091604196032],[29.51215163998637,1.2964868103181857],[29.518333559945972,1.3047546600996611],[29.529542879900134,1.3153140903731355],[29.527959959784482,1.3256643599224276],[29.531858400345072,1.3364654398283733],[29.52821555970047,1.3440599096372807],[29.528449920327716,1.346818949634951],[29.54514888011687,1.3612784401480553],[29.56000715970282,1.3672324799950957],[29.560007564397722,1.367233070849693],[29.58458481643629,1.3679632969687532],[29.587484385396237,1.4074259899176695],[29.58748631983798,1.4074288200841352],[29.598564009621498,1.4221807431469529],[29.600301817275238,1.424494943387117],[29.61404604009283,1.4427978296562856],[29.62045476007927,1.4496855303630696],[29.633033879709956,1.4570226897454859],[29.65519331971609,1.456293059876998],[29.663085031649075,1.4415086497045877],[29.663208041817825,1.4417605102395328],[29.663225181996722,1.441246090834568],[29.664531719763204,1.4387984096190962],[29.667039839916868,1.4362644600369663],[29.673889199826874,1.4332623296929228],[29.680515359696244,1.433940209872958],[29.683483199789976,1.4320949404292946],[29.695363920308864,1.4323031101006336],[29.71023619694307,1.4344796771954975],[29.710236283277993,1.4344797734229928],[29.719286257255135,1.4358041618327775],[29.719804969124198,1.435880077203933],[29.72459423493615,1.4365809602433046],[29.72484062309644,1.4366170176613764],[29.726250000137554,1.4354166673454642],[29.726594712975782,1.4355028448805456],[29.72893505920581,1.4360879312131942],[29.729583332804737,1.4362499998377984],[29.732083332979585,1.4387500000126465],[29.733749999762836,1.4387500000126465],[29.737916666720935,1.4420833326798288],[29.739583332604866,1.4420833326798288],[29.739583332604866,1.4354166673454642],[29.747083333129467,1.4437500003623995],[29.748749999912718,1.4437500003623995],[29.751250000087623,1.4462499996379279],[29.75375000026247,1.4470833330295818],[29.755416667045722,1.4462499996379279],[29.7595833331045,1.4462499996379279],[29.7637500000626,1.448749999812776],[29.76958333290463,1.452916666770932],[29.76958333290463,1.456250000337434],[29.772916667370453,1.460416667295533],[29.786249999837764,1.460416667295533],[29.78708333322942,1.4595833330045593],[29.787916666621015,1.4587499996129623],[29.789583333404266,1.457916667120628],[29.791250000187517,1.4545833326548632]]]},"properties":{"nom":"Komanda","province":"Ituri","zscode":"CD5402ZS04"}},{"type":"Feature","geometry":{"type":"Polygon","coordinates":[[[30.25439745537841,1.4107081241807577],[30.272957250077184,1.398572873039825],[30.29508623724024,1.400000548586604],[30.295919505880647,1.4131278859433678],[30.298021554251477,1.4111912318900295],[30.31021152464234,1.4111964083876956],[30.31310304107268,1.4110064113169756],[30.320506181914936,1.4105199617270046],[30.322177230195166,1.4104101599011187],[30.332534493772016,1.4097295997414108],[30.334154191662776,1.410506521359025],[30.3410080131095,1.4137940893259042],[30.341853652824,1.4234649624382314],[30.341539104146477,1.4319103096132721],[30.34122365524763,1.4403797900953919],[30.35126368027477,1.4484792382264118],[30.351500835095635,1.4485127046977482],[30.36893145812047,1.4509724979825478],[30.378218075204188,1.450988211836659],[30.38427946712386,1.451844348438101],[30.40343501231615,1.4487049716572642],[30.421811877716152,1.4477150860824963],[30.426896863999218,1.4424840400066046],[30.43472504062828,1.4372830708571769],[30.440980741867918,1.4295360103787402],[30.450206795007773,1.4218220746291763],[30.45986376639985,1.4166410578387172],[30.46151246203067,1.412291638748286],[30.468873458843234,1.412878934715252],[30.468878346658528,1.412878378934181],[30.468877604717875,1.412877636993528],[30.468880832384684,1.4128766270548567],[30.475211883321947,1.4084143664300086],[30.478844480688394,1.4052153996711354],[30.488380049000227,1.3997314462494046],[30.493374871053618,1.3956184706161139],[30.49836969310701,1.3928764853616826],[30.507451187422532,1.3869355027713937],[30.51376647144565,1.3841106297019792],[30.51562453194674,1.3832795059445857],[30.525160101157894,1.3782525007524669],[30.536966042149288,1.3750534926247724],[30.55694533036285,1.368655461980154],[30.561940150617602,1.3654564403626068],[30.576016466986516,1.3595153894238479],[30.581465363935536,1.3549453387565222],[30.594633529613873,1.3485472550519262],[30.60001176503107,1.3483780997696613],[30.600011801003973,1.348378097071702],[30.590147448646007,1.3306228673516216],[30.578740846213236,1.3100916436146122],[30.55929726435744,1.2777826564446286],[30.54062866068432,1.2462806669194038],[30.51084328988611,1.2080976822624052],[30.506021021652998,1.2085666796087366],[30.49130842144666,1.2099864941815213],[30.472795642405117,1.2117730378955685],[30.470719080821084,1.2112075280051613],[30.468575524241203,1.2106237726691234],[30.458244843724742,1.2047200912593894],[30.446157879882435,1.2025210078384134],[30.424762782676453,1.1942439768781696],[30.418818120060337,1.1944090348492296],[30.40827606289014,1.1975105043064787],[30.39553914731397,1.1918560430221419],[30.38915321974548,1.1908664038616052],[30.362995744658065,1.2004604523881426],[30.358684972133915,1.1974260282887599],[30.34017814390637,1.1760799756105484],[30.336287273838764,1.1555850071425198],[30.33267108280438,1.1518680848444092],[30.329478310575723,1.1513734280414383],[30.323475270267693,1.1568220578918158],[30.320048595166725,1.157013839217484],[30.314390949382982,1.1518975493326025],[30.306666194789216,1.1476739957584527],[30.301037250868603,1.1397981020009524],[30.29034816083913,1.1350839430696738],[30.285859551876968,1.1291711614201176],[30.28471849566222,1.1276680606326295],[30.280751923362743,1.1252817311671492],[30.271100865013068,1.1194755488576789],[30.271098999819174,1.1194744256044373],[30.270850229354778,1.1200672137310903],[30.26906544741263,1.1242804637725499],[30.26747961439287,1.1263023276904391],[30.266457723745134,1.1275847690220075],[30.263710550301823,1.1305125677009755],[30.261033102196052,1.1330390933796366],[30.257853631839794,1.1345550068082844],[30.254674163282175,1.1360709202369321],[30.252666076078697,1.13708152799029],[30.250875560958548,1.1373818988557218],[30.250657989774595,1.1374183978409746],[30.248861727087217,1.1372540332471885],[30.248832463147835,1.1372513559654749],[30.248817244820145,1.1372499629156323],[30.246153122868463,1.1365998915719047],[30.24543676609403,1.1364250948424228],[30.245284349892984,1.1363879042785356],[30.244239465379167,1.1361329419818276],[30.24329500815827,1.1359024853115898],[30.239780856901177,1.1347234417336267],[30.23644635691403,1.134968961148786],[30.234435941365746,1.1352054810482741],[30.233553120979934,1.1338812518184795],[30.23155463044202,1.130883514662628],[30.227271600204347,1.116606749302207],[30.22370240863944,1.0966192772580143],[30.219419379301087,1.0780594807606008],[30.20300109792248,1.0630688767274137],[30.199431907256894,1.0545028180507643],[30.18801049388935,1.0587858473891174],[30.178730595640616,1.064496554072889],[30.170164536963966,1.0594996860618267],[30.1601708009419,1.0602135238352162],[30.148035549800966,1.0545028180507643],[30.127334239983327,1.0459367575754754],[30.113771312396295,1.0545028180507643],[30.099494546136555,1.0566443331696291],[30.08735929589494,1.0594996860618267],[30.06594414740465,1.0737764523215674],[30.05809192560207,1.0816286732248273],[30.050239704698754,1.0880532167826686],[30.036676777111722,1.0994746301502119],[30.028824556208463,1.1066130132800822],[30.018830820186395,1.112323719064534],[30.010978599283078,1.1158929106294977],[30.0016987010344,1.1173205870755964],[29.99456031790453,1.1173205870755964],[29.983138905436306,1.1173205870755964],[29.976000523205755,1.116606749302207],[29.96743446273041,1.1173205870755964],[29.95958224182715,1.1251728079788563],[29.95101618225118,1.1273143230977212],[29.94387780002063,1.1301696759899187],[29.938880932009567,1.1330250288821162],[29.928173357314733,1.145160280023049],[29.919607297738764,1.1544401782717841],[29.90818588527054,1.1651477520672415],[29.911041238162795,1.1808521947731379],[29.917465782619956,1.1908459307952057],[29.9199422079667,1.1938322078902388],[29.930441040122048,1.2007377898173104],[29.93342003990307,1.2053300402492937],[29.93764667995049,1.2085778428933054],[29.93618601906968,1.213420333281931],[29.941736284901765,1.2201133010881335],[29.94142558802065,1.2317615828309272],[29.941851280312505,1.2372955763299274],[29.944910159676283,1.2395647798908271],[29.947963977655604,1.243390916757562],[29.951819759774253,1.2482218382673977],[29.95101618225118,1.253663699820038],[29.952580480105212,1.261708658028283],[29.953648348592594,1.2672005569602902],[29.959708706291906,1.2698212758313616],[29.956013050262243,1.2793618794473218],[29.952919267310506,1.2824189080063775],[29.952919267310506,1.29050705165929],[29.957595839976193,1.2988617300849228],[29.96100991827325,1.306487733722122],[29.964293739664527,1.310581465662267],[29.963135869724795,1.3143457930240743],[29.967760046988758,1.315117260253544],[29.97103339757342,1.3187717012531834],[29.985310163833162,1.3287654372752513],[29.98673784027926,1.346611394200636],[29.98673784027926,1.3587466453415686],[30.007439150096843,1.3601743217876674],[30.03028197593261,1.3573189679961501],[30.0516971244229,1.3430422026357292],[30.065260052009933,1.3380453346246668],[30.075253788032057,1.3473252319740254],[30.090244392065188,1.3458975564272464],[30.09452742230286,1.3794479551591508],[30.10166580543273,1.4065738103332137],[30.11048400972942,1.4202420287467703],[30.113709160249698,1.4252410110639744],[30.115942569893832,1.4287027965969514],[30.15377599976273,1.4586840046632688],[30.153975455003433,1.4613958923067685],[30.165881506726294,1.4542522589347868],[30.201573422375702,1.4378339793548207],[30.215136349063414,1.427126403760667],[30.229413115323155,1.42355721309508],[30.25439745537841,1.4107081241807577]]]},"properties":{"nom":"Gethy","province":"Ituri","zscode":"CD5402ZS03"}},{"type":"Feature","geometry":{"type":"Polygon","coordinates":[[[29.95958224182715,1.1251728079788563],[29.96743446273041,1.1173205870755964],[29.976000523205755,1.116606749302207],[29.983138905436306,1.1173205870755964],[29.99456031790453,1.1173205870755964],[30.0016987010344,1.1173205870755964],[30.010978599283078,1.1158929106294977],[30.018830820186395,1.112323719064534],[30.028824556208463,1.1066130132800822],[30.036676777111722,1.0994746301502119],[30.050239704698754,1.0880532167826686],[30.05809192560207,1.0816286732248273],[30.06594414740465,1.0737764523215674],[30.08735929589494,1.0594996860618267],[30.099494546136555,1.0566443331696291],[30.113771312396295,1.0545028180507643],[30.127334239983327,1.0459367575754754],[30.148035549800966,1.0545028180507643],[30.1601708009419,1.0602135238352162],[30.170164536963966,1.0594996860618267],[30.178730595640616,1.064496554072889],[30.18801049388935,1.0587858473891174],[30.199431907256894,1.0545028180507643],[30.20300109792248,1.0630688767274137],[30.219419379301087,1.0780594807606008],[30.22370240863944,1.0966192772580143],[30.227271600204347,1.116606749302207],[30.23155463044202,1.130883514662628],[30.233553120979934,1.1338812518184795],[30.234435941365746,1.1352054810482741],[30.23644635691403,1.134968961148786],[30.239780856901177,1.1347234417336267],[30.24329500815827,1.1359024853115898],[30.244239465379167,1.1361329419818276],[30.245284349892984,1.1363879042785356],[30.24543676609403,1.1364250948424228],[30.246153122868463,1.1365998915719047],[30.248817244820145,1.1372499629156323],[30.248832463147835,1.1372513559654749],[30.248861727087217,1.1372540332471885],[30.250657989774595,1.1374183978409746],[30.250875560958548,1.1373818988557218],[30.252666076078697,1.13708152799029],[30.254674163282175,1.1360709202369321],[30.257853631839794,1.1345550068082844],[30.261033102196052,1.1330390933796366],[30.263710550301823,1.1305125677009755],[30.266457723745134,1.1275847690220075],[30.26747961439287,1.1263023276904391],[30.26906544741263,1.1242804637725499],[30.270850229354778,1.1200672137310903],[30.271098999819174,1.1194744256044373],[30.271100865013068,1.1194755488576789],[30.271101480149355,1.1194740973518833],[30.267062980971957,1.111122741021859],[30.25747151979499,1.0912881195512227],[30.252945240030954,1.0873310872600541],[30.247467480240175,1.0868110273072489],[30.24588239995296,1.085414107675092],[30.243879359744824,1.080567053227071],[30.243713824233794,1.0791045298503263],[30.242716188301586,1.0702903698048658],[30.241378439563505,1.0584800374239762],[30.235155479941625,1.0425551151266177],[30.231451440431783,1.0262001433221144],[30.227813279859163,1.0196560043212912],[30.225830399753306,1.017865125875005],[30.22271352041281,1.0104781476485414],[30.226255199917716,0.9999480002002201],[30.224483280079482,0.994873029666735],[30.21430752037594,0.9853390162827509],[30.211172279577227,0.9795601346926333],[30.20732747997937,0.976070058286723],[30.197328480225337,0.971133092318496],[30.1946223599341,0.9678861071582787],[30.194059319582095,0.9568510587295123],[30.191374440378297,0.9517670131373279],[30.188654279871287,0.9496681213868783],[30.183378479933083,0.9493441064454942],[30.178198439806295,0.9449560156077723],[30.173052240268817,0.9350180087742501],[30.171751200057997,0.928800051181554],[30.1734482396447,0.9198591029154386],[30.171667320290737,0.9157030884269375],[30.166673400257366,0.9126611298074749],[30.164461200224366,0.906203091000009],[30.16129140027806,0.9036401283893838],[30.155850571147084,0.9025172375806392],[30.154226400028506,0.9021820377710128],[30.153318781736573,0.8999854499687103],[30.14888543971142,0.8892559992651172],[30.144590280317345,0.885302146077322],[30.143573094922544,0.8860730943979434],[30.136526279864086,0.891414035829257],[30.1340456232071,0.8917878642187134],[30.129432479725324,0.8924830527508334],[30.12316316724656,0.8951017049798793],[30.12271919983135,0.8952871469844013],[30.122128814693212,0.8954166682448204],[30.12134328026832,0.8955890008318761],[30.116466360234483,0.8958259802849398],[30.11535791433647,0.8945539593978538],[30.11299128002372,0.8918380742678664],[30.110456520152468,0.8938769902310923],[30.10599534141204,0.8934808541582697],[30.10452227977953,0.8933500513639387],[30.098958469258093,0.8911627283773669],[30.096539280363686,0.8902116620387233],[30.089608807001014,0.8878162377293393],[30.072668399926897,0.8819610108920983],[30.07123901297024,0.8806907805552555],[30.067692479824245,0.8775391379210191],[30.063425399962398,0.8708280181986652],[30.05291132429835,0.8720779886084529],[30.05110151961958,0.8722931478106943],[30.04453151971404,0.8714490306484208],[30.040386217949788,0.8692656179140954],[30.03853701217355,0.8682916026754697],[30.036358439590458,0.867144104616898],[30.035895287837434,0.8670399442381722],[30.031725240327717,0.8661021132220981],[30.028811219262536,0.8629167451118747],[30.02811443982972,0.862155084090034],[30.026991239654137,0.8605340650951803],[30.02242380331603,0.86122167504044],[30.019897440414695,0.8616020091255905],[30.019233258708084,0.8603750011055808],[30.01885895187928,0.8596835069884037],[30.015646200312062,0.8537430792798659],[30.009487002623246,0.8542907142452236],[30.008785320086645,0.8543531029135352],[30.007707479916405,0.8534911396045572],[30.006042517348476,0.8522989713206357],[30.002470199740117,0.8497410718931064],[30.001100400063592,0.849253052986171],[30.00000023961951,0.8486931278857242],[29.99896739702791,0.84541666744542],[29.99889252037366,0.8451791349093014],[29.991127319670227,0.8442769826967833],[29.98815335968999,0.8419841179727996],[29.988603359757406,0.8383061237287848],[29.986774199869615,0.8371610421485229],[29.979087812152954,0.836117782709664],[29.97362695062344,0.8353768987250305],[29.97083088823507,0.834997552994821],[29.97010439969847,0.834898989097212],[29.964616199678062,0.8319231045678066],[29.962791522910607,0.8300466403403561],[29.961280014361364,0.8284922296328432],[29.95910078976982,0.8262511559662471],[29.958018779443307,0.8251384355904747],[29.955694319737233,0.822748004317134],[29.95574312234737,0.8225236351577792],[29.955741848008017,0.8225226423062395],[29.955781847154697,0.8223329761860896],[29.955896490930456,0.8217893620895325],[29.956171949675877,0.8204832020383037],[29.95650595968243,0.8188994122781992],[29.956656005270588,0.8181879370238221],[29.957052240268865,0.8163090922909646],[29.953848240004447,0.8133290492963283],[29.94951851966414,0.816785041396713],[29.948961978712532,0.8168143116313331],[29.944954439595904,0.81702508663858],[29.943540342912684,0.8153778946742705],[29.94244498844563,0.8141019860179881],[29.940599290924695,0.8119520496475161],[29.936485440251033,0.8071600849701213],[29.923685279851952,0.7986830825583979],[29.9202595202608,0.7991500240545406],[29.910684239686077,0.8046869817189872],[29.907032400425123,0.8051031007277061],[29.907043200383555,0.810900102757671],[29.908874520442907,0.8136539770495688],[29.905746513790746,0.8172912616825556],[29.899765440322994,0.8242461309543501],[29.89864332023319,0.8343621298085964],[29.895237360116255,0.8437931078657925],[29.887939439953357,0.8474860551374945],[29.88247535975023,0.8550831482688181],[29.878828199661825,0.8578479843970968],[29.874963239961744,0.8665910305517741],[29.876833440411133,0.888194008746666],[29.875240439794652,0.8907259870148323],[29.868387479898445,0.8889009810955599],[29.864963519850733,0.8898279905694721],[29.86018343971415,0.8974230152601308],[29.861657682156476,0.9103699935805025],[29.861657704639526,0.9103700178621921],[29.86181078364092,0.9117145546831011],[29.861839267868106,0.9119647074055024],[29.862041400390467,0.9137400527613977],[29.861964713400994,0.9150980947014773],[29.8619527982832,0.915309098136504],[29.861701405395706,0.9197609706923799],[29.861379359969646,0.9254640025618528],[29.86276032023278,0.9307481203296675],[29.862752442171654,0.931572159227926],[29.86266674397524,0.9405363756533802],[29.86266598404808,0.9406159089971879],[29.862578168847563,0.9498015250205185],[29.86257693497771,0.9499306119083712],[29.86257131961088,0.9505179861163242],[29.862491919366732,0.9507324339548404],[29.86120836017784,0.9541991091017508],[29.85523066906029,0.9457587513654175],[29.854840320124822,0.9452075883596649],[29.851481880184792,0.939948901620653],[29.843357039695775,0.9406614497662531],[29.83806107965529,0.9414055344380472],[29.830235760172343,0.936498431357677],[29.82602628008891,0.9320333774385858],[29.821645439585552,0.9307796568558615],[29.816734320132923,0.924298582813492],[29.813036039881524,0.9178310138903498],[29.810921018790168,0.9149071470473586],[29.807763839929407,0.9105425716825266],[29.807262664840266,0.9104952790340803],[29.804709933816582,0.91025439022809],[29.798108279573626,0.9096314262494616],[29.794745985139286,0.9064767367121931],[29.794642560405975,0.906379698064768],[29.793639668835795,0.9064728201647085],[29.786922000250286,0.9070965782446478],[29.78079624025446,0.908233169325456],[29.77466310042189,0.9085787850830229],[29.76295176001588,0.909238746271285],[29.756146320296637,0.9079576260437534],[29.751850800274383,0.9050982172091153],[29.749193639974692,0.9018554948353881],[29.743511400430975,0.8969640156769287],[29.745321480302266,0.8873061035939713],[29.7418965202084,0.8775669719383927],[29.74095936008655,0.8749020882609102],[29.73878640916564,0.874731152320976],[29.735250479925867,0.8744529983073903],[29.732514194574605,0.871560005190247],[29.728231696735577,0.871754524951541],[29.723165946951042,0.8745410248485541],[29.721899447002045,0.8801133996138901],[29.71784682217327,0.8839129003602011],[29.71328744735797,0.8859392752775079],[29.713287396096632,0.885939268982213],[29.70138237139946,0.8846727798251095],[29.701382321936762,0.884672775328454],[29.701382344419812,0.8846727951135449],[29.75006144707828,0.9294035250528054],[29.81596682161171,0.9471473999327031],[29.84891957228058,0.9851697746655077],[29.85662584130972,1.0237008320279415],[29.856740453609234,1.0242738908275442],[29.859058947212816,1.0358662752086047],[29.864285311418143,1.0619980251888705],[29.864367676727056,1.0624098517334346],[29.868517322216803,1.0831580252228719],[29.86935624129768,1.0873526763850805],[29.867872320351466,1.0921192199262464],[29.86230435676083,1.0969139626094488],[29.855110319985442,1.1059397097499755],[29.853988559624497,1.1158279202225003],[29.848521895669137,1.1229333710783749],[29.849583333104476,1.1237499995630174],[29.85041666739545,1.1245833329546144],[29.85208333327938,1.1237499995630174],[29.859583332904663,1.1237499995630174],[29.864583333254416,1.1270833331294625],[29.863749999862762,1.1312500000876184],[29.864583333254416,1.1320833325798958],[29.867083333429264,1.1320833325798958],[29.871250000387363,1.1370833329296488],[29.87374999966289,1.1387499997128998],[29.874583333054545,1.141249999887748],[29.877083333229393,1.142083333279345],[29.876249999837796,1.1445833325549302],[29.877083333229393,1.1470833327297782],[29.877916666621047,1.147916667020752],[29.880416666795895,1.147916667020752],[29.884583332854675,1.1512499996878773],[29.89124999998768,1.1537499998627823],[29.89625000033743,1.1554166666460333],[29.897916667120683,1.1570833334292843],[29.89708333282971,1.1579166668208813],[29.89708333282971,1.163289109704806],[29.899128693334717,1.164997060765927],[29.902611746934724,1.1654465221394616],[29.904576547070178,1.1655364138745767],[29.906362729256728,1.1655364138745767],[29.90818588527054,1.1651477520672415],[29.919607297738764,1.1544401782717841],[29.928173357314733,1.145160280023049],[29.938880932009567,1.1330250288821162],[29.94387780002063,1.1301696759899187],[29.95101618225118,1.1273143230977212],[29.95958224182715,1.1251728079788563]]]},"properties":{"nom":"Boga","province":"Ituri","zscode":"CD5402ZS01"}},{"type":"Feature","geometry":{"type":"Polygon","coordinates":[[[27.803760829298994,1.8284692616472853],[27.813329816418047,1.8282989192598507],[27.8152363521761,1.8283099197671504],[27.82148470685388,1.8286071969647537],[27.828785520135796,1.8289545457158738],[27.832669896198922,1.8286891818603976],[27.84083248663012,1.8281315500311734],[27.845790836677963,1.8277928167852338],[27.84721211984362,1.8276957205811755],[27.848604933171316,1.8252258647819986],[27.850405792293657,1.8220324189611006],[27.85302251008096,1.8173922031878078],[27.85695610873762,1.8104167331458711],[27.863140925413518,1.799449188729227],[27.86736060021167,1.7919663697523447],[27.878266079715956,1.778740822830855],[27.885803760035685,1.7786066143039534],[27.891713144046548,1.7859031063434259],[27.892492199755395,1.7868650283984948],[27.900857160129988,1.7941625123901872],[27.91009404020798,1.7763126353200391],[27.9201646799562,1.7612401012498253],[27.921121394037243,1.7591029172659773],[27.921141164733115,1.7590587497616639],[27.924681774944133,1.7511494174118525],[27.934653240155058,1.7307298597953604],[27.93822551999193,1.7211251048398708],[27.94245984024957,1.7204599842410175],[27.94610987996714,1.7262100551500907],[27.93993984005175,1.732420033058247],[27.941310000356395,1.7384001181710573],[27.939916421705675,1.7431783079327374],[27.93970007989492,1.7439200831454968],[27.941299919855567,1.7485299189207808],[27.946058159956294,1.749292309292798],[27.956609999951695,1.7538100760743305],[27.96267456018296,1.7558289983097666],[27.98172756017891,1.7557225302707025],[28.006858440264978,1.7513191617500752],[28.021101839878156,1.7468766916061895],[28.07651236805151,1.7269714598651262],[28.08154550661999,1.725163387280645],[28.112433119792797,1.7140674736351684],[28.15390583978285,1.7016933166933654],[28.16388498160677,1.697292823305304],[28.16572313381573,1.6964822517546736],[28.180302840304023,1.6900530290242273],[28.19873303999799,1.6860013511815737],[28.20920579990792,1.6830223082330917],[28.2284611329751,1.6840625990099056],[28.229692768906318,1.6838584349189887],[28.22900479293702,1.6792056151471684],[28.22130710433953,1.627139716924546],[28.194532992004156,1.5874147699757941],[28.190855471702832,1.5819584059558451],[28.186704426867948,1.575799469969752],[28.1833362418742,1.5708020677614059],[28.170996574832202,1.552493612890089],[28.21165111770506,1.4850221202747775],[28.240357743615164,1.4560999205750136],[28.27144787961612,1.4103149109045603],[28.31207373681366,1.2946706456339712],[28.352721872916277,1.2223868097036643],[28.384611769717537,1.1826960693682622],[28.39125000028747,1.1729166669707638],[28.4012500000876,1.1704166667959157],[28.414583332554912,1.1679166666210108],[28.414583332554912,1.1545833332543793],[28.421249999687916,1.146250000237501],[28.431651330044986,1.1362493951936017],[28.43163686534922,1.106729711107448],[28.430262186850598,1.1043422781737604],[28.40529268920642,1.0609772101303179],[28.369378965666897,1.0176362583068226],[28.34784902860997,1.0345066576562658],[28.24253728207009,0.9911905576982463],[28.165915493405464,0.8635456706962827],[28.16829357159122,0.8129575672380724],[28.17985270533825,0.6845860666937824],[28.17985275210299,0.6845855387917368],[28.179854200011505,0.6845694364305359],[28.17985417213248,0.6845694382291754],[28.170055517048638,0.6848780396899201],[28.159101359939996,0.6852230331166425],[28.15491297615307,0.6846728296874858],[28.14071076009367,0.6828071708144421],[28.1318331573745,0.6810998483794606],[28.12973530703897,0.6806963936238049],[28.128658108085403,0.6804892293945954],[28.126955465722347,0.6801617799423525],[28.12673271893999,0.6801189416360103],[28.126714423132285,0.6801154225888695],[28.126284120016294,0.6800326678734905],[28.1253493556884,0.6797655188637464],[28.123887058940795,0.6793476048082994],[28.12382832871458,0.6793308198616046],[28.123452359039277,0.6792233706622142],[28.123396976989056,0.6792075425941562],[28.12335666757633,0.6791960231780649],[28.116543240078613,0.6772487921981565],[28.106268099893043,0.6750152647428536],[28.106006951160055,0.6749584986359878],[28.10540307978846,0.674827233590122],[28.105361280199077,0.6748181477394724],[28.10533793110079,0.6748147042353594],[28.095985439576566,0.6734353096919676],[28.088209280633976,0.6752668878567647],[28.087921419338215,0.6753346904437763],[28.08786751937066,0.6753480858456555],[28.087863672070966,0.6753482908910655],[28.08759167301747,0.6754123567949932],[28.087359559796027,0.6754670283808082],[28.086733768348893,0.6756199221218822],[28.08582014798162,0.6758554752501595],[28.08582035572499,0.6758568871857733],[28.08566248873302,0.6758961228079556],[28.07385227955922,0.6789410689752913],[28.069517520317447,0.676413106180064],[28.068149520184363,0.6642321182178534],[28.061760239943283,0.6633120865836872],[28.050348239779623,0.6531991139481192],[28.045099440187187,0.6509000214190337],[28.043731440054103,0.6465330547568442],[28.044416520206426,0.6423971311228911],[28.042820280231922,0.6396390066350364],[28.039076837825974,0.6380069556566355],[28.02752820006657,0.63297202833661],[28.022735159799936,0.633430153778761],[28.01794248016148,0.6361870219137131],[28.01087999981229,0.6498103983313968],[27.985361776325078,0.6823302036761447],[27.981583933052207,0.687144589351476],[27.975570297831155,0.6948081873481442],[27.970285316714182,0.7015431993593211],[27.96930311224901,0.7027948883735462],[27.967443116406855,0.7051652027121236],[27.966827714827332,0.7059494502071288],[27.96238864412078,0.7118537242700995],[27.947986953035638,0.7310910897821259],[27.938355990037053,0.7439278669776286],[27.93453264016938,0.748946715318823],[27.94373388011462,0.7571635843320905],[27.946239840096723,0.7617749993169127],[27.93869711997627,0.7656341817722137],[27.936151560146527,0.7898903263776447],[27.940844831423988,0.8043367641305394],[27.941816247621887,0.807326893021866],[27.942837354960147,0.8104699750094824],[27.942845892224284,0.8104962531996875],[27.943524335379948,0.812584571620846],[27.94390947094547,0.8137700570426318],[27.94936701667467,0.8305689099274218],[27.95249144222646,0.8401861735532066],[27.95449896015907,0.8463654836803016],[27.960490514325954,0.8582483283977922],[27.97056218199924,0.8782230363642043],[27.97571951244572,0.8884512751064335],[27.979664784302543,0.8962757447300191],[27.98707248021094,0.9109669689506177],[27.99501227979306,0.9229306078614172],[28.000736280255296,0.933134998381604],[27.992973239723426,0.9303740050564215],[27.98795124015777,0.9308329992437052],[27.984979440349036,0.9386481500922059],[27.982012319712965,0.9407160539029178],[27.974249280080357,0.94025399662479],[27.965345400070305,0.9315170748532751],[27.95758415998114,0.9271469848456491],[27.950737319971495,0.9211681506897662],[27.945713519963135,0.9202470956271327],[27.929273400347313,0.922540992772781],[27.924705359664756,0.9264470487924541],[27.922647239578623,0.931044025161782],[27.91967940038421,0.9326520372618461],[27.916712279748083,0.9317320658822723],[27.91237644042053,0.9255240116240202],[27.90712547975727,0.9250621342102932],[27.89250732005695,0.9340219907224423],[27.88611624027243,0.9314911249156239],[27.87773148042362,0.946435713337678],[27.897554379231394,0.9720818770771302],[27.89931069133553,0.9743541248431598],[27.911066183957416,0.9895628693311096],[27.92245788012724,1.0043008762845602],[27.92872224003952,1.0167595668007152],[27.936081359966977,1.0370241172693682],[27.933338520356585,1.0427700980617374],[27.926714519759457,1.0464460706298269],[27.91712448041062,1.0471330069828468],[27.910272239972073,1.0459811472123306],[27.904792320009733,1.043220066652907],[27.895427280244974,1.04896513463342],[27.875103479741938,1.0507959996358522],[27.863458199936133,1.045734087258495],[27.860948280239086,1.0429740885834917],[27.860721480212305,1.039526068973089],[27.852956280408193,1.0388330046396277],[27.847475280360072,1.041818982260395],[27.844276319896437,1.0459560983953793],[27.835369199629042,1.0498600239211555],[27.831255480256345,1.0535370711790506],[27.82805435962115,1.0615820455751077],[27.824400360188633,1.0634190313633667],[27.82156847690385,1.0632142503375235],[27.80841420035523,1.0622630320135045],[27.80293643966513,1.0599611228077492],[27.795627359814944,1.0608770931034996],[27.786947400202507,1.065011120067311],[27.78283727991669,1.0652390757229],[27.773020439641755,1.05833713605017],[27.769363199951897,1.0656921047070114],[27.757026360378404,1.0735020646687303],[27.75314520029093,1.0737300203243194],[27.746753400149487,1.0672890569445599],[27.740816280147385,1.0684360450875943],[27.738973439772565,1.0930340858545264],[27.740797200130828,1.0987830227184645],[27.73782143970783,1.109127047375523],[27.73941228015275,1.1215431424022881],[27.770914439649857,1.1496089941599053],[27.759286436719833,1.1858088990616125],[27.756374039830234,1.1948756013280786],[27.75551327981418,1.2116501914033506],[27.778531680292986,1.2210164326623953],[27.783545760428638,1.2288410992375134],[27.76803083995145,1.2444799130177557],[27.7650828002312,1.2566361012752054],[27.77719104023447,1.2824896360879734],[27.78260868034647,1.301479419140037],[27.77379011991826,1.3087200354014499],[27.770370119585493,1.3073399888495487],[27.765110160305824,1.3078000037673405],[27.75551003955684,1.3133099170192395],[27.750710159946095,1.3204299557780246],[27.739979999677416,1.3220300016834017],[27.733349880093044,1.3250300860697735],[27.72672012023753,1.331459984191099],[27.7150701603598,1.3335200342223743],[27.711410040141402,1.3355899929839552],[27.70021008033109,1.3486898983202877],[27.68239007963865,1.3509800282059246],[27.676680120291508,1.3505200195833709],[27.6638900403932,1.3438400775576724],[27.6506398799267,1.3447600957020427],[27.645620039633286,1.3410699318320667],[27.63923126301256,1.3410647040730055],[27.633510000086574,1.3410600222024414],[27.62799818027196,1.3431510700659715],[27.626868147946823,1.3445356456037416],[27.626600006984916,1.3448576316745289],[27.62345016029684,1.3486399868460808],[27.620700119814842,1.3585300508213436],[27.616359960144223,1.361750093192427],[27.612709920426653,1.362429921303999],[27.607669920030958,1.35783004192308],[27.606068487370976,1.3546367004235549],[27.599455135646167,1.3414493153338185],[27.599249879778313,1.3410400221794134],[27.595820159572895,1.3394300783356243],[27.588765701176328,1.3401071464278402],[27.58164983976843,1.340790106878103],[27.575939880421288,1.3391799822705366],[27.572299920305227,1.3398699070706925],[27.57070008034458,1.3433200679669426],[27.571139999911225,1.3531899736385071],[27.56885003999753,1.3596399770034964],[27.562691199339554,1.3670389377969059],[27.55717992001746,1.3736599382556847],[27.543930120179084,1.3809999790659617],[27.533869919761173,1.3895100882201632],[27.521290079773507,1.4102000926603182],[27.516250080277132,1.4152499541222596],[27.50619996036005,1.4161600347579792],[27.500259959829464,1.4189200010573586],[27.49430987969737,1.4260400829836044],[27.492019919783615,1.4363899892068162],[27.488975272191226,1.4403997838231248],[27.488360160193395,1.4412098859276625],[27.484009920021947,1.4462699492988804],[27.482615404277624,1.452881085094191],[27.481115621988522,1.460818284736206],[27.48027699968395,1.4654752818589145],[27.478270079800495,1.4766199900207084],[27.480319919828617,1.4876600809481602],[27.478260000198986,1.4929499363906302],[27.46248011966196,1.5090300430022694],[27.45606995986094,1.524439980221075],[27.451463537012785,1.5316816747696294],[27.449200080119795,1.5352400214100044],[27.44965008018721,1.5469700326410702],[27.4469900402583,1.554599926745368],[27.473638680081194,1.5606733390035288],[27.488703599591588,1.5678524092614339],[27.504694440396293,1.570246087087412],[27.51246648044389,1.565192982670169],[27.524578320433307,1.564513036747428],[27.5316642002428,1.5624490557794388],[27.542408399827934,1.5557870462353662],[27.551550239552057,1.554645149154453],[27.56003422699814,1.5487033607716398],[27.564336407399423,1.545690306362701],[27.57418451979993,1.5387931196069644],[27.580818240269764,1.52982811717402],[27.587184479880023,1.512570211646107],[27.58636655996895,1.4981550981793816],[27.580954680014656,1.4749773486258846],[27.58390379982069,1.461891314432762],[27.60778367977315,1.4535530018696932],[27.618252839696936,1.453366520248892],[27.623685600110548,1.4611830470601603],[27.635809679872978,1.475397153056349],[27.65046239962021,1.4779291286265561],[27.66344832038385,1.4744395306599927],[27.67393115989529,1.4640123268076195],[27.69152651983319,1.4581130511765537],[27.715820040262827,1.4534912022573394],[27.728243188672366,1.4521054863792529],[27.750581279902292,1.4496138283157052],[27.773487359554167,1.443248039265768],[27.773485200281925,1.4466971452571897],[27.767994480361153,1.4598030904404595],[27.750627360264616,1.464393035010744],[27.74948327962983,1.468992159860477],[27.75085019967713,1.4735919960739352],[27.756559439566672,1.4779649827978574],[27.775293479710513,1.4832640508954],[27.791286479787402,1.4841921197706824],[27.796766399749686,1.4899441260207595],[27.799049520319272,1.4947739971224223],[27.799730280128472,1.5021340019827676],[27.803613239759386,1.5044360478854628],[27.811196280084403,1.5248731072082933],[27.80656307992234,1.5445051608846256],[27.792300600292606,1.5629122632904568],[27.79182357739637,1.5635765349293251],[27.773001359625198,1.5897870907018614],[27.761252039949852,1.6076835679424448],[27.756221039969205,1.6119622319715745],[27.749108159813886,1.607899762264367],[27.73990007962516,1.6048056573553708],[27.726497279925695,1.606905988021083],[27.715606919823642,1.6089616376696085],[27.70725239967868,1.5942158677682414],[27.701393759914254,1.5915274713158851],[27.69385211987958,1.5944545847114568],[27.677107079728103,1.591028958220022],[27.665801279605546,1.5907648390262352],[27.65617812002438,1.584885372761903],[27.645725879945587,1.5729694653687147],[27.64154051967938,1.5716475932619574],[27.636918120375128,1.5833664088328874],[27.64310183987817,1.654470025771218],[27.619953045796592,1.6796562537332989],[27.596132280080838,1.70557327708525],[27.568729586601307,1.7449414611796783],[27.567395096106964,1.7468586467093132],[27.560049119771236,1.7574121387593777],[27.553327559819195,1.7733558928603088],[27.55580436018323,1.799374803104854],[27.566652599637905,1.828036548348166],[27.578354759764522,1.8445824210420483],[27.585050760084698,1.8472555074358752],[27.60600888030575,1.8319897378362953],[27.627798240296727,1.821363211842936],[27.630671063419015,1.8204719342325575],[27.643544832428233,1.8164779137248956],[27.651028323198716,1.8141561978504228],[27.654102914617965,1.8135789014452826],[27.65572323124229,1.8132746652937044],[27.66631322227755,1.811286247162741],[27.6822529204361,1.8082933447622054],[27.69396803979339,1.8155311146693407],[27.700952107354055,1.8245350343644873],[27.705462817155478,1.830350238672736],[27.70832050918432,1.8340343797829632],[27.71319635992421,1.8403203198270717],[27.716538600376282,1.8458455584259355],[27.73913471969172,1.8575433973101099],[27.75002363997919,1.8564187950914857],[27.76342895957896,1.8524570143798655],[27.769300560372756,1.8458370913088515],[27.775174680167538,1.8373553980333668],[27.775752829129942,1.8367035100591238],[27.7811685437934,1.8305970639035536],[27.781790165983523,1.8298961583811888],[27.7827235201745,1.8288437591323259],[27.791559540940227,1.8286864641091825],[27.803760829298994,1.8284692616472853]]]},"properties":{"nom":"Nia-Nia","province":"Ituri","zscode":"CD5403ZS04"}},{"type":"Feature","geometry":{"type":"Polygon","coordinates":[[[29.14631057027674,1.2361417209638148],[29.17069258309641,1.168898594095026],[29.193478909024577,1.1442872910258188],[29.219516506281877,1.1114763958191816],[29.237416868593755,1.0885095615671503],[29.26833087057338,1.0425808105561032],[29.291113711628668,1.0146934454463121],[29.300006216114127,1.0036609394010156],[29.300718649146518,1.0027770560164981],[29.31175149693422,0.9890891280609821],[29.31164781859212,0.988933051619199],[29.310828305082396,0.9826766174321051],[29.310346381780278,0.9789974531701091],[29.310298489284037,0.9786318230003985],[29.31026290041268,0.9783601243204316],[29.3056204965888,0.9728146572707601],[29.302925469435024,0.9695953730281985],[29.30291666687083,0.9695848581548603],[29.302911195395495,0.9695783218822385],[29.302908826581245,0.9695754944136752],[29.302901744420126,0.9695670326925665],[29.30285704181921,0.9695136354461056],[29.302807446006966,0.9694543917069609],[29.302651514356057,0.969268126822783],[29.302458637656173,0.9690377313064005],[29.297000248362963,0.962516974678806],[29.29380422508507,0.9616015358823233],[29.29380408029425,0.9616013101525027],[29.293802575728478,0.9616008622901404],[29.289916076366012,0.9574689829074146],[29.290824120936577,0.955861964558153],[29.290826880056613,0.9558586802340869],[29.29418568961802,0.9545707161657901],[29.297445119596773,0.9533208599698924],[29.29744477065981,0.9533193769877926],[29.2994938678479,0.9484909861702135],[29.29873063031448,0.9453256207809204],[29.297887199334923,0.9418276681125803],[29.297887919691902,0.9418264198535553],[29.2987976396995,0.9388367999785032],[29.303389900923378,0.937432458241517],[29.307195869593897,0.9362685691393153],[29.308612680430997,0.9358353000592388],[29.312717400287966,0.9326113195569405],[29.312716461395723,0.9326095281073776],[29.31339671039001,0.9305480949188336],[29.314082254592563,0.9284720306598615],[29.312018401328316,0.9215789574031419],[29.313606607658983,0.9146814468914499],[29.313608040279007,0.9146801698541367],[29.31600407522808,0.9129014403493443],[29.3160035841982,0.9129009637086938],[29.32136250487588,0.9089229763144431],[29.329580633839328,0.9086819094427483],[29.329581858715983,0.9086819328251181],[29.329582320068198,0.9086815802908745],[29.333879057772435,0.9063759047243707],[29.333881471552843,0.9063741375565542],[29.3368819957077,0.90476409658595],[29.339467760628793,0.9023402788808994],[29.33973672986633,0.9020881548446482],[29.33974275172676,0.9020837472672838],[29.343269519572857,0.8987781595845377],[29.343270300184372,0.8987744318946511],[29.348552191230795,0.8904312216237145],[29.34855459242067,0.8904312728851096],[29.352155760280255,0.8847438298640213],[29.35565051406013,0.8832298068102773],[29.35565067413944,0.8832288508309603],[29.358541738210818,0.8819761401869073],[29.361501781182426,0.8759966243449071],[29.361503519571954,0.8759959201757397],[29.364105389552265,0.8740695642591731],[29.368347120223575,0.8709291001979977],[29.3683463908734,0.8709283267810406],[29.369711808153568,0.8683990986396566],[29.36765025355652,0.8631164125925466],[29.367650011638887,0.8631157929596611],[29.367649730151072,0.8631150708040423],[29.36765056472194,0.8631141813745558],[29.367650964920244,0.8631137541965472],[29.36767342908564,0.8630898070491071],[29.371751925611022,0.8587420139329538],[29.37043788030411,0.8547912930838493],[29.369688768422066,0.8525390624279225],[29.371505232580603,0.8447229726871797],[29.371507560026032,0.8447211002987274],[29.37769068237924,0.8401294056477013],[29.377690551078217,0.8401285396005846],[29.37926011626155,0.8389630820807383],[29.381929313087483,0.8285088347151373],[29.38193197957736,0.8285068813876251],[29.382667560259847,0.8256273304371007],[29.38266784084834,0.8256270012852269],[29.382667199631726,0.8256271190964526],[29.377510200135816,0.8278167299582719],[29.36972771985853,0.8221067975907772],[29.37024513220723,0.8168883447215194],[29.370262435163397,0.8167138321777543],[29.370602879819216,0.8132802098139678],[29.36909592004082,0.8036238886317051],[29.369422908140848,0.7920090292934105],[29.369548080279856,0.7875628269630397],[29.365723439885016,0.7758721529776267],[29.364345000421622,0.7638073151556455],[29.370558959628454,0.7534336092738272],[29.370093119801822,0.7470019790582683],[29.36123207989675,0.7236068597689496],[29.354279399574807,0.7175044479720327],[29.34762372035857,0.7134134598634319],[29.34730547996412,0.7118031958609663],[29.347008120028875,0.7097915806170931],[29.35013651968478,0.7042033184285401],[29.362858920203166,0.6930990392893932],[29.376752040174665,0.6970428047818018],[29.38945067970525,0.6836895334453743],[29.394277199933015,0.671448729775193],[29.41133832030738,0.6657968027803918],[29.431909080040157,0.651330751712976],[29.469517200058874,0.6487160879772205],[29.473921799751395,0.625300297770707],[29.45688228019327,0.6153937869938204],[29.445260024830475,0.6119418238562275],[29.433716999739886,0.6085133923793364],[29.422087038086488,0.6063880218898703],[29.409271837425536,0.604046050584941],[29.392184880428033,0.6029324030081398],[29.38302600934304,0.5973877777239522],[29.381262480179487,0.5963201673420144],[29.36502432041624,0.6109970536712694],[29.36434140043542,0.6126069912198204],[29.367084240045813,0.6153600849001464],[29.366174520038214,0.6167411359948005],[29.36134631538033,0.6164340795692738],[29.359098360101427,0.6162911179408752],[29.347465320068636,0.6227420314197616],[29.339252280368612,0.625052130751385],[29.334001319705294,0.6241400212451254],[29.330122319789382,0.6252939899258649],[29.32809702855519,0.6282503672608186],[29.328313992696792,0.6320970239586359],[29.331977712001958,0.6403649196055312],[29.33193506255327,0.6406096907847427],[29.33197019996493,0.6406889831102376],[29.331338242765867,0.6443159309356474],[29.338840752398994,0.6523050088692344],[29.3395287130798,0.6557510346826803],[29.339469329945757,0.6558152813503284],[29.33952120014345,0.6560750981873866],[29.336359244983328,0.6594959906475992],[29.33657095258758,0.6624199654092422],[29.336542171584142,0.6624502806561168],[29.336563439651172,0.6627440280146288],[29.326166280349696,0.6736974467798973],[29.329751833280625,0.68403192783137],[29.329652119150126,0.684090244369429],[29.329744320344275,0.6843559904367567],[29.325411359746624,0.6868900758165069],[29.30858640044221,0.6796396047840858],[29.304355320441857,0.6755756179205719],[29.30114270377294,0.6696440961982262],[29.296257119670486,0.6606237180103562],[29.2951972803304,0.6501685002762088],[29.295007199622717,0.6461499030957043],[29.288990879925336,0.6376477268612462],[29.287141559935208,0.6344136298852732],[29.285549279675706,0.62636253290475],[29.28074544034996,0.6178740200701327],[29.280796848296063,0.6176275230918691],[29.28075295238699,0.6175499565654263],[29.2818394323441,0.6123404195748776],[29.286351312163504,0.6035541555999657],[29.29015939244215,0.600383297151609],[29.291714232126253,0.593973989008532],[29.291933433781082,0.5898628821664147],[29.29049675961795,0.5866529400813079],[29.286030239803893,0.5870045579141561],[29.282712120068425,0.5885741311913648],[29.279860519147803,0.5921309966483363],[29.276647919566017,0.5961381409625801],[29.27158488033814,0.6000982021704431],[29.267436600019266,0.602060300742437],[29.263714199950527,0.6036253639195479],[29.26024595998325,0.6080048005812273],[29.258091714061493,0.6124982991573233],[29.258084334224804,0.6125136937521347],[29.256606720224113,0.6155958169935047],[29.25360683998383,0.6187756776555489],[29.245687497280358,0.6183125357950416],[29.243749999662896,0.6181992266131715],[29.222152199764366,0.6169361377926634],[29.22124536028531,0.6215330943769573],[29.218738320217483,0.6252130698274527],[29.214861479573813,0.6259071090260022],[29.204597519759886,0.633503144554652],[29.20369139973849,0.638560014433267],[29.197279440394027,0.6405720181842298],[29.195911283778912,0.6425779506120648],[29.194568280302065,0.6445470054401312],[29.190808490019947,0.6450248431222008],[29.18726532033844,0.6454751498584415],[29.187027393899257,0.6458952573603938],[29.185637631971304,0.6483491681797204],[29.181797280420312,0.6549040154081354],[29.178468538792174,0.6502869859558018],[29.176996319824468,0.6482449871166409],[29.175173279823184,0.6496260301173606],[29.173353480079186,0.6560630229902813],[29.165138280207657,0.6583711249276121],[29.162526457430204,0.6616658299142841],[29.164926911647797,0.6651710482054796],[29.16493195324722,0.670687089437763],[29.164924164218974,0.6707089501580867],[29.164924440310813,0.6710111520432065],[29.16323964769174,0.6757396479665658],[29.162876399826132,0.6767591311291881],[29.157041520150187,0.676086004765466],[29.14409360743423,0.668103634875024],[29.134329480021677,0.6620840551352103],[29.127935519708615,0.661173033808609],[29.122451280302528,0.6547439783520872],[29.11765536040673,0.6517620242981366],[29.11012019998742,0.6501620107683266],[29.103962399845045,0.6536161493659733],[29.103819005642777,0.654287228872704],[29.107129546791327,0.6582829895684768],[29.11158559669809,0.6636613661792694],[29.113271782367008,0.6656965616471666],[29.122860392693156,0.713847689419481],[29.10613896334263,0.7596034315532734],[29.072663898120595,0.783698138858199],[29.058335139355336,0.8294546373218168],[29.03446023715037,0.9137434863729368],[29.034486307597206,0.9586486596081158],[29.034493789057308,0.9715329902554686],[29.03213115942566,1.0196924151729831],[29.051296376826485,1.063021838587133],[29.058588108754407,1.0849901807524134],[29.05541666664601,1.0845833328546632],[29.0379166672206,1.0804166667958839],[29.02458333295459,1.0929166667709183],[29.034583332754778,1.1129166672705537],[29.022083332779744,1.1270833331294625],[29.00958333280471,1.1304166666959645],[29.00946240006988,1.1414856600353573],[29.023174439748743,1.1515880701334709],[29.035967040446735,1.1536439401158987],[29.03985792040686,1.1623768203341456],[29.060663399596365,1.1841973202502913],[29.072330639947268,1.2037283099137426],[29.080112399867517,1.2193549198938172],[29.08743660001926,1.2347522998788918],[29.10017074388486,1.23342729723214],[29.08930014908276,1.2443858799045984],[29.07305236477498,1.2985086553503038],[29.06820431297882,1.3460638788450865],[29.076375414593883,1.3755712808900853],[29.085176523677774,1.3819566805565273],[29.08941027826188,1.3771995016558662],[29.143126080804166,1.3246837166803402],[29.136587480727826,1.2984553965994223],[29.134933918865443,1.2689435096354487],[29.14631057027674,1.2361417209638148]]]},"properties":{"nom":"Mandima","province":"Ituri","zscode":"CD5403ZS03"}},{"type":"Feature","geometry":{"type":"Polygon","coordinates":[[[29.31029927978807,2.4179711171734652],[29.31510131957043,2.4179649936896794],[29.31784848042321,2.4198010001162515],[29.323564199928057,2.4179520290630307],[29.327905439684457,2.4138051588811322],[29.33362440034597,2.414027008140067],[29.34346643962465,2.4172340840858624],[29.34849528033311,2.4153870897425804],[29.350278320288396,2.4159072576140375],[29.353986359982684,2.416989007137147],[29.35798635468666,2.417181374820757],[29.367941400075722,2.417660134307937],[29.380542927214492,2.4203298203650547],[29.38054313585718,2.420329864431835],[29.383041240261207,2.420859098368851],[29.384406099062403,2.421771535228345],[29.384406230363425,2.4217716233619058],[29.389223519949667,2.4249920803204077],[29.392454520559852,2.4247752780568135],[29.392454632975102,2.424775269962879],[29.41026551993798,2.423580147406028],[29.4166753200102,2.427022011157078],[29.42149140000828,2.4352990888820045],[29.426067360120726,2.4364430669941157],[29.431553399969573,2.433673065160008],[29.443908240373162,2.436185028116711],[29.449392726193537,2.4460245277099375],[29.44939281162914,2.446024682393329],[29.45159791061525,2.449980739819466],[29.452947480042326,2.4524019324034043],[29.479400279899153,2.4600610463803605],[29.47780620009621,2.4653571251313906],[29.479183199745023,2.4674249893719207],[29.49382943987689,2.4720040242664822],[29.507108400232653,2.479577134277463],[29.527931519624076,2.48276406361083],[29.548992239900144,2.492855088291833],[29.563862400429628,2.492140065212027],[29.570957279754793,2.495118993946562],[29.57438843977485,2.4948831152637467],[29.5814703598694,2.4888881553642364],[29.58718824044513,2.4881880763188065],[29.590336435078598,2.488236375308645],[29.600685360141426,2.4883951470185934],[29.61373320012723,2.493435064676646],[29.62151136006139,2.4936520378114437],[29.63157227993696,2.491332129574289],[29.632763696387656,2.4818627028016635],[29.632766341293802,2.4818653531037285],[29.633479292335664,2.4762128721264958],[29.633816879845313,2.4734918923371083],[29.639921039924218,2.45999586171979],[29.649990239857857,2.4252571429029786],[29.64815136009736,2.419968105843566],[29.64828353975372,2.41431635331719],[29.64846313976227,2.406636997399687],[29.64857651999057,2.401789087696386],[29.647712876748017,2.395941416963012],[29.647421279668492,2.393967031853208],[29.645336547743625,2.389980523382633],[29.64237227975707,2.384312120807863],[29.639152439733493,2.3735030270432276],[29.63936448008684,2.3638380651747184],[29.64164193582684,2.354642430703791],[29.644871039766826,2.3416043078926805],[29.647556279598803,2.3330853503088065],[29.641210200090825,2.324610457706626],[29.643185159867414,2.314677189400925],[29.649390839915498,2.3103940431507226],[29.653826206314534,2.306949397796643],[29.66041259996166,2.3018341933934607],[29.665104120259116,2.286216818551509],[29.659476240236472,2.2798647198810613],[29.645480159581837,2.2707177711084228],[29.625427080195777,2.279321749699136],[29.607410879808413,2.2836626198342174],[29.605935600447765,2.275872492621602],[29.60808963233086,2.2674572205744425],[29.613929040093296,2.2446438448377535],[29.61622150731688,2.235068994138942],[29.61974693607243,2.2203443277286965],[29.621235600043065,2.214126627342125],[29.610081000238154,2.2106365122654097],[29.60997191966851,2.200712717418128],[29.61332063973589,2.1893541729568824],[29.6228404330397,2.187221165424603],[29.623108093763676,2.1841655047344375],[29.623914068879344,2.1557858921053707],[29.650336242323874,2.12553592614222],[29.65202787968309,2.113407565606849],[29.664606986723243,2.1010853103389877],[29.670066742086647,2.089355165108941],[29.669659582124154,2.0809865759698596],[29.671759688858742,2.0767617255733626],[29.68222161283734,2.08122785238362],[29.69060292198742,2.0764257343603276],[29.706707503648545,2.033087000265027],[29.70898666180517,2.029402121710689],[29.714695535670614,2.025019990680164],[29.71650849427175,2.016274064896322],[29.721983941905535,2.0095921596505946],[29.717928691955763,1.9982276535835126],[29.708299061752484,1.9970029981899984],[29.716689572765745,1.9856851075817872],[29.7250750448776,1.9780901503403356],[29.728145098317782,1.9632069937079564],[29.728447161707322,1.9617426330162857],[29.785270778423865,1.9156395052590938],[29.812147447646737,1.8938330167804338],[29.83869956233508,1.872289583597592],[29.860680953663234,1.8565462353206499],[29.886903149361046,1.837458052047623],[29.899474695800734,1.8307186396536395],[29.939065810139198,1.804180547194676],[29.94013016767326,1.8034671024249747],[29.94024554979245,1.803406603232304],[29.940313414432694,1.8033620822944272],[29.945997081200517,1.8001047207563943],[29.95144105795862,1.797534169666335],[29.9514837181992,1.7975140266511858],[29.955215589927718,1.795751900430048],[29.962147277375095,1.7923376251814034],[29.96807733410185,1.7894167072154232],[29.974321143606062,1.7863412416551228],[29.975515508933768,1.7857529420447804],[29.975518938948028,1.7857428498527952],[29.978504739402354,1.7842805576017895],[29.989217191120645,1.779003989642547],[29.988947236226124,1.7781139027345603],[29.98841781073355,1.7763682961601148],[29.98836358431214,1.776189500145449],[29.988183251356133,1.7755949088780767],[29.98785894323578,1.7745256095693662],[29.98691663719319,1.7714186578449471],[29.98917939081639,1.7606019926879526],[29.9999980974344,1.759053082234118],[29.999998461659857,1.752511393885868],[29.999998509323916,1.7516687561083586],[29.99999876832868,1.747023958289219],[29.999998830381855,1.7459157309264128],[29.999998876247332,1.7450898286328425],[29.997823339775493,1.7412610513566165],[29.99734129956147,1.7288409543467083],[29.9999980974344,1.7238041105713933],[29.999384298446785,1.7230860279979652],[29.99766103822651,1.7227432037360018],[29.996600806782,1.7225322830386176],[29.993669304694833,1.7219490915774713],[29.992902409618694,1.7185647061963891],[29.99265303301121,1.7174641770303083],[29.99265302581665,1.7174641446547412],[29.99205434713059,1.714822105555868],[29.985403355180836,1.704026097826329],[29.965738435780338,1.679242703188379],[29.948053397246667,1.6569550972001252],[29.942790698631995,1.653286071894854],[29.936046284208828,1.6529336158938008],[29.93602557821805,1.6529325340093806],[29.93433419176972,1.6528441441420796],[29.930671176633666,1.6496320382880754],[29.922186345623516,1.634929988928036],[29.921322089043315,1.6309954603723327],[29.921011903876433,1.629583342197634],[29.92057030887281,1.627572977910745],[29.920147453042716,1.6269978776500693],[29.919244908725716,1.6257703830968921],[29.917362351591407,1.6232100321174698],[29.916668271923356,1.618382080168999],[29.9164345219358,1.6178967969997302],[29.91624999993769,1.6175137136871172],[29.913526803319485,1.6118601364362917],[29.912887308902327,1.6105324915814094],[29.912003072084246,1.6086967423609053],[29.911249999587994,1.6071332979635145],[29.911249999587994,1.607083333429273],[29.91122811368666,1.6070878606164456],[29.911227769246295,1.6070879316628748],[29.904047405763322,1.5921881069957067],[29.90196840791583,1.5820729867790533],[29.89753638159891,1.5802993132628558],[29.89053498590107,1.5774971768533987],[29.86771566204834,1.582392300964102],[29.850816425937467,1.586304502950611],[29.83657880087111,1.586557993057113],[29.823537622163713,1.5897700809246658],[29.820795793391312,1.5904454034327955],[29.817668004375093,1.5912157878784683],[29.80440131616797,1.5848021162248642],[29.8035852839339,1.5842308992367862],[29.803357328278253,1.584071330727511],[29.789988132646386,1.5747129504424606],[29.78998739969893,1.5747109197732811],[29.789984350997145,1.5747095330186767],[29.78196811533644,1.563687113769447],[29.780842951940826,1.563356689359864],[29.779837824656056,1.5630615138779262],[29.77807995582549,1.5625452832383644],[29.768716785751224,1.5646325161778236],[29.768781338188376,1.5627123071274127],[29.768814218301713,1.5617342521342152],[29.768933291238568,1.5581922497726737],[29.760891400617822,1.5347490428342212],[29.756540444585994,1.5290079678435973],[29.757673978871196,1.5246360333264306],[29.75377852765712,1.517974033674875],[29.75467852689269,1.5110729771363367],[29.7533033285859,1.5090060598819264],[29.747129335250804,1.5064879959244308],[29.746893534808976,1.5016579701393766],[29.743690619126937,1.4998250879576176],[29.737648129158003,1.4781812166899613],[29.735412427141966,1.4701730002839213],[29.727846675383944,1.4554689652207458],[29.726804007698945,1.4521463335865974],[29.726457588846813,1.4510424112784222],[29.72611277618381,1.449943603414738],[29.724168558832105,1.4437480092634019],[29.724160570154368,1.4393785559757362],[29.724203644083047,1.4392036441330447],[29.72440220269965,1.4383973389661833],[29.724591738418155,1.4376276829713674],[29.72484062309644,1.4366170176613764],[29.72459423493615,1.4365809602433046],[29.719804969124198,1.435880077203933],[29.719286257255135,1.4358041618327775],[29.710236283277993,1.4344797734229928],[29.71023619694307,1.4344796771954975],[29.695363920308864,1.4323031101006336],[29.683483199789976,1.4320949404292946],[29.680515359696244,1.433940209872958],[29.673889199826874,1.4332623296929228],[29.667039839916868,1.4362644600369663],[29.664531719763204,1.4387984096190962],[29.663225181996722,1.441246090834568],[29.663208041817825,1.4417605102395328],[29.663085031649075,1.4415086497045877],[29.65519331971609,1.456293059876998],[29.633033879709956,1.4570226897454859],[29.62045476007927,1.4496855303630696],[29.61404604009283,1.4427978296562856],[29.600301817275238,1.424494943387117],[29.598564009621498,1.4221807431469529],[29.58748631983798,1.4074288200841352],[29.587484385396237,1.4074259899176695],[29.58458481643629,1.3679632969687532],[29.560007564397722,1.367233070849693],[29.56000715970282,1.3672324799950957],[29.54514888011687,1.3612784401480553],[29.528449920327716,1.346818949634951],[29.52821555970047,1.3440599096372807],[29.531858400345072,1.3364654398283733],[29.527959959784482,1.3256643599224276],[29.529542879900134,1.3153140903731355],[29.518333559945972,1.3047546600996611],[29.51215163998637,1.2964868103181857],[29.505065760176876,1.2935091604196032],[29.495918160295048,1.2859356601027798],[29.480604119584598,1.2795215396874937],[29.47899636019406,1.2742355702155805],[29.481039000249837,1.2659543996759908],[29.481036726763705,1.265951141432197],[29.478715479436005,1.2521451549750964],[29.47842384458494,1.2504106091624294],[29.477991884917742,1.2478414484242535],[29.47518245320782,1.231131783105468],[29.47504718168227,1.2303241325528234],[29.47321387861774,1.2266479693284964],[29.47312176106061,1.2256217610355975],[29.473121735879545,1.2256217358545882],[29.47228526115606,1.216303092114174],[29.473873757967738,1.2096320147059032],[29.470223541983046,1.2058818939344178],[29.468750000112607,1.2043680219667863],[29.46426572768138,1.19976100916341],[29.46037161016187,1.1919490509081356],[29.454883047714645,1.189887171655812],[29.449402609742833,1.1878285371574293],[29.445078824028656,1.1984109972698889],[29.441198288070723,1.2014059447287195],[29.435946402904335,1.2014140988817417],[29.433885714354403,1.1988879698041046],[29.443920705876053,1.1878361121470107],[29.443424156000162,1.1871386420348813],[29.443164357149556,1.186773719631617],[29.442083333379287,1.185255277309352],[29.441874300358847,1.1849616621511245],[29.4416318269474,1.1846210763017666],[29.437031022164092,1.1823145976407545],[29.436282019999396,1.1819391082034372],[29.43507998615263,1.1813365030773184],[29.434257512974,1.180924180107013],[29.43385908902593,1.180724441579855],[29.431277818017065,1.1821521054354776],[29.4242745427361,1.1860267544313388],[29.415839857923288,1.1840420460037535],[29.4152133290321,1.1838946363285459],[29.414598590252922,1.1837500001625472],[29.412622693382787,1.1832851100199946],[29.406690965715654,1.173426478249553],[29.406250000237492,1.1726935838419763],[29.40529722069033,1.1711100449927585],[29.40552169956692,1.1683510481624921],[29.408814721922056,1.1680145623223552],[29.409561774356575,1.167938226967749],[29.412372852725127,1.167650986204194],[29.4139681250291,1.1653490473208308],[29.403442653156105,1.1511106488375162],[29.398637785005917,1.1458289817222749],[29.397490263564976,1.1410030847247299],[29.39907928558074,1.1343330694157885],[29.395185748123936,1.1269820712657292],[29.38832550371916,1.1203242057976013],[29.37392488642456,1.1116091051762282],[29.3723172790194,1.104714099276407],[29.37641176369209,1.09229308765606],[29.375256314727324,1.0819490567037633],[29.377758883365914,1.0759681163356731],[29.37637396428721,1.0656250566511858],[29.373169965821432,1.059652065390651],[29.373687507672514,1.0522072553607131],[29.37369209691292,1.05214123612933],[29.373749999762822,1.0513083101305938],[29.373749999762822,1.0513041138938775],[29.373750280351317,1.0513042847650809],[29.373823727982824,1.0502477297491168],[29.374289339381676,1.0435572063001928],[29.37177280696966,1.0405730426119817],[29.365547751927352,1.039462319630502],[29.365378256701376,1.0394321626643546],[29.360347856568467,1.03622111801036],[29.358757086270657,1.0312364915710077],[29.35874999961294,1.031214289108334],[29.35851473876437,1.030477106733258],[29.35758308069478,1.016224975602313],[29.351865904288218,1.0116350571123576],[29.350940705149583,1.0022110173247256],[29.350181132353555,0.9963455409141488],[29.350108143376303,0.9957819133048247],[29.35001802591131,0.9950860242008162],[29.34841782712118,0.993019054785691],[29.336992876720046,0.987748012261136],[29.32511856836743,0.9873051132405521],[29.315761709735284,0.9916857352086481],[29.313750000062612,0.9911824404174467],[29.313750000062612,0.9911818306770783],[29.313022679653102,0.9909998096936192],[29.311914158212005,0.9893313640513952],[29.31191297740213,0.989332220205938],[29.311829099433567,0.989205949994755],[29.31175149693422,0.9890891280609821],[29.300718649146518,1.0027770560164981],[29.300006216114127,1.0036609394010156],[29.291113711628668,1.0146934454463121],[29.26833087057338,1.0425808105561032],[29.237416868593755,1.0885095615671503],[29.219516506281877,1.1114763958191816],[29.193478909024577,1.1442872910258188],[29.17069258309641,1.168898594095026],[29.14631057027674,1.2361417209638148],[29.134933918865443,1.2689435096354487],[29.136587480727826,1.2984553965994223],[29.143126080804166,1.3246837166803402],[29.08941027826188,1.3771995016558662],[29.085176523677774,1.3819566805565273],[29.105719328884106,1.3968609406800283],[29.108253739818394,1.3986319620955214],[29.108978864982817,1.4072950729094487],[29.110227745414306,1.4087777348048007],[29.11125000028744,1.4079166672206043],[29.11374999956297,1.4070833329296306],[29.114583332954624,1.4079166672206043],[29.11708333312947,1.4079166672206043],[29.118749999912723,1.4095833331044787],[29.129583333104506,1.4095833331044787],[29.13625000023751,1.4012500000876003],[29.138750000412358,1.4020833325798776],[29.14374999986279,1.4062500004373533],[29.14791666682089,1.4062500004373533],[29.151250000387392,1.4087499997128816],[29.15624999983777,1.4079166672206043],[29.157083333229423,1.4087499997128816],[29.162916666970773,1.4154166668458856],[29.16541666714562,1.4245833332543612],[29.16541666714562,1.427083333429266],[29.16375000036237,1.428750000212517],[29.16375000036237,1.430416666995768],[29.16541666714562,1.4320833328796425],[29.168749999812803,1.4320833328796425],[29.17124999998765,1.430416666995768],[29.178749999612933,1.430416666995768],[29.179583333004587,1.4312500003873652],[29.179583333004587,1.4354166673454642],[29.18458333335434,1.4370833332293955],[29.186250000137534,1.4404166667958975],[29.193749999762872,1.452083333379278],[29.19458333315447,1.452916666770932],[29.195416667445386,1.453750000162529],[29.195416667445386,1.457916667120628],[29.19791666672097,1.460416667295533],[29.19791666672097,1.4670833326298407],[29.19458333315447,1.4704166670956624],[29.192916667270538,1.4704166670956624],[29.191249999587967,1.4720833329795937],[29.195416667445386,1.4762499999376928],[29.198750000112568,1.4737499997628447],[29.20041666689582,1.4737499997628447],[29.202916667070667,1.4745833331544418],[29.20624999973785,1.4779166667209438],[29.20791666742042,1.4779166667209438],[29.222916666670983,1.4779166667209438],[29.224583332554914,1.479583332604875],[29.225416666845888,1.4887499999127272],[29.227083332729762,1.4912500000875752],[29.222916666670983,1.4945833327547575],[29.220416667395455,1.4979166672205793],[29.220416667395455,1.4995833331045105],[29.222083333279386,1.5029166666710125],[29.225416666845888,1.5054166668458606],[29.225416666845888,1.507083332729792],[29.227083332729762,1.5087500004123626],[29.227083332729762,1.511249999687891],[29.229583332904667,1.51541666664599],[29.233749999862766,1.5195833327048263],[29.23708333342927,1.521250000387397],[29.23708333342927,1.5237499996629253],[29.24041666699577,1.5262499998377734],[29.23708333342927,1.5304166667958725],[29.23708333342927,1.5345833328547087],[29.237916666820865,1.5354166671456255],[29.237916666820865,1.5412499999876559],[29.241250000387367,1.5437500001625608],[29.24041666699577,1.5445833326548382],[29.24041666699577,1.5470833328296862],[29.23875000021252,1.5487499996129372],[29.230416667195584,1.5512499997878422],[29.229583332904667,1.5587500003124433],[29.230416667195584,1.5595833328047206],[29.230416667195584,1.5620833329795687],[29.226250000237485,1.5654166674453904],[29.225416666845888,1.572083332779755],[29.226250000237485,1.573749999563006],[29.226250000237485,1.576249999737854],[29.222083333279386,1.5804166666959532],[29.222083333279386,1.582916666870858],[29.220416667395455,1.5845833327547894],[29.220416667395455,1.58625000043736],[29.217916667220607,1.5887499997128884],[29.217916667220607,1.5912499998877365],[29.21208333257988,1.5954166668458356],[29.21208333257988,1.5970833327297669],[29.2154166670457,1.6004166671955886],[29.214583332754785,1.6012499996879228],[29.214583332754785,1.60791666682087],[29.217083332929633,1.610416666995775],[29.217083332929633,1.6162499998378053],[29.218749999712884,1.6204166667959043],[29.220416667395455,1.6220833326798356],[29.226250000237485,1.6212500001875014],[29.228750000412333,1.6254166671456574],[29.228750000412333,1.6279166673205054],[29.224583332554914,1.6312499999876877],[29.222916666670983,1.6337500001625358],[29.228750000412333,1.6354166669457868],[29.230416667195584,1.637083332829718],[29.23124999968792,1.6362500003373839],[29.234583333254363,1.6395833330045662],[29.234583333254363,1.6412499997878172],[29.236250000037614,1.6437499999626652],[29.249583333404303,1.6479166669208212],[29.240439319119446,1.6901890002223467],[29.23946347465977,1.6959024858112457],[29.23780688298143,1.7056016920645902],[29.22421540731534,1.7851786421807674],[29.190808309256226,1.859855777322423],[29.17659756132855,1.9754410713485413],[29.13611439326479,2.124772536623425],[29.06446247586274,2.233222755226109],[29.011634968778935,2.3085782067190053],[29.01031786757568,2.308607103735028],[29.00845997974443,2.307694843142656],[29.007622022038845,2.3072833880181065],[29.006948887581245,2.306952864683126],[29.006489519276045,2.3064995587078556],[29.006344187034756,2.3063561447204393],[29.004793516607663,2.3048259401651876],[29.00403558057775,2.304078006395059],[28.999864531223295,2.299148581242207],[28.995666071432197,2.2923260831823313],[28.986744342577538,2.294425313077909],[28.98105613603201,2.2983359583379865],[28.981772351612904,2.300929087807333],[28.982086476709696,2.3020664028423994],[28.985746894603665,2.3153192127116426],[28.98814643960668,2.324008079209648],[28.993875479869644,2.3359681082417865],[29.000515320225986,2.343554048880435],[28.997089200006712,2.347930015058296],[29.000528280356036,2.3571301227570984],[28.99824731995801,2.3649559917258216],[28.98750527964512,2.372790100283055],[28.98637632021115,2.3891280596124034],[28.97814743985265,2.3971900033161546],[28.974039479738337,2.405708022907106],[28.972215359651273,2.413763022945318],[28.968788160245538,2.416758154765205],[28.967420519841255,2.423201997774129],[28.969713360283492,2.4291830307724354],[28.974512520436633,2.4238860868735514],[28.982515320226014,2.420427108124727],[28.990280520030126,2.406613069138018],[28.998745199931193,2.407755090325338],[29.005153199560652,2.4137311500726923],[29.01178943993085,2.414645015055555],[29.015682480062594,2.4192431398591907],[29.019111479911032,2.4187799970993638],[29.023220520111067,2.4095711219098916],[29.02445101480265,2.4087028867289746],[29.025657584829844,2.4078515309235513],[29.02647079858866,2.40727772658596],[29.02779251960925,2.406345119731668],[29.03166936025292,2.394834991841549],[29.042468639716105,2.400535776305219],[29.043897120156146,2.4040727784361593],[29.039923800243344,2.4218114921068263],[29.04505701087254,2.4238483072537633],[29.053000080389552,2.427000043417422],[29.0657844001301,2.435860904357412],[29.07205271975738,2.437247974614479],[29.082387600107836,2.4294010956841703],[29.082713623235293,2.429311721059264],[29.095548480378227,2.425793212586825],[29.09305186075494,2.4308116409446257],[29.08671192001924,2.4435554066568557],[29.09375279955225,2.452026312564442],[29.11035600042925,2.4455664031671063],[29.119488839738324,2.4547359537014586],[29.127153960287217,2.4568247217836188],[29.134772639845608,2.454661407098399],[29.14786296020759,2.4446748881357507],[29.15093845274754,2.4392100722871533],[29.152439210801106,2.436543363885278],[29.166261840111986,2.4119817501577927],[29.17517616035167,2.401306491701405],[29.18007318562917,2.4125927189789422],[29.181409606967975,2.415578343166146],[29.181409999072343,2.4155792298977303],[29.19085019967713,2.4366690531344375],[29.199272400101336,2.44442441525473],[29.204260559977,2.4557401843621847],[29.20511880009269,2.4706198723094417],[29.205211916796713,2.4790692187696095],[29.205298439671424,2.4869202597623143],[29.20298760019773,2.529455231973543],[29.208638879680734,2.5379322406805045],[29.22924635963193,2.5437209887327867],[29.23539947970238,2.524153111576993],[29.23811136914452,2.5199588633110466],[29.239945514873796,2.5171221317810932],[29.240498586240903,2.5162667353217216],[29.255949359875217,2.4923700029734164],[29.263015440210552,2.4730311093983346],[29.268726479643476,2.4661200595932655],[29.27236031987303,2.443565130126842],[29.284023239880753,2.4419380362115817],[29.298425400412043,2.434325096126429],[29.301614280374906,2.4244261180710396],[29.31029927978807,2.4179711171734652]]]},"properties":{"nom":"Lolwa","province":"Ituri","zscode":"CD5403ZS01"}},{"type":"Feature","geometry":{"type":"Polygon","coordinates":[[[30.488636701123028,1.593672878700545],[30.488036111377596,1.5937229277710685],[30.479524205377913,1.594432252746401],[30.468816630683136,1.5865800318431411],[30.462392086225975,1.5794416487132708],[30.460964409779876,1.5687340749177565],[30.45097067375775,1.5608818540144966],[30.44454612930059,1.5587403388956886],[30.440976937735627,1.5501742793197195],[30.433838554605757,1.5437497348625584],[30.428127847921985,1.5373251904053973],[30.42313097991098,1.5223345863722102],[30.41599259768043,1.5059163049936615],[30.403857347438816,1.496636407644246],[30.38672522828682,1.4894980254136954],[30.381025470848954,1.4878216261672605],[30.374589977145888,1.4859288329494689],[30.359599373112758,1.4637998457864114],[30.351747152209498,1.4502369190986997],[30.351500835095635,1.4485127046977482],[30.35126368027477,1.4484792382264118],[30.34122365524763,1.4403797900953919],[30.341539104146477,1.4319103096132721],[30.341853652824,1.4234649624382314],[30.3410080131095,1.4137940893259042],[30.334154191662776,1.410506521359025],[30.332534493772016,1.4097295997414108],[30.322177230195166,1.4104101599011187],[30.320506181914936,1.4105199617270046],[30.31310304107268,1.4110064113169756],[30.31021152464234,1.4111964083876956],[30.298021554251477,1.4111912318900295],[30.295919505880647,1.4131278859433678],[30.29192928231072,1.4168041480931493],[30.28899744657508,1.4337091146840635],[30.295802878200448,1.4541109799379228],[30.289116967374298,1.4788941119738297],[30.28169294337482,1.4886960387913177],[30.277653585344865,1.511538053438585],[30.277653541278085,1.5115383025507754],[30.277653794886874,1.5115382737724872],[30.275898865040745,1.5214606728719104],[30.27905926077642,1.5327503040834358],[30.296086915578883,1.5513536277678668],[30.298460390135062,1.56022503235954],[30.297771711795235,1.5698885858897142],[30.296302556817693,1.5779376387112052],[30.298669550859245,1.5860032363604546],[30.31716882118434,1.596555412702287],[30.3372614446601,1.614363910166503],[30.33278441806658,1.6288154129011332],[30.332278764353646,1.6304476176636058],[30.32978498568872,1.6384972928159982],[30.32142328895378,1.6481273223182598],[30.31953855186282,1.6568501652031387],[30.320933132358334,1.6575474545515476],[30.327476649927632,1.6608192142355165],[30.338898062395856,1.6672437586926776],[30.34460876907957,1.6736683031498387],[30.352460989982887,1.678665171160901],[30.362454726004955,1.6850897156180622],[30.3738761393725,1.6915142600752233],[30.386011388714792,1.697224966758995],[30.403143507866787,1.7065048641083536],[30.418847950572626,1.7229231445876394],[30.410281890996657,1.7300615277175098],[30.405998861658304,1.7407691024122869],[30.403338833420605,1.7476851767297035],[30.40441757111421,1.7487778197407238],[30.405531545144868,1.7476780208241394],[30.411674343696177,1.745165057821339],[30.41738505127927,1.741595867155695],[30.4245234326105,1.7387405133641778],[30.428092625074726,1.7251775857771463],[30.43094797796698,1.7216083942121827],[30.4323756553124,1.7137561733089228],[30.43951403664363,1.7009070843946006],[30.45307696512998,1.697337892829637],[30.457359995367653,1.6937687012647302],[30.465926054044303,1.6859164803614135],[30.47110867072871,1.686492326160078],[30.467151008012763,1.6821748761697677],[30.46417668200843,1.6732518981567637],[30.462313961220502,1.6695264556815346],[30.460563520790004,1.666025574820594],[30.45822802999976,1.6613545932400484],[30.456443434217306,1.6512418841058434],[30.460012624882893,1.6399394438504373],[30.470125334017098,1.6274472742724697],[30.47964317759073,1.617929429799517],[30.492135348068018,1.6054372602215494],[30.48873960874613,1.5957333028497942],[30.488636701123028,1.593672878700545]]]},"properties":{"nom":"Lita","province":"Ituri","zscode":"CD5405ZS08"}},{"type":"Feature","geometry":{"type":"Polygon","coordinates":[[[28.745702280436035,2.312935047014946],[28.753015320001168,2.303726001853647],[28.765369440047778,2.309009003562835],[28.768570200054853,2.307856996303485],[28.774513439943462,2.3023301506161147],[28.78183152020864,2.301864987979002],[28.79897328009298,2.3074505423088567],[28.807286399947543,2.3052835682822206],[28.81706449832808,2.3005159806281767],[28.819034279808307,2.2995555559443233],[28.841921280343,2.295899788444615],[28.857142439971767,2.29015499026076],[28.922344919682473,2.2806221747737254],[28.935737166737,2.2776949003994673],[28.96878204035903,2.270471947722399],[28.977592319829853,2.285592091002343],[28.976911200291852,2.291115039028],[28.979887320443652,2.294104136396925],[28.98105613603201,2.2983359583379865],[28.986744342577538,2.294425313077909],[28.995666071432197,2.2923260831823313],[28.999864531223295,2.299148581242207],[29.00403558057775,2.304078006395059],[29.004793516607663,2.3048259401651876],[29.006344187034756,2.3063561447204393],[29.006489519276045,2.3064995587078556],[29.006948887581245,2.306952864683126],[29.007622022038845,2.3072833880181065],[29.00845997974443,2.307694843142656],[29.01031786757568,2.308607103735028],[29.011634968778935,2.3085782067190053],[29.06446247586274,2.233222755226109],[29.13611439326479,2.124772536623425],[29.17659756132855,1.9754410713485413],[29.190808309256226,1.859855777322423],[29.22421540731534,1.7851786421807674],[29.23780688298143,1.7056016920645902],[29.23946347465977,1.6959024858112457],[29.240439319119446,1.6901890002223467],[29.249583333404303,1.6479166669208212],[29.236250000037614,1.6437499999626652],[29.234583333254363,1.6412499997878172],[29.234583333254363,1.6395833330045662],[29.23124999968792,1.6362500003373839],[29.230416667195584,1.637083332829718],[29.228750000412333,1.6354166669457868],[29.222916666670983,1.6337500001625358],[29.224583332554914,1.6312499999876877],[29.228750000412333,1.6279166673205054],[29.228750000412333,1.6254166671456574],[29.226250000237485,1.6212500001875014],[29.220416667395455,1.6220833326798356],[29.218749999712884,1.6204166667959043],[29.217083332929633,1.6162499998378053],[29.217083332929633,1.610416666995775],[29.214583332754785,1.60791666682087],[29.214583332754785,1.6012499996879228],[29.2154166670457,1.6004166671955886],[29.21208333257988,1.5970833327297669],[29.21208333257988,1.5954166668458356],[29.217916667220607,1.5912499998877365],[29.217916667220607,1.5887499997128884],[29.220416667395455,1.58625000043736],[29.220416667395455,1.5845833327547894],[29.222083333279386,1.582916666870858],[29.222083333279386,1.5804166666959532],[29.226250000237485,1.576249999737854],[29.226250000237485,1.573749999563006],[29.225416666845888,1.572083332779755],[29.226250000237485,1.5654166674453904],[29.230416667195584,1.5620833329795687],[29.230416667195584,1.5595833328047206],[29.229583332904667,1.5587500003124433],[29.230416667195584,1.5512499997878422],[29.23875000021252,1.5487499996129372],[29.24041666699577,1.5470833328296862],[29.24041666699577,1.5445833326548382],[29.241250000387367,1.5437500001625608],[29.237916666820865,1.5412499999876559],[29.237916666820865,1.5354166671456255],[29.23708333342927,1.5345833328547087],[29.23708333342927,1.5304166667958725],[29.24041666699577,1.5262499998377734],[29.23708333342927,1.5237499996629253],[29.23708333342927,1.521250000387397],[29.233749999862766,1.5195833327048263],[29.229583332904667,1.51541666664599],[29.227083332729762,1.511249999687891],[29.227083332729762,1.5087500004123626],[29.225416666845888,1.507083332729792],[29.225416666845888,1.5054166668458606],[29.222083333279386,1.5029166666710125],[29.220416667395455,1.4995833331045105],[29.220416667395455,1.4979166672205793],[29.222916666670983,1.4945833327547575],[29.227083332729762,1.4912500000875752],[29.225416666845888,1.4887499999127272],[29.224583332554914,1.479583332604875],[29.222916666670983,1.4779166667209438],[29.20791666742042,1.4779166667209438],[29.20624999973785,1.4779166667209438],[29.202916667070667,1.4745833331544418],[29.20041666689582,1.4737499997628447],[29.198750000112568,1.4737499997628447],[29.195416667445386,1.4762499999376928],[29.191249999587967,1.4720833329795937],[29.192916667270538,1.4704166670956624],[29.19458333315447,1.4704166670956624],[29.19791666672097,1.4670833326298407],[29.19791666672097,1.460416667295533],[29.195416667445386,1.457916667120628],[29.195416667445386,1.453750000162529],[29.19458333315447,1.452916666770932],[29.193749999762872,1.452083333379278],[29.186250000137534,1.4404166667958975],[29.18458333335434,1.4370833332293955],[29.179583333004587,1.4354166673454642],[29.179583333004587,1.4312500003873652],[29.178749999612933,1.430416666995768],[29.17124999998765,1.430416666995768],[29.168749999812803,1.4320833328796425],[29.16541666714562,1.4320833328796425],[29.16375000036237,1.430416666995768],[29.16375000036237,1.428750000212517],[29.16541666714562,1.427083333429266],[29.16541666714562,1.4245833332543612],[29.162916666970773,1.4154166668458856],[29.157083333229423,1.4087499997128816],[29.15624999983777,1.4079166672206043],[29.151250000387392,1.4087499997128816],[29.14791666682089,1.4062500004373533],[29.14374999986279,1.4062500004373533],[29.138750000412358,1.4020833325798776],[29.13625000023751,1.4012500000876003],[29.129583333104506,1.4095833331044787],[29.118749999912723,1.4095833331044787],[29.11708333312947,1.4079166672206043],[29.114583332954624,1.4079166672206043],[29.11374999956297,1.4070833329296306],[29.11125000028744,1.4079166672206043],[29.110227745414306,1.4087777348048007],[29.108978864982817,1.4072950729094487],[29.108253739818394,1.3986319620955214],[29.105719328884106,1.3968609406800283],[29.085176523677774,1.3819566805565273],[29.076375414593883,1.3755712808900853],[29.06820431297882,1.3460638788450865],[29.07305236477498,1.2985086553503038],[29.08930014908276,1.2443858799045984],[29.10017074388486,1.23342729723214],[29.08743660001926,1.2347522998788918],[29.080112399867517,1.2193549198938172],[29.072330639947268,1.2037283099137426],[29.060663399596365,1.1841973202502913],[29.03985792040686,1.1623768203341456],[29.035967040446735,1.1536439401158987],[29.023174439748743,1.1515880701334709],[29.00946240006988,1.1414856600353573],[29.00958333280471,1.1304166666959645],[29.022083332779744,1.1270833331294625],[29.034583332754778,1.1129166672705537],[29.02458333295459,1.0929166667709183],[29.0379166672206,1.0804166667958839],[29.05541666664601,1.0845833328546632],[29.058588108754407,1.0849901807524134],[29.051296376826485,1.063021838587133],[29.03213115942566,1.0196924151729831],[29.034493789057308,0.9715329902554686],[29.034486307597206,0.9586486596081158],[29.03446023715037,0.9137434863729368],[29.058335139355336,0.8294546373218168],[29.072663898120595,0.783698138858199],[29.10613896334263,0.7596034315532734],[29.122860392693156,0.713847689419481],[29.113271782367008,0.6656965616471666],[29.11158559669809,0.6636613661792694],[29.107129546791327,0.6582829895684768],[29.103819005642777,0.654287228872704],[29.103962399845045,0.6536161493659733],[29.101667400130566,0.6423580241037143],[29.098924199892053,0.6391441151089907],[29.08499724023062,0.6331841496289599],[29.08419860088486,0.633028189199706],[29.082190545157687,0.6326360470160921],[29.081311215940048,0.6324643277666837],[29.079766902820495,0.6321627491117283],[29.075636519909608,0.631356150765896],[29.072666519644315,0.6288310469154226],[29.072462183782932,0.6276722093051603],[29.070600480128235,0.6171140182974568],[29.06762939977716,0.6122910593850293],[29.06214731964326,0.6081601539680719],[29.05727042479043,0.6024755815830076],[29.04615431956637,0.5895185056746755],[29.045977350074793,0.5894762348405038],[29.042053711409835,0.5885390360478482],[29.039623200050812,0.5879584849962498],[29.039070318440622,0.5878453385916487],[29.03565382006792,0.5871461633649346],[29.03459904031365,0.5869303053894441],[29.034512762054476,0.5869231198062721],[29.029071600174348,0.586470011681854],[29.017013759977203,0.5838906400411474],[29.01250367970124,0.5744713801502144],[29.01182441186728,0.5734021545859491],[29.00548296027057,0.5634201664076954],[28.991415600249923,0.5603179496138182],[28.97181252003196,0.5629022000766213],[28.971097666024605,0.5632723700240376],[28.968257409152272,0.5647431302913901],[28.965582335256727,0.5661283533410142],[28.965474752957675,0.5661840618451492],[28.96530846831132,0.56626936344054],[28.958261760272194,0.5698975856052471],[28.95415279021927,0.5719999577320323],[28.954148808021216,0.5719940653739854],[28.94817563959424,0.5750581922819151],[28.940633280101963,0.5779866627544266],[28.932084000076713,0.5820505470952071],[28.931482708860074,0.5821865767492795],[28.915997400359913,0.5856898210285522],[28.90091772027671,0.5876348019047555],[28.88785332017477,0.5861912047604392],[28.879512299753003,0.5855667173303232],[28.879164629044567,0.5855406873529887],[28.87915069225079,0.5855396441394305],[28.87812461166169,0.5854628222515998],[28.875793319806007,0.5852882800302837],[28.87367272471664,0.5850217533513842],[28.868677104964604,0.5843938781750921],[28.86487196456966,0.5839156277042434],[28.864016892765562,0.5838081578203855],[28.860216480106658,0.5833305018013561],[28.85235265075437,0.5819007191430501],[28.84470634941863,0.5805104868696276],[28.8438726841772,0.5803589124340078],[28.843637887378748,0.5803162216164992],[28.84340844874106,0.5802745056640788],[28.842629161906473,0.5801328183750343],[28.84195479897494,0.5800102066058912],[28.84147984541869,0.5799238519044252],[28.841130317610236,0.5798603022113298],[28.840746665026757,0.5797905471961826],[28.840621679946764,0.5797678231267014],[28.826551440296896,0.5789009423247649],[28.813484520294537,0.5791336131259186],[28.805157287379075,0.5769663081487693],[28.803436920277818,0.576518552789139],[28.801719981392182,0.5764727656057858],[28.790873640406346,0.5761835148574619],[28.780823519589944,0.5752449050285122],[28.77435228143281,0.575360163041239],[28.762731000035785,0.5755671474061046],[28.7535452401209,0.5735041143235549],[28.742630760201564,0.5742488033397422],[28.733586120103553,0.5732921692983268],[28.72879699638446,0.5733775113632191],[28.720519200101194,0.5735250199638813],[28.70996831968239,0.5714776647625968],[28.689866999762387,0.5707180182221236],[28.674286560076837,0.5715544416842704],[28.668063429583754,0.575941668273515],[28.66803815683562,0.5759594847426115],[28.660370400373836,0.5813651530795028],[28.657477087997393,0.5726659722569707],[28.657394280222036,0.5724169967471653],[28.656673115671936,0.5724172017925753],[28.653579359699847,0.5724180786315856],[28.652615707349185,0.5711617311291661],[28.647413280398723,0.5643791440824089],[28.646497439605298,0.5586350069002037],[28.63873548005853,0.5542730125896469],[28.635994439991578,0.5480710926070174],[28.6316564395932,0.544856047768576],[28.627319520179867,0.5439390594402198],[28.61873643373957,0.5461474058782301],[28.61568252043213,0.5469331489458114],[28.610887319993992,0.5453260766373091],[28.608375240125383,0.5407321219900041],[28.608261047809265,0.5406478501183756],[28.604952360163452,0.538206077448649],[28.595502644731425,0.5397275738686176],[28.59543115492403,0.5397247167224464],[28.59194339966831,0.5402810166557401],[28.57801824044958,0.527420088166707],[28.573908479892623,0.5267330645794459],[28.568430360372986,0.5225990340183557],[28.55496419983814,0.5196180890037567],[28.553594400161614,0.5214571198503677],[28.55661743075001,0.5256873607832517],[28.558847520097117,0.5288080091824554],[28.554283440028883,0.5324860636810627],[28.55565647996275,0.5402981379488665],[28.554744240054788,0.5442050717068696],[28.543791240373594,0.5448991216972559],[28.54036728032588,0.5432920493887536],[28.5332921995755,0.5439841163740198],[28.531694519786413,0.5421470739285041],[28.528955280162222,0.5421481558129244],[28.526218199810216,0.5446770835807229],[28.523250359716485,0.5449081329041974],[28.520511479821096,0.5412320686052681],[28.516630319733622,0.5400851110392182],[28.512293400320345,0.5354911527946342],[28.508035281303364,0.5341883696976879],[28.507044240099788,0.5338851578738968],[28.502481240117277,0.5396311215791343],[28.498375440174584,0.5419300828072551],[28.49769036002226,0.5446880777927277],[28.498845283782998,0.5470118720004393],[28.499517359738547,0.5483641402930175],[28.49924658915893,0.5491827778630523],[28.498377239718025,0.5518111337769369],[28.50017955304412,0.5542297174276882],[28.501116480241535,0.5554870110169077],[28.50018397770856,0.5599159121897515],[28.501602597082353,0.5619277810424137],[28.504999439872392,0.5667451380778061],[28.502851732021952,0.5686850647641108],[28.49838228041807,0.5727221178316313],[28.487886479877318,0.57778102737268],[28.48218119970278,0.5860560366569416],[28.476934199653783,0.5872060483206383],[28.477104982708966,0.591655840744636],[28.477163519580927,0.5931810225862932],[28.475353469387244,0.5945259281292579],[28.472081319397546,0.5969572039119839],[28.458908280293088,0.6067450383529831],[28.456499717787892,0.6102493573221182],[28.45552483200555,0.611667759959289],[28.455493726254645,0.6117130174419572],[28.45274723989337,0.6157089966729927],[28.449344738568982,0.6189994172894444],[28.44916031639565,0.619177765441691],[28.447042320346952,0.62122599388465],[28.447213327333372,0.6222128055766802],[28.44795851996986,0.6265130191606545],[28.44635940036619,0.6297299993401566],[28.44248039955096,0.6283520149336823],[28.441581505582178,0.6290815063066475],[28.434265199679373,0.6350189977287073],[28.431444172111014,0.6351382136577968],[28.423309320369015,0.6354819903017983],[28.420989638761,0.6399427040926753],[28.4182894800756,0.6451350712267185],[28.410074280204014,0.6524910219432627],[28.404754367620114,0.6526601160716723],[28.40277132024039,0.6527231477552391],[28.398606520274882,0.6569805742942094],[28.397978279973813,0.6575500340070448],[28.39342803957254,0.6577503292144797],[28.392729480381377,0.6577810788338638],[28.392624471941986,0.6581114663712242],[28.39090320012275,0.6635270911025373],[28.38474144026543,0.6639880979724921],[28.383873304909287,0.6637170863746178],[28.378120320196786,0.6619211348526619],[28.377317159959148,0.6679166667209415],[28.376981280262044,0.6704239909745411],[28.374698520320635,0.6747911150180812],[28.37538540001634,0.6777790027988999],[28.371043136831474,0.6800809650646329],[28.358038440022142,0.6869751399908637],[28.35532387419761,0.6866829313723315],[28.354029705706523,0.6865436200921522],[28.351646280151897,0.6862870561029126],[28.350742231269123,0.6868940912894459],[28.34959248040883,0.687666107105315],[28.347812562000286,0.6897904685554295],[28.347185840654163,0.6905384715733476],[28.34703349819756,0.6907202956053311],[28.34342927983755,0.695021993070668],[28.337745960208053,0.6978278445795354],[28.33362642761773,0.6977090459358806],[28.32639084036515,0.6975003852347754],[28.32036527293917,0.697250324243214],[28.31431392015145,0.6969991921591259],[28.30696079690341,0.6959102462610076],[28.30474298510086,0.6955818030579053],[28.28778628141191,0.6930706351018898],[28.284802754443717,0.6926287945833565],[28.269957599563725,0.6904303316945857],[28.259145719699347,0.6909780233172569],[28.248503040083392,0.6880206009701055],[28.246461566448318,0.6879842737553759],[28.23967152042451,0.6878634480398773],[28.238254949706345,0.6877788865865],[28.232833304913243,0.6874552448638269],[28.222203213107946,0.6868206877247189],[28.21684729796459,0.6865009697441451],[28.212460938321783,0.6862391294324652],[28.211766705769037,0.6861976868739248],[28.20834462530439,0.6859934076697982],[28.199051771422262,0.6854386770534688],[28.182889080067184,0.6844738546848248],[28.180241940013673,0.6845572254357535],[28.180054797391165,0.68456311869312],[28.179854200011505,0.6845694364305359],[28.17985275210299,0.6845855387917368],[28.17985270533825,0.6845860666937824],[28.16829357159122,0.8129575672380724],[28.165915493405464,0.8635456706962827],[28.24253728207009,0.9911905576982463],[28.34784902860997,1.0345066576562658],[28.369378965666897,1.0176362583068226],[28.40529268920642,1.0609772101303179],[28.430262186850598,1.1043422781737604],[28.43163686534922,1.106729711107448],[28.431651330044986,1.1362493951936017],[28.421249999687916,1.146250000237501],[28.414583332554912,1.1545833332543793],[28.414583332554912,1.1679166666210108],[28.4012500000876,1.1704166667959157],[28.39125000028747,1.1729166669707638],[28.384611769717537,1.1826960693682622],[28.352721872916277,1.2223868097036643],[28.31207373681366,1.2946706456339712],[28.27144787961612,1.4103149109045603],[28.240357743615164,1.4560999205750136],[28.21165111770506,1.4850221202747775],[28.170996574832202,1.552493612890089],[28.1833362418742,1.5708020677614059],[28.186704426867948,1.575799469969752],[28.190855471702832,1.5819584059558451],[28.194532992004156,1.5874147699757941],[28.22130710433953,1.627139716924546],[28.22900479293702,1.6792056151471684],[28.229692768906318,1.6838584349189887],[28.2284611329751,1.6840625990099056],[28.20920579990792,1.6830223082330917],[28.212135120239793,1.6843664439563781],[28.21377183240429,1.6870721190832114],[28.21547772042061,1.6898921511020717],[28.209604320083486,1.6979090108923174],[28.199537280321408,1.7101895133355356],[28.190706120391326,1.7378067041162808],[28.19190923971979,1.7764147776200616],[28.188128880143893,1.7848594700886338],[28.19062620033901,1.7959848518196395],[28.225260890977495,1.8235747140020067],[28.226529620345843,1.8245853748153422],[28.231200360008756,1.828306039192512],[28.240403760125616,1.834657797919192],[28.251700559833125,1.8414375467055493],[28.264676400095937,1.8453952103208735],[28.27671811814679,1.8497979726984681],[28.286923021280586,1.853529142955722],[28.288290586141784,1.8540291588187756],[28.288951559966677,1.8542708273369612],[28.289663371567485,1.855741394250117],[28.289850237198834,1.8561274471241518],[28.298555279802486,1.8741115093388316],[28.300853694242733,1.9224253280665948],[28.30386429170386,1.9857081266288787],[28.303993622307985,1.9884265712294678],[28.308569927760118,2.084615308050161],[28.308730679777227,2.087994080762371],[28.30744908021103,2.106629689208944],[28.30893325566541,2.123942926425059],[28.30976532011357,2.133649088934476],[28.30982326792963,2.135496193894369],[28.31056847225733,2.1592496003889323],[28.312037304378237,2.205346581279855],[28.3120374239881,2.205350297278585],[28.312655276220198,2.224035182277987],[28.3134301051154,2.243154687139281],[28.313430132994426,2.2431553166646836],[28.314525771647197,2.266366178356634],[28.3146995242638,2.270047033344099],[28.315859979754407,2.294630475416284],[28.316674886037333,2.311893540354788],[28.31679539968809,2.3144465007056283],[28.313898480130945,2.336125139763567],[28.3213774796871,2.3352881182522083],[28.321378188352867,2.3352877819057767],[28.32137836372067,2.335287700067454],[28.32179617615276,2.335240834597016],[28.32213161428274,2.335203208761243],[28.32601043973017,2.3331848791789866],[28.327321519072996,2.3325026651660323],[28.32773726306442,2.33228633504649],[28.32775054784969,2.3322800640738706],[28.329027020380863,2.331615930031319],[28.340692242653063,2.325546631272175],[28.345303643248712,2.3231473596630963],[28.349119439710535,2.3211620316026256],[28.360719317242854,2.3115011472602873],[28.360758452141,2.3114685531313626],[28.364191828090554,2.3086090750489348],[28.37886947974289,2.2963847622471576],[28.39125072604031,2.269610247914784],[28.39956696024717,2.2516260651909192],[28.409991840251394,2.2519297023940226],[28.425373199713533,2.260715506815359],[28.440368279672555,2.2659588700059885],[28.44946032663296,2.2711593733066024],[28.460643839641648,2.277556152094917],[28.464223601837944,2.279183751429173],[28.477782834110656,2.2853486777993908],[28.479474510140676,2.286117825677252],[28.49559609528376,2.293927452889818],[28.55667924025488,2.3235169900172536],[28.58058143958192,2.333970095243842],[28.587898439761375,2.3263731163264083],[28.590179400159343,2.3125660515821664],[28.59657840027313,2.300828049874781],[28.601150399771313,2.296454096379591],[28.60137540025471,2.2884000298376463],[28.604576519990587,2.284717039859686],[28.609371359800605,2.2690690413033963],[28.61417447966869,2.2697560873737075],[28.61966123987446,2.2646921092535877],[28.62515051998065,2.265609132655527],[28.628122319789384,2.2628459908499394],[28.636116479791895,2.2414441145543833],[28.639545479640333,2.240522031566684],[28.646408520037312,2.2435090739847396],[28.65280931969454,2.239133143779725],[28.671329519941537,2.2322200201379587],[28.68116436014725,2.2315241319333268],[28.69007831975881,2.225996091046909],[28.69556651977922,2.224842035131985],[28.697164199568306,2.218630140768539],[28.714311359881492,2.2110249834163938],[28.71865223990909,2.2041210913154714],[28.728377639816415,2.2057187468228676],[28.73879063977637,2.204959091289197],[28.751209920201802,2.1971008224451793],[28.764831239869977,2.1817710166192796],[28.774902240246377,2.194648042073652],[28.77650639965077,2.2010900243852802],[28.772623440019913,2.206154044773484],[28.779718320244456,2.2169629811568257],[28.777433400131486,2.2206461456033253],[28.776979440349066,2.2266291283317514],[28.769895360082955,2.232386068262599],[28.768324357783058,2.237364537943222],[28.767190747954828,2.24088118032239],[28.767190470963612,2.240882040973588],[28.764755819125924,2.2484347192870473],[28.762602756712,2.253776453920352],[28.759165199814277,2.262304997377896],[28.752994440441228,2.2676011210950264],[28.750992921885995,2.279726946441599],[28.750715279586643,2.281408986235874],[28.74774347977791,2.2834810898805813],[28.741340519949176,2.2839460798478513],[28.740780075939938,2.2856406471982496],[28.7403017229463,2.287087000764643],[28.739480607744042,2.2895697267616697],[28.737915479815683,2.2943020519982724],[28.72305720022979,2.307198062141026],[28.719173520241952,2.3154841501735746],[28.713003480326506,2.3219300913008283],[28.70934839990889,2.330676023379965],[28.70935020035165,2.3361991530686055],[28.715296319869424,2.333664135091908],[28.72329551967266,2.325375093685807],[28.735872480031105,2.319614028564729],[28.745702280436035,2.312935047014946]]]},"properties":{"nom":"Mambasa","province":"Ituri","zscode":"CD5403ZS02"}},{"type":"Feature","geometry":{"type":"Polygon","coordinates":[[[30.87030032330142,2.278320276359807],[30.866670839387893,2.272086109386578],[30.862453540598608,2.2653384313236984],[30.85781451193037,2.264494970666533],[30.856549323192894,2.2581690233818676],[30.856549323192894,2.2531082648347365],[30.85907970156711,2.249312696823665],[30.8641404601143,2.243408479417951],[30.868779487883216,2.240878100144357],[30.872575056793607,2.234552151960429],[30.87468370618825,2.2290696644336094],[30.879322734856487,2.22232198637073],[30.880587923593964,2.215152579328219],[30.87805754521969,2.2092483610231852],[30.872575056793607,2.2046093323549485],[30.865827378730728,2.200813764343934],[30.86076662108286,2.1999703036867118],[30.856549323192894,2.1995485738078173],[30.85570586343499,2.206296251870697],[30.853175484161454,2.210935279639614],[30.848958185372112,2.2126221991553052],[30.84490957331832,2.2135009006461814],[30.844776763237178,2.213286772067022],[30.841918948001194,2.208679151321917],[30.8413085727326,2.201477026044074],[30.840515198018124,2.197876026357676],[30.83972169829792,2.195129400601502],[30.838317948314852,2.190124525926308],[30.835876448139743,2.1829224006484083],[30.83471682272335,2.1781006513241437],[30.8333129477345,2.167724651271783],[30.83349619809121,2.1629029010481986],[30.83312982328289,2.1591186510050875],[30.83312982328289,2.1549072760500962],[30.835510198337147,2.1511231510127686],[30.836730947975013,2.144714401348722],[30.836486823408336,2.1409301513056107],[30.836303698057407,2.1353149013617667],[30.835693322788757,2.130676275589792],[30.83532643266892,2.1288786414363017],[30.833360326717866,2.12883365914621],[30.828347841080188,2.1304311563729357],[30.822101849820683,2.1399963159773847],[30.81204041103632,2.145475508388188],[30.78029761094615,2.1550245548394855],[30.770849867727406,2.15652029287736],[30.766418758718885,2.1564175102600416],[30.747971283048457,2.144373857767505],[30.747065094678533,2.1437822396587762],[30.745562820368036,2.1428014579211094],[30.73792622901243,2.134629992979967],[30.730212792386624,2.131596361183256],[30.71638661075366,2.1295645669513874],[30.699207468749876,2.140424630692337],[30.681852479608438,2.1377110442294907],[30.664013399798705,2.1370621186220546],[30.65855039968136,2.1344750613751557],[30.65001668332343,2.1374012062008774],[30.651231317571387,2.1404858592351843],[30.652611879434858,2.144096946616969],[30.65454466280613,2.145485825410674],[30.656477447076668,2.1485413521018586],[30.657029671282487,2.152152420597872],[30.658134118794692,2.1549301601988873],[30.660619128170367,2.162430031221106],[30.66189607374497,2.170843252814052],[30.663818780212694,2.1801490011756073],[30.6612884009391,2.186896678339224],[30.65411899389659,2.1877401380970696],[30.64779304571266,2.190692247249558],[30.645262667338386,2.1923791667653063],[30.643575746923375,2.1957530048974263],[30.639639197591066,2.2010080259997835],[30.640374823239654,2.2025320261322463],[30.64039582330878,2.2031835255993997],[30.640439197611045,2.204530900680709],[30.641217948449707,2.2055432756018263],[30.64172894773293,2.2062074006511807],[30.64183107294582,2.2073022757795684],[30.641967322933795,2.2087632757047686],[30.64276069764827,2.2109790262612137],[30.644630573442385,2.2162019010970084],[30.64482482340702,2.2165917760897287],[30.645938197589885,2.2188279007871756],[30.646004822964358,2.219619151302936],[30.646113572583488,2.2209089014248207],[30.646329572651837,2.2234690257751026],[30.647209822775267,2.224842276150298],[30.64882182336862,2.2273571511117893],[30.65024032313255,2.2310325256307237],[30.65223932268674,2.239350651111806],[30.652266698049857,2.239432776301726],[30.653051823283192,2.2417841509179652],[30.653114072556548,2.2422410263025085],[30.653335572878575,2.24386415061025],[30.65359794828686,2.245788651225439],[30.653722322727162,2.2467014010489947],[30.653958697835776,2.247370901346187],[30.654784323138188,2.2497097762853286],[30.656042572706724,2.2517035255974065],[30.657519948387062,2.254044400628743],[30.658003573206486,2.2551727764026737],[30.658512073273755,2.2563595262712965],[30.66062782281591,2.26129627640222],[30.66160219778334,2.262173151370007],[30.662642948113728,2.263109776395254],[30.66475869765594,2.2664346509385496],[30.667277447796153,2.268348901081083],[30.671710448078898,2.2741924007588636],[30.67694969777051,2.2791292758955137],[30.67697594808169,2.279576025813128],[30.677016823168003,2.280271026386913],[30.68081582299203,2.284129526256777],[30.685614073031218,2.2890031511746542],[30.685923322903193,2.2893169012541534],[30.688562909550797,2.2919977658843322],[30.695870249212817,2.2906422222608853],[30.70472657577102,2.290220492381991],[30.71189598281353,2.289377032624145],[30.719487120634255,2.2885335728662426],[30.730030366708206,2.2872683832294456],[30.738886694165785,2.288111842987348],[30.75027339999758,2.283894544198006],[30.754490697887547,2.287690113108397],[30.75828626679794,2.291485682018788],[30.764190485102972,2.2957029799087536],[30.766299133598295,2.2990768189401933],[30.768407783892258,2.3041375765880616],[30.77262508178228,2.308354876276667],[30.778305698049678,2.3137879010909046],[30.782385323224275,2.3137879010909046],[30.782470697664735,2.3137207756934117],[30.7827203027,2.3137285773121334],[30.78833019808036,2.313903901044341],[30.791870072645906,2.3117065263352856],[30.79528807288642,2.3096924010836233],[30.805114697785257,2.303894025788793],[30.81311032278336,2.300292901096668],[30.820129447716,2.2974854011305297],[30.824279822555923,2.29669190141027],[30.82647707315857,2.2949217757195584],[30.83349619809121,2.292480401449552],[30.836913948320216,2.2915039013840897],[30.840271072552127,2.2894897761324273],[30.843322822990046,2.2891235263298313],[30.848510698010443,2.287109401078169],[30.854309073305274,2.2847290260239106],[30.86328119836878,2.2816772755859347],[30.86403863077834,2.2814213222363833],[30.87030032330142,2.278320276359807]]]},"properties":{"nom":"Rimba","province":"Ituri","zscode":"CD5407ZS07"}},{"type":"Feature","geometry":{"type":"Polygon","coordinates":[[[30.993395193833294,2.162822407228475],[30.99314438640448,2.1613175581589417],[30.991967518286515,2.1542563467531863],[30.992681356059904,2.143548772957672],[30.990539840941096,2.1371242276011913],[30.986256810703424,2.134268874708937],[30.98197378226439,2.1314135218167394],[30.978404589800164,2.1257028160322875],[30.977690752026774,2.1192782706758067],[30.9734077217891,2.112139888445256],[30.964030139179727,2.1033161722037335],[30.965012968673705,2.09108492832695],[30.96257097926747,2.078060987824472],[30.962558857305567,2.0779963391598812],[30.96184999458177,2.074215734069014],[30.956578371994453,2.0626181632977705],[30.95605121009544,2.053129241021793],[30.95341539790246,2.0431131568468572],[30.951833911306153,2.036260046763914],[30.946562287819518,2.0330970726719215],[30.946075239281015,2.0332269527618223],[30.940039799996953,2.0404772897952625],[30.932713800301826,2.0483048449927423],[30.92485104024348,2.0549776347102124],[30.91972656113205,2.059571092931776],[30.91639746607035,2.062555205358592],[30.913047719876545,2.06555782223586],[30.90737520020548,2.0739945799860493],[30.91618538794546,2.110530591214001],[30.91618516401428,2.1105309050773826],[30.916649460604276,2.112455082835993],[30.918317503350238,2.119367905204797],[30.919205758339217,2.129494120357549],[30.911889125982555,2.1409230736410905],[30.90179224311771,2.148685829087924],[30.894563196634408,2.150232606349846],[30.886840826143384,2.147771302203978],[30.88426156511929,2.13514609411709],[30.88380277777611,2.1288523848298837],[30.87486840625212,2.125443481231855],[30.871198126392585,2.11942530713236],[30.870773689554312,2.1122764810749004],[30.870756681575756,2.1119900011378263],[30.86242079718221,2.1135111117485508],[30.853408281766974,2.1220716737689145],[30.852775819148917,2.12267241999632],[30.848919232137007,2.1263355943123656],[30.843334278554266,2.1290618531222094],[30.8392883150039,2.1289692850046436],[30.83532643266892,2.1288786414363017],[30.835693322788757,2.130676275589792],[30.836303698057407,2.1353149013617667],[30.836486823408336,2.1409301513056107],[30.836730947975013,2.144714401348722],[30.835510198337147,2.1511231510127686],[30.83312982328289,2.1549072760500962],[30.83312982328289,2.1591186510050875],[30.83349619809121,2.1629029010481986],[30.8333129477345,2.167724651271783],[30.83471682272335,2.1781006513241437],[30.835876448139743,2.1829224006484083],[30.838317948314852,2.190124525926308],[30.83972169829792,2.195129400601502],[30.840515198018124,2.197876026357676],[30.8413085727326,2.201477026044074],[30.841918948001194,2.208679151321917],[30.844776763237178,2.213286772067022],[30.84490957331832,2.2135009006461814],[30.848958185372112,2.2126221991553052],[30.853175484161454,2.210935279639614],[30.85570586343499,2.206296251870697],[30.856549323192894,2.1995485738078173],[30.86076662108286,2.1999703036867118],[30.865827378730728,2.200813764343934],[30.872575056793607,2.2046093323549485],[30.87805754521969,2.2092483610231852],[30.880587923593964,2.215152579328219],[30.879322734856487,2.22232198637073],[30.87468370618825,2.2290696644336094],[30.872575056793607,2.234552151960429],[30.868779487883216,2.240878100144357],[30.8641404601143,2.243408479417951],[30.85907970156711,2.249312696823665],[30.856549323192894,2.2531082648347365],[30.856549323192894,2.2581690233818676],[30.85781451193037,2.264494970666533],[30.862453540598608,2.2653384313236984],[30.866670839387893,2.272086109386578],[30.87030032330142,2.278320276359807],[30.87988282273426,2.275878901190481],[30.885681198029033,2.272522026070817],[30.90289307265732,2.267273025929569],[30.90789794823189,2.2667236507760435],[30.912109323186883,2.2653199007929743],[30.915710447879007,2.264099151155051],[30.921508698168054,2.259887651194333],[30.92590332258044,2.2603150261177234],[30.927317198030437,2.2613004006930737],[30.927917572837885,2.2617187761007926],[30.92987069797448,2.262878400617865],[30.933471697660877,2.263122526083862],[30.93609619818119,2.2634886508806744],[30.939086822598938,2.2619019005524024],[30.942504822839453,2.2600709006517263],[30.943115198108046,2.2565307760746123],[30.94867093721416,2.2513422706294364],[30.95499688539809,2.2487064602350983],[30.96290432017838,2.2465978108404556],[30.969230268362367,2.243434836748463],[30.973974728151347,2.23658172666552],[30.975556214747655,2.229201453784242],[30.972920404353317,2.220766857104934],[30.973974728151347,2.2149680717192837],[30.977664865041675,2.2060063122416977],[30.977664865041675,2.1996803649570325],[30.98340145781117,2.19565896818699],[30.98911216539426,2.1928036152947925],[30.991967518286515,2.189234422830509],[30.992681356059904,2.182809879272668],[30.994109033405323,2.170674628131735],[30.993395193833294,2.162822407228475]]]},"properties":{"nom":"Logo","province":"Ituri","zscode":"CD5407ZS04"}},{"type":"Feature","geometry":{"type":"Polygon","coordinates":[[[31.02632516827208,2.0751639009934024],[31.02703900604547,2.072308548101148],[31.029180521164278,2.072308548101148],[31.03096511694673,2.0698101136459854],[31.035248147184404,2.066597842316753],[31.039174257186403,2.063385570088144],[31.041672690742246,2.0630286498524697],[31.04417112519741,2.0616009743056907],[31.047383398325337,2.0637424894244987],[31.049524911645506,2.066597842316753],[31.0523802663364,2.071237790991404],[31.054521779656568,2.0737362254466234],[31.05630637633834,2.0758777396661117],[31.06166016278644,2.0773054161122104],[31.069155465252663,2.076948496775856],[31.074152333263726,2.0783761741212743],[31.07772152482869,2.080874607677174],[31.08093379705724,2.0815884463498833],[31.08343223061314,2.086228395024591],[31.087001423077368,2.089797585690178],[31.09128445241572,2.0937236965914963],[31.09413980530792,2.0958652117103043],[31.096281320426783,2.0997913217123028],[31.099493592655335,2.1012189990577212],[31.1030627842203,2.1022897561674654],[31.106631975785206,2.1001482410486574],[31.111985763132623,2.0990774839389132],[31.117696468917075,2.096222131046659],[31.124834852046945,2.091939100809043],[31.125797474673902,2.0895034408312654],[31.129487610664853,2.08528614204198],[31.13317774755518,2.0800145185553447],[31.14055802043646,2.0794873566563297],[31.14846545521675,2.073161409371721],[31.155318565299694,2.074742895968029],[31.161117349786025,2.075270057867044],[31.166916136070995,2.077378707261687],[31.17113343396096,2.077378707261687],[31.173769246153938,2.074742895968029],[31.17412544423405,2.074188284961565],[31.181103785811217,2.0680661501328927],[31.18918681591896,2.0633114272807234],[31.194892483701324,2.0576057585990384],[31.20059815238301,2.049522729390617],[31.206303820165317,2.046194422135045],[31.216288739234074,2.0414396992828756],[31.22532271427201,2.037635919562206],[31.231028382054376,2.0362095030662886],[31.237209522301782,2.0333566691750775],[31.241488772688854,2.0300283628188254],[31.245292552409524,2.027175528927671],[31.249126631189256,2.0247107641905586],[31.24494194091801,2.016999271899067],[31.176508918352056,1.9347713209398876],[31.16094436069386,1.9199993304049485],[31.149944671809294,1.908999336650254],[31.143944840282302,1.9009993418463296],[31.081946553290948,1.821999385063748],[31.077606999763418,1.816419811225444],[31.04694749872823,1.7769994088957901],[31.034947818587113,1.7589994178889583],[31.02871512920001,1.7678863249940378],[31.022665352024546,1.7747348737156017],[31.012078243316466,1.7800615069331798],[31.006028465241627,1.7846271788014292],[30.996197577556302,1.796041310358362],[30.993928910890702,1.8059334976329637],[30.97956069167276,1.8302832670593148],[30.97124224783164,1.840175264576942],[30.965192470656177,1.8485453726709693],[30.959142694380034,1.8591981822504522],[30.946286918106978,1.8782208912812735],[30.93343114273324,1.893438906880192],[30.928893810301247,1.8995260760677297],[30.921312325803342,1.905964500661355],[30.916328133736556,1.9148196392151249],[30.914418269587657,1.9255073946507082],[30.913908288336984,1.928361283446634],[30.914959818840714,1.935920979170021],[30.915828359791135,1.9421771588489491],[30.92365836024527,1.9595031403578105],[30.934962696271555,1.9727373333614082],[30.936167702377702,1.9741480485937473],[30.939708239743652,1.9782929969244378],[30.95446931970349,1.9887920952791092],[30.960811440395844,1.9950650778911836],[30.96485339207055,2.0026942273568693],[30.950769599637454,2.027587622570877],[30.946075239281015,2.0332269527618223],[30.946562287819518,2.0330970726719215],[30.951833911306153,2.036260046763914],[30.95341539790246,2.0431131568468572],[30.95605121009544,2.053129241021793],[30.956578371994453,2.0626181632977705],[30.96184999458177,2.074215734069014],[30.962558857305567,2.0779963391598812],[30.96257097926747,2.078060987824472],[30.966362752139446,2.07980384966811],[30.96993194280509,2.0815884463498833],[30.972787295697287,2.0869422327979805],[30.973501135269316,2.0926529385824324],[30.974269968384476,2.098139133114671],[30.978854921717414,2.104788189723365],[30.98099643683628,2.1097850577343706],[30.985279466174575,2.113711168635689],[30.9913470921947,2.115495765317462],[30.994916282860345,2.1176372786376874],[31.00027007110708,2.1179941988733617],[31.00383926177267,2.1172803602006525],[31.008479211346696,2.1108558157434913],[31.010620725566184,2.1076435426155626],[31.012405321348695,2.104788189723365],[31.014903754904537,2.1005051612843317],[31.01811602803241,2.094080615927851],[31.01918678514221,2.089797585690178],[31.023469815379826,2.0851576370154703],[31.024897491825925,2.0812315270135286],[31.02454057159025,2.076591578338821],[31.02632516827208,2.0751639009934024]]]},"properties":{"nom":"Angumu","province":"Ituri","zscode":"CD5407ZS01"}},{"type":"Feature","geometry":{"type":"Polygon","coordinates":[[[31.19932433375118,2.2885410183534987],[31.199852049632568,2.2764032392182685],[31.201999920260278,2.2269999457910217],[31.202999999650444,2.223999903672791],[31.22141858999612,2.2119077579368422],[31.233341362813803,2.2040769166165433],[31.25670917688717,2.1887288851301037],[31.277300040064972,2.1751999968824975],[31.304940189638216,2.156999202551333],[31.305193007951118,2.1315843930054825],[31.305220572171834,2.1288134226015245],[31.304940174349724,2.1239992149919544],[31.304940171651765,2.118999216440841],[31.260259495279627,2.045226256986325],[31.249126631189256,2.0247107641905586],[31.245292552409524,2.027175528927671],[31.241488772688854,2.0300283628188254],[31.237209522301782,2.0333566691750775],[31.231028382054376,2.0362095030662886],[31.22532271427201,2.037635919562206],[31.216288739234074,2.0414396992828756],[31.206303820165317,2.046194422135045],[31.20059815238301,2.049522729390617],[31.194892483701324,2.0576057585990384],[31.18918681591896,2.0633114272807234],[31.181103785811217,2.0680661501328927],[31.17412544423405,2.074188284961565],[31.173769246153938,2.074742895968029],[31.17113343396096,2.077378707261687],[31.166916136070995,2.077378707261687],[31.161117349786025,2.075270057867044],[31.155318565299694,2.074742895968029],[31.14846545521675,2.073161409371721],[31.14055802043646,2.0794873566563297],[31.13317774755518,2.0800145185553447],[31.129487610664853,2.08528614204198],[31.125797474673902,2.0895034408312654],[31.124834852046945,2.091939100809043],[31.117696468917075,2.096222131046659],[31.111985763132623,2.0990774839389132],[31.106631975785206,2.1001482410486574],[31.1030627842203,2.1022897561674654],[31.099493592655335,2.1012189990577212],[31.096281320426783,2.0997913217123028],[31.09413980530792,2.0958652117103043],[31.09128445241572,2.0937236965914963],[31.087001423077368,2.089797585690178],[31.08343223061314,2.086228395024591],[31.08093379705724,2.0815884463498833],[31.07772152482869,2.080874607677174],[31.074152333263726,2.0783761741212743],[31.069155465252663,2.076948496775856],[31.06166016278644,2.0773054161122104],[31.05630637633834,2.0758777396661117],[31.054521779656568,2.0737362254466234],[31.0523802663364,2.071237790991404],[31.049524911645506,2.066597842316753],[31.047383398325337,2.0637424894244987],[31.04417112519741,2.0616009743056907],[31.041672690742246,2.0630286498524697],[31.039174257186403,2.063385570088144],[31.035248147184404,2.066597842316753],[31.03096511694673,2.0698101136459854],[31.029180521164278,2.072308548101148],[31.02703900604547,2.072308548101148],[31.02632516827208,2.0751639009934024],[31.02454057159025,2.076591578338821],[31.024897491825925,2.0812315270135286],[31.023469815379826,2.0851576370154703],[31.01918678514221,2.089797585690178],[31.01811602803241,2.094080615927851],[31.014903754904537,2.1005051612843317],[31.012405321348695,2.104788189723365],[31.010620725566184,2.1076435426155626],[31.008479211346696,2.1108558157434913],[31.00383926177267,2.1172803602006525],[31.00027007110708,2.1179941988733617],[30.994916282860345,2.1176372786376874],[30.9913470921947,2.115495765317462],[30.985279466174575,2.113711168635689],[30.98099643683628,2.1097850577343706],[30.978854921717414,2.104788189723365],[30.974269968384476,2.098139133114671],[30.973501135269316,2.0926529385824324],[30.972787295697287,2.0869422327979805],[30.96993194280509,2.0815884463498833],[30.966362752139446,2.07980384966811],[30.96257097926747,2.078060987824472],[30.965012968673705,2.09108492832695],[30.964030139179727,2.1033161722037335],[30.9734077217891,2.112139888445256],[30.977690752026774,2.1192782706758067],[30.978404589800164,2.1257028160322875],[30.98197378226439,2.1314135218167394],[30.986256810703424,2.134268874708937],[30.990539840941096,2.1371242276011913],[30.992681356059904,2.143548772957672],[30.991967518286515,2.1542563467531863],[30.99314438640448,2.1613175581589417],[30.993395193833294,2.162822407228475],[31.005530444974227,2.166391597894062],[31.011954990330707,2.166391597894062],[31.021234887680066,2.1678192752395375],[31.028373270809993,2.1692469507863166],[31.03122862370219,2.1749576565707684],[31.043363874843124,2.174243818797379],[31.049788419300285,2.169960788559706],[31.056926802430155,2.1713884659051246],[31.056926802430155,2.1749576565707684],[31.059782155322353,2.1813822019272493],[31.061923670441217,2.189948262402538],[31.063351346887316,2.19565896818699],[31.070158685974718,2.2004934249317785],[31.066711448774527,2.2031249005938207],[31.080242073612965,2.229109275972462],[31.086194171823763,2.2399169416137283],[31.093332554953633,2.2463414860708895],[31.09761558429193,2.2549075456468586],[31.09832942296464,2.262759767449495],[31.09832942296464,2.2713258261261444],[31.09907207501641,2.2774866767688877],[31.09912107367876,2.277893151447927],[31.098980059981955,2.277985081946156],[31.09893495178676,2.2782294169542183],[31.101191223995954,2.2853407358863933],[31.11311894308494,2.2766168776669247],[31.124000159779712,2.2690000660003875],[31.127000040019993,2.2690000660003875],[31.137000119859806,2.284999959380798],[31.140000000100088,2.285999992006168],[31.15400003957035,2.2830000730950815],[31.161999959730508,2.2840001066197715],[31.169193653864227,2.287083023962566],[31.182000120309453,2.293000018036537],[31.185246142295796,2.2942172477279428],[31.19000003957035,2.2959999171625896],[31.199000040019996,2.2959999171625896],[31.19932433375118,2.2885410183534987]]]},"properties":{"nom":"Nyarambe","province":"Ituri","zscode":"CD5407ZS06"}},{"type":"Feature","geometry":{"type":"Polygon","coordinates":[[[30.923992857684425,2.337297901577074],[30.93099983997081,2.3359999829130516],[30.936999960180174,2.3399999632279105],[30.940999919810622,2.3529999961530734],[30.940047662769587,2.359983534013054],[30.93800003957034,2.3750000070448323],[30.944000159779705,2.3930000322258707],[30.948000120309473,2.39799997591831],[30.961000080389567,2.405999920360216],[30.970998518067347,2.407044330931285],[30.9843829859862,2.4088289267137384],[30.99530032305165,2.402526901395561],[31.001044498005342,2.397831901621146],[31.021794720150353,2.3833881510424817],[31.031602008725883,2.384869609644909],[31.035441960078572,2.3854496597741672],[31.057003799685788,2.3655055908105282],[31.065624483183512,2.349332773988465],[31.06567059861942,2.3492462583083125],[31.06900008038957,2.3429999387963107],[31.070634244774737,2.337280343213422],[31.071207701074684,2.3352732353716874],[31.07300004002002,2.3289999910568895],[31.074418129693072,2.321345910585478],[31.0759999202603,2.3128082129288714],[31.0759999202603,2.3112437361097022],[31.0759999202603,2.3030000726953404],[31.078000079939898,2.3010000317262325],[31.09200012030948,2.293000018036537],[31.101191223995954,2.2853407358863933],[31.09893495178676,2.2782294169542183],[31.098980059981955,2.277985081946156],[31.09912107367876,2.277893151447927],[31.09907207501641,2.2774866767688877],[31.09832942296464,2.2713258261261444],[31.09832942296464,2.262759767449495],[31.09761558429193,2.2549075456468586],[31.093332554953633,2.2463414860708895],[31.086194171823763,2.2399169416137283],[31.080242073612965,2.229109275972462],[31.066711448774527,2.2031249005938207],[31.070158685974718,2.2004934249317785],[31.063351346887316,2.19565896818699],[31.061923670441217,2.189948262402538],[31.059782155322353,2.1813822019272493],[31.056926802430155,2.1749576565707684],[31.056926802430155,2.1713884659051246],[31.049788419300285,2.169960788559706],[31.043363874843124,2.174243818797379],[31.03122862370219,2.1749576565707684],[31.028373270809993,2.1692469507863166],[31.021234887680066,2.1678192752395375],[31.011954990330707,2.166391597894062],[31.005530444974227,2.166391597894062],[30.993395193833294,2.162822407228475],[30.994109033405323,2.170674628131735],[30.992681356059904,2.182809879272668],[30.991967518286515,2.189234422830509],[30.98911216539426,2.1928036152947925],[30.98340145781117,2.19565896818699],[30.977664865041675,2.1996803649570325],[30.977664865041675,2.2060063122416977],[30.973974728151347,2.2149680717192837],[30.972920404353317,2.220766857104934],[30.975556214747655,2.229201453784242],[30.973974728151347,2.23658172666552],[30.969230268362367,2.243434836748463],[30.96290432017838,2.2465978108404556],[30.95499688539809,2.2487064602350983],[30.94867093721416,2.2513422706294364],[30.943115198108046,2.2565307760746123],[30.942504822839453,2.2600709006517263],[30.939086822598938,2.2619019005524024],[30.93609619818119,2.2634886508806744],[30.933471697660877,2.263122526083862],[30.92987069797448,2.262878400617865],[30.927917572837885,2.2617187761007926],[30.927317198030437,2.2613004006930737],[30.92590332258044,2.2603150261177234],[30.921508698168054,2.259887651194333],[30.915710447879007,2.264099151155051],[30.912109323186883,2.2653199007929743],[30.90789794823189,2.2667236507760435],[30.90289307265732,2.267273025929569],[30.885681198029033,2.272522026070817],[30.87988282273426,2.275878901190481],[30.87030032330142,2.278320276359807],[30.86403863077834,2.2814213222363833],[30.86328119836878,2.2816772755859347],[30.854309073305274,2.2847290260239106],[30.848510698010443,2.287109401078169],[30.843322822990046,2.2891235263298313],[30.840271072552127,2.2894897761324273],[30.836913948320216,2.2915039013840897],[30.83349619809121,2.292480401449552],[30.82647707315857,2.2949217757195584],[30.824279822555923,2.29669190141027],[30.820129447716,2.2974854011305297],[30.81311032278336,2.300292901096668],[30.805114697785257,2.303894025788793],[30.79528807288642,2.3096924010836233],[30.791870072645906,2.3117065263352856],[30.78833019808036,2.313903901044341],[30.7827203027,2.3137285773121334],[30.782470697664735,2.3137207756934117],[30.782385323224275,2.3137879010909046],[30.778305698049678,2.3137879010909046],[30.77038423204681,2.3233634784419337],[30.75365970992783,2.3365366236664045],[30.755062435583113,2.3481526719084513],[30.755062435583113,2.3561833533792083],[30.755954733924,2.3615371398273055],[30.75863162714802,2.3713524170805726],[30.757739328807133,2.3856291824409936],[30.75863162714802,2.393659863012431],[30.756847032264886,2.403475140265698],[30.757739328807133,2.4115058199378154],[30.76309311705387,2.4168596072852324],[30.76577001027789,2.4222133946325926],[30.765179081049894,2.428262914601987],[30.760999919810615,2.4370000198351818],[30.76899983997083,2.439999962128695],[30.774999960180196,2.441000061303953],[30.782688011642563,2.438831272445441],[30.79288901081935,2.4343960886087643],[30.793030335681635,2.4343346442286133],[30.794633822393166,2.433637479885931],[30.80300004001998,2.4300000081939856],[30.834000000100104,2.4260001133147284],[30.858000120309498,2.389999983812345],[30.872115201055863,2.3617698978626436],[30.874936800593048,2.3561266448289757],[30.87890561220439,2.349498251043599],[30.88100016022935,2.346000089732513],[30.88599984042048,2.3439999300529166],[30.897877532022676,2.3419213692759513],[30.914561963264134,2.3390016366163877],[30.91877993834362,2.3382635018592737],[30.923992857684425,2.337297901577074]]]},"properties":{"nom":"Mahagi","province":"Ituri","zscode":"CD5407ZS05"}},{"type":"Feature","geometry":{"type":"Polygon","coordinates":[[[30.172649399750185,2.461712065859331],[30.177946275300542,2.4587812310691106],[30.18228948007561,2.45929000363094],[30.197097359855434,2.465435993876156],[30.20236301184366,2.4654941674220368],[30.213918720073025,2.4497457658545727],[30.21461095972819,2.4495252898603894],[30.23533983376649,2.4429232273252524],[30.236026319559187,2.4428711475855494],[30.241164444084006,2.4387139307035],[30.243877199573262,2.4365190561097165],[30.254465519668145,2.431117160428755],[30.25729583993126,2.43841751955307],[30.26621771987203,2.4415820413782967],[30.26840622276916,2.4481984247177024],[30.269475433944308,2.451430891222799],[30.27418811978606,2.4656783620669103],[30.281966640348344,2.4676716779057983],[30.291733800274812,2.4685156403846804],[30.306478679847373,2.458925370809368],[30.30964767490042,2.454006313041077],[30.311256778777476,2.451508573761828],[30.311693287215576,2.4508310029485756],[30.3179176803568,2.441169144640469],[30.318119640209375,2.4043337050366063],[30.3083654404129,2.388366882425828],[30.309355799930415,2.3806184010185802],[30.335926679872557,2.382743659992059],[30.380520731746515,2.3931805216639077],[30.384627732284173,2.3943759400977456],[30.387341769307397,2.3973959660511355],[30.388581607955018,2.409828944949993],[30.395821556919486,2.4174980270124706],[30.399939360113535,2.4294930711484994],[30.40247866785643,2.4368899554072527],[30.40245724060935,2.443103493731428],[30.401665790444042,2.4486100399215616],[30.39487583974835,2.4627960160235034],[30.393082317295296,2.4701791748292408],[30.39247968339083,2.4726599537939933],[30.39320189115449,2.474973124310395],[30.393201916335556,2.4749732043500785],[30.393272523908024,2.474990887719457],[30.393942276914686,2.475159324443439],[30.394256562990165,2.4752383640594076],[30.394305276567422,2.475250614624315],[30.3943053251308,2.475250627214848],[30.39433935277907,2.475259185163452],[30.394358671115924,2.475264043301138],[30.394908168577274,2.475402234026035],[30.395432699959315,2.475534145684435],[30.40728757306323,2.47851552597092],[30.46508794795062,2.492919900633069],[30.49789827658435,2.4687367962662847],[30.50588547763283,2.4707335960787304],[30.51870588356985,2.4713440918565084],[30.52786331573958,2.46890210964483],[30.53396827081923,2.4646286418984573],[30.55106214360319,2.4627971545651803],[30.55716709868284,2.457302696162685],[30.56449304531793,2.4518082359614937],[30.576092458800076,2.447534768215121],[30.593193769876734,2.446418323746798],[30.599901783340783,2.448145263992899],[30.60966971128829,2.4438717953472633],[30.61943763833648,2.44081931825707],[30.636531512019815,2.4328828758442],[30.642025971321686,2.4328828758442],[30.650572907713695,2.433493371621978],[30.66319672365006,2.424648935000505],[30.66888777295253,2.4163994979386416],[30.674992727132803,2.4090735531021323],[30.67791757333748,2.3970946508976],[30.731079198346492,2.35412590059002],[30.75104745007991,2.3384975774014265],[30.75365970992783,2.3365366236664045],[30.77038423204681,2.3233634784419337],[30.778305698049678,2.3137879010909046],[30.77262508178228,2.308354876276667],[30.768407783892258,2.3041375765880616],[30.766299133598295,2.2990768189401933],[30.764190485102972,2.2957029799087536],[30.75828626679794,2.291485682018788],[30.754490697887547,2.287690113108397],[30.75027339999758,2.283894544198006],[30.738886694165785,2.288111842987348],[30.730030366708206,2.2872683832294456],[30.719487120634255,2.2885335728662426],[30.71189598281353,2.289377032624145],[30.70472657577102,2.290220492381991],[30.695870249212817,2.2906422222608853],[30.688562909550797,2.2919977658843322],[30.685923322903193,2.2893169012541534],[30.685614073031218,2.2890031511746542],[30.68081582299203,2.284129526256777],[30.677016823168003,2.280271026386913],[30.67697594808169,2.279576025813128],[30.67694969777051,2.2791292758955137],[30.671710448078898,2.2741924007588636],[30.667277447796153,2.268348901081083],[30.66475869765594,2.2664346509385496],[30.662642948113728,2.263109776395254],[30.66160219778334,2.262173151370007],[30.66062782281591,2.26129627640222],[30.658512073273755,2.2563595262712965],[30.658003573206486,2.2551727764026737],[30.657519948387062,2.254044400628743],[30.656042572706724,2.2517035255974065],[30.654784323138188,2.2497097762853286],[30.653958697835776,2.247370901346187],[30.653722322727162,2.2467014010489947],[30.65359794828686,2.245788651225439],[30.653335572878575,2.24386415061025],[30.653114072556548,2.2422410263025085],[30.653051823283192,2.2417841509179652],[30.652266698049857,2.239432776301726],[30.65223932268674,2.239350651111806],[30.65024032313255,2.2310325256307237],[30.64882182336862,2.2273571511117893],[30.647209822775267,2.224842276150298],[30.646329572651837,2.2234690257751026],[30.646113572583488,2.2209089014248207],[30.646004822964358,2.219619151302936],[30.645938197589885,2.2188279007871756],[30.64482482340702,2.2165917760897287],[30.644630573442385,2.2162019010970084],[30.64276069764827,2.2109790262612137],[30.641967322933795,2.2087632757047686],[30.64183107294582,2.2073022757795684],[30.64172894773293,2.2062074006511807],[30.641217948449707,2.2055432756018263],[30.640439197611045,2.204530900680709],[30.64039582330878,2.2031835255993997],[30.640374823239654,2.2025320261322463],[30.639639197591066,2.2010080259997835],[30.643575746923375,2.1957530048974263],[30.645262667338386,2.1923791667653063],[30.64779304571266,2.190692247249558],[30.65411899389659,2.1877401380970696],[30.6612884009391,2.186896678339224],[30.663818780212694,2.1801490011756073],[30.66189607374497,2.170843252814052],[30.660619128170367,2.162430031221106],[30.658134118794692,2.1549301601988873],[30.657029671282487,2.152152420597872],[30.656477447076668,2.1485413521018586],[30.65454466280613,2.145485825410674],[30.652611879434858,2.144096946616969],[30.651231317571387,2.1404858592351843],[30.65001668332343,2.1374012062008774],[30.64751891976249,2.1382576683568573],[30.639128040027174,2.143204652772681],[30.633463439786055,2.148978125840017],[30.609575279775527,2.154517440627558],[30.597598547635016,2.1609931268314995],[30.595486604923053,2.1621350284090113],[30.593678215777175,2.1631128001158118],[30.57715547994161,2.1720464018201255],[30.56489459980611,2.1763328413877048],[30.554858879833603,2.1800994925976624],[30.547541519925346,2.187355415320326],[30.539705039855846,2.1923148445545735],[30.532510080376085,2.1915780551832427],[30.52541124043654,2.1845609672150204],[30.512624554579702,2.1736132465542255],[30.51135252020282,2.164171028770113],[30.50618544020608,2.1551470865689453],[30.497960503374713,2.1487500002124875],[30.497789519770663,2.1486170147636017],[30.49501988485997,2.1482884249709855],[30.491392320099635,2.147858049909246],[30.49061317265995,2.1480184889622365],[30.487079471940262,2.1487461376243004],[30.4862513429253,2.1489166643727344],[30.482908199553947,2.1496050729159606],[30.4748575198588,2.153657079910488],[30.473752718913033,2.15374592123743],[30.47375000026244,2.153749999662921],[30.473701998948286,2.153749999662921],[30.472930040688993,2.1538120762664903],[30.47186130705387,2.153898018179177],[30.471569859261763,2.1539214536123836],[30.469820399991647,2.154062136358675],[30.465488520379097,2.152636065202387],[30.463376287186065,2.153127147200223],[30.45323952028781,2.1554838826751848],[30.44935187968565,2.155965483120724],[30.44728692025535,2.182189572790719],[30.446566559699136,2.193024260361483],[30.435492600303405,2.192197959668249],[30.417320159797725,2.1843547517705133],[30.411268199967594,2.1813596649167835],[30.40408224000356,2.180051767375346],[30.397925519946966,2.1839077401502323],[30.395725254816796,2.193267881307861],[30.395208247163055,2.1987810770851866],[30.39677243979645,2.202248060699617],[30.399950519800825,2.204582144050846],[30.410215199971674,2.2074539959053254],[30.4300922397652,2.210201033551016],[30.434417280033585,2.212318086210871],[30.44029643962915,2.2188210443558773],[30.441029818771312,2.2208519914264],[30.4413771549319,2.2218138676160493],[30.442297319665727,2.2243620777478554],[30.44033200421876,2.230415311017964],[30.439693439700648,2.2323821058496947],[30.431371503792036,2.240340862241169],[30.428032958654285,2.2411412786472624],[30.427089951140488,2.241367366410998],[30.424947495330798,2.2418810195935635],[30.4244477582576,2.2424117850760013],[30.421465632433183,2.245579138866333],[30.420525375046168,2.2465778009249107],[30.4199442520258,2.2471950182356863],[30.41337419995955,2.2541731169959007],[30.40591577869037,2.2653481359079137],[30.39569819961241,2.280656031550791],[30.386690225773464,2.2883771321990594],[30.380647287042848,2.2853046793676413],[30.376864121582116,2.283381175201214],[30.37094820039931,2.2803732918940796],[30.359961719857665,2.2738381955764453],[30.350585159777495,2.270766755381601],[30.343891680257002,2.27346793120023],[30.31400854325983,2.2804471046503068],[30.315774268567793,2.295795059694399],[30.315218226739944,2.3165669905743016],[30.302220960129375,2.3159096895806783],[30.296784599729676,2.308931568337357],[30.28632588003552,2.3041220120214234],[30.279693960008387,2.302827009858788],[30.27471552000543,2.30214124082579],[30.269033999919316,2.311147520341933],[30.273214308693582,2.328060987324875],[30.271080239961293,2.3349371371393204],[30.26278547976625,2.340134123191376],[30.256412399912506,2.357772107397011],[30.25228932039596,2.3791151230646506],[30.247925342180963,2.3804460657335085],[30.23808840025964,2.380106983550604],[30.23486927969367,2.3814510734084706],[30.222120240356958,2.3962581186174248],[30.20743332029167,2.399774064021983],[30.200302440205633,2.40314414029001],[30.196127520169114,2.4081570126361953],[30.19284432020936,2.4152491562237515],[30.189394439901662,2.416821000289076],[30.185280302344268,2.416314924794108],[30.180994200022496,2.4107469953776786],[30.17800944008377,2.3909340340785548],[30.1726224911352,2.381214255833413],[30.168886319748026,2.3880720999476353],[30.16590552042362,2.388498157364211],[30.16562740238288,2.3885776610304106],[30.16526154378539,2.387869545643184],[30.16137737366705,2.3840780443663903],[30.15655343988948,2.3856331556457917],[30.152216519576882,2.3846650696374354],[30.14386019988848,2.3746810921588235],[30.136135320288986,2.369534117405749],[30.12560424563958,2.3698760891103916],[30.125683850029816,2.3715315476429737],[30.126326438114802,2.384894805051374],[30.126960720061334,2.3980853305737355],[30.127372941408282,2.4011704971209156],[30.127406614723668,2.40142251863449],[30.12871664455764,2.4112270094191217],[30.131120778801062,2.42921991107022],[30.132100046979758,2.439625202940931],[30.13223888071991,2.441380273081279],[30.13304584239188,2.451581417948262],[30.133602517342467,2.4586185760865646],[30.133660091939873,2.459346389324594],[30.133826755200744,2.4614532310819186],[30.134417693421994,2.4689234118861236],[30.13553879997579,2.4830955591129396],[30.144041280181114,2.5027901021816206],[30.145364272843096,2.507175079566423],[30.145364388855626,2.50717497614437],[30.149301240360103,2.503079096623196],[30.15390923971978,2.5003709969241186],[30.15693144023396,2.4962650809688967],[30.15814932013518,2.4896080419777036],[30.168775439635,2.4807579863921205],[30.17089439975689,2.4754920394262285],[30.1691473641597,2.4678829961035262],[30.172649399750185,2.461712065859331]]]},"properties":{"nom":"Kambala","province":"Ituri","zscode":"CD5407ZS03"}},{"type":"Feature","geometry":{"type":"Polygon","coordinates":[[[30.397705078127046,2.957275390846746],[30.39093017578716,2.949890136620695],[30.382324218687927,2.9357299800547025],[30.372680664281404,2.9146728516709572],[30.387009882600182,2.911176048336131],[30.416403407091707,2.912645724021104],[30.435509197291765,2.911176048336131],[30.454614986592503,2.913380561863619],[30.46049369203041,2.9177895907171774],[30.470781425422615,2.9236682961550855],[30.485478185869738,2.9229334574133077],[30.49576592016126,2.919994105143985],[30.502379461642988,2.9155850771897462],[30.517076223888807,2.9170547528747193],[30.52809879512347,2.9155850771897462],[30.536916851931323,2.9177895907171774],[30.54867426190782,2.922198618671473],[30.56116650882751,2.9244031339976004],[30.57292391790463,2.9251379718401154],[30.5861510035661,2.927342486266866],[30.594969061273332,2.928812161951896],[30.6045219559237,2.928812161951896],[30.610174319989028,2.926999439872418],[30.60683687202419,2.909657377586086],[30.612605174889097,2.900153477101469],[30.607971850620572,2.8845345086608063],[30.605905241833625,2.8698183822127135],[30.60488076203768,2.8625231528213817],[30.601226671773645,2.8488531699380246],[30.594623470696774,2.8358999251415753],[30.587467319661243,2.821861980146423],[30.585494455305025,2.8080785720686094],[30.584036639879173,2.7945027437068006],[30.58354068355584,2.785891581331555],[30.58157358835058,2.7754523760265215],[30.579792120410218,2.7681838196277226],[30.581723390222464,2.7585477107084557],[30.58172229484819,2.758544553188756],[30.581083382292434,2.7537059892401885],[30.572174487662664,2.730147937977108],[30.56251571672709,2.7125629876919106],[30.548797239701003,2.710308298289476],[30.5447472516845,2.7153195932248195],[30.535431561317694,2.726884232621387],[30.532129249865136,2.728155372172864],[30.529496980101726,2.729168595154704],[30.49401476566908,2.723492518664955],[30.481393204333074,2.7268930567693133],[30.474138504688426,2.73459549288782],[30.468108526987123,2.751477133762876],[30.461016906804957,2.77133065988221],[30.45145245496701,2.7921964503061076],[30.43715869781579,2.814191452873388],[30.428389843816376,2.819944496041842],[30.412667249194385,2.8221600919148955],[30.398355491213124,2.830199960859659],[30.39047079309279,2.8468127098388436],[30.374497281324636,2.8730587339735507],[30.36543826736232,2.889662575167847],[30.36129442699638,2.8901859608135965],[30.35754745115412,2.8906592218457945],[30.350900427912563,2.8914987722507135],[30.34118899897328,2.888718162913051],[30.33065842164899,2.8870930978683305],[30.322423969091062,2.8744169153085295],[30.339699449170382,2.856534981904076],[30.349507635269333,2.8558284538202656],[30.35146413376293,2.8558421406024763],[30.365171503262445,2.8599342429711214],[30.365328337832693,2.859189222105101],[30.365553664770005,2.8581188409119136],[30.366208776813778,2.855006822407063],[30.366386227442604,2.8541638689675324],[30.3673456493824,2.8496062496288914],[30.368996228193566,2.8459561415628514],[30.369114670705642,2.84569421581557],[30.369952206629193,2.8438420755514926],[30.370232899428913,2.8432213481868303],[30.37085569163702,2.841844088633934],[30.370851998121395,2.8418271912720456],[30.370863885360166,2.8418259726906285],[30.375739826931635,2.83879832768082],[30.37611568419163,2.838564944616678],[30.376659401710185,2.8382273301273244],[30.37731461807533,2.837820483128951],[30.37778091475758,2.8375309418996153],[30.378413130062086,2.835305613563378],[30.378790869603108,2.8339760108843848],[30.379490911776315,2.8315119314306685],[30.379735324126045,2.8311944635538],[30.3798186328238,2.831086255326568],[30.380958591865692,2.8296055620472202],[30.38453113700251,2.824965170006749],[30.3847012257811,2.824744240754285],[30.386647702229823,2.8222159470084875],[30.38760674105839,2.8180860937983425],[30.381754588103945,2.797697992668361],[30.3818290627612,2.795234129951325],[30.381887174253848,2.793311648314102],[30.381994495749552,2.7897611239768594],[30.38757470001258,2.778750946299283],[30.392154339251533,2.773379652748929],[30.39257599538604,2.7728851083612085],[30.393081694065074,2.772291990183362],[30.39357665843619,2.771711463413453],[30.39445787083423,2.7706779148540477],[30.394763889442117,2.770318996324761],[30.396914061434927,2.7687259813191645],[30.402266420658975,2.7647605268769553],[30.40791971012669,2.7605721062178645],[30.41001098461942,2.7564797817167346],[30.41014097082933,2.756225416569862],[30.41119282508896,2.754167085143024],[30.41138812815973,2.750496579553669],[30.41147605757419,2.7488440141401043],[30.411497586444625,2.748439416346173],[30.411767743686596,2.7433620572133464],[30.412467998999148,2.741824129280303],[30.412525078969395,2.7416987682836975],[30.41364370069641,2.739242004814855],[30.414486353762356,2.738183006340819],[30.414555249925,2.7380964214128767],[30.415157023178267,2.737340144632128],[30.415575769106624,2.736813886551772],[30.416096293109604,2.736159719695479],[30.416118054904473,2.736132371312067],[30.416265792832235,2.735946701779028],[30.41635274918019,2.7358374197612534],[30.41712221631741,2.7348703931542673],[30.417312293427756,2.7346315143331026],[30.41842338333265,2.7332351522805993],[30.41845660878562,2.7331933949593576],[30.425362763580836,2.724514046885929],[30.427615639949977,2.717543002407808],[30.42825007388194,2.709368315195775],[30.428293428399172,2.708809700407528],[30.428351672092163,2.7080592278512654],[30.42841668768017,2.7072214940768617],[30.429320496443893,2.695575811374738],[30.43000567642099,2.686747101197909],[30.4360404187305,2.6695269222298634],[30.43678359418766,2.66740626059061],[30.438035822795143,2.663832979808319],[30.436320473011563,2.643905845078848],[30.436160530384313,2.642047795369649],[30.436026418984227,2.6404898161522397],[30.43588582077416,2.63885647374741],[30.435032874967362,2.6289476948803667],[30.43498374680263,2.6283769590295947],[30.435263642803022,2.6272631288904336],[30.435727463651688,2.62541738280612],[30.4360820933141,2.6240061549602274],[30.436717836659,2.6214762424348237],[30.43816338803009,2.6157237199738574],[30.438745376198312,2.6134077147943913],[30.441439617344656,2.602685986569213],[30.442626535386466,2.598789074856086],[30.44065973066222,2.5900260241818387],[30.438876736572297,2.5872750349150806],[30.43762101589732,2.585337578666497],[30.436667988137287,2.583867145752322],[30.43060169131519,2.574507372417486],[30.42895051355555,2.571959037279896],[30.427201637046096,2.5643501018758457],[30.42808110925597,2.559053488028212],[30.42821395081336,2.558253451136011],[30.428344919982237,2.5574646872456697],[30.428457122098678,2.556788948351425],[30.429193675847614,2.5523530333659323],[30.422103683438422,2.5274931163144174],[30.422311069800173,2.52683433683535],[30.42232952208991,2.5268297368030517],[30.422335167134406,2.5267577928380547],[30.4241662102026,2.5209413393714613],[30.42431464870225,2.5204698104335534],[30.424620383124363,2.5194986190661552],[30.42473616094526,2.519130842214736],[30.424812799371352,2.5188873939382574],[30.425422674616925,2.516950067191999],[30.42532202968806,2.516923622627246],[30.424968670767726,2.516830791008374],[30.423141200706027,2.5163506771422135],[30.420855563833356,2.5157499722835723],[30.41915583167645,2.5143527963446104],[30.41821873630579,2.5135825063277935],[30.41774991882386,2.5131971396364747],[30.41745284936968,2.5129529494192298],[30.41076243473873,2.496549031113034],[30.407810514443838,2.4923756696016426],[30.407155783712597,2.4914500279965637],[30.407125177984767,2.4914336117719245],[30.406677881279336,2.4911936942337434],[30.40638905591038,2.491038776118785],[30.40597020655997,2.490814117377795],[30.405733210019775,2.49068699820657],[30.402391171915212,2.488894419142298],[30.40237239227224,2.4888843467354036],[30.402360515825308,2.4888779768373297],[30.402322051821386,2.4888573463895796],[30.402255150355074,2.488821460741974],[30.401465631034227,2.488397984379617],[30.40038849863049,2.4873341826265687],[30.39902117298891,2.4859837804272615],[30.39878023741818,2.4857458261091665],[30.39557783974567,2.4825830579619037],[30.39550363128774,2.4823453743397295],[30.39548518619256,2.48228629607587],[30.394331221109155,2.478590262330897],[30.394331178841014,2.4785901274325965],[30.39413480917426,2.477961174868483],[30.39361018516206,2.4762808536785883],[30.393388781067586,2.475571716661534],[30.393211632610928,2.4750043253894773],[30.393201916335556,2.4749732043500785],[30.39320189115449,2.474973124310395],[30.39247968339083,2.4726599537939933],[30.393082317295296,2.4701791748292408],[30.39487583974835,2.4627960160235034],[30.401665790444042,2.4486100399215616],[30.40245724060935,2.443103493731428],[30.40247866785643,2.4368899554072527],[30.399939360113535,2.4294930711484994],[30.395821556919486,2.4174980270124706],[30.388581607955018,2.409828944949993],[30.387341769307397,2.3973959660511355],[30.384627732284173,2.3943759400977456],[30.380520731746515,2.3931805216639077],[30.335926679872557,2.382743659992059],[30.309355799930415,2.3806184010185802],[30.3083654404129,2.388366882425828],[30.318119640209375,2.4043337050366063],[30.3179176803568,2.441169144640469],[30.311693287215576,2.4508310029485756],[30.311256778777476,2.451508573761828],[30.30964767490042,2.454006313041077],[30.306478679847373,2.458925370809368],[30.291733800274812,2.4685156403846804],[30.281966640348344,2.4676716779057983],[30.27418811978606,2.4656783620669103],[30.269475433944308,2.451430891222799],[30.26840622276916,2.4481984247177024],[30.26621771987203,2.4415820413782967],[30.25729583993126,2.43841751955307],[30.254465519668145,2.431117160428755],[30.243877199573262,2.4365190561097165],[30.241164444084006,2.4387139307035],[30.236026319559187,2.4428711475855494],[30.23533983376649,2.4429232273252524],[30.21461095972819,2.4495252898603894],[30.213918720073025,2.4497457658545727],[30.20236301184366,2.4654941674220368],[30.197097359855434,2.465435993876156],[30.18228948007561,2.45929000363094],[30.177946275300542,2.4587812310691106],[30.172649399750185,2.461712065859331],[30.1691473641597,2.4678829961035262],[30.17089439975689,2.4754920394262285],[30.168775439635,2.4807579863921205],[30.15814932013518,2.4896080419777036],[30.15693144023396,2.4962650809688967],[30.15390923971978,2.5003709969241186],[30.149301240360103,2.503079096623196],[30.145364388855626,2.50717497614437],[30.145364272843096,2.507175079566423],[30.144401279695444,2.511534133093903],[30.149652240358762,2.5127430449556982],[30.154825440242064,2.521081159667972],[30.161201692004624,2.5271861579150254],[30.164791319763765,2.530623073596132],[30.176534519552604,2.5466810730732163],[30.187056959811002,2.5558428858406614],[30.194191439883184,2.572816839425741],[30.18470832003311,2.5843165711530105],[30.206752404000383,2.5924033028703093],[30.206776103834272,2.5924020510140053],[30.20826239989003,2.5929572339892957],[30.213267840238814,2.604517455016719],[30.210922800447065,2.6317410826849823],[30.208627080375607,2.669317829854151],[30.19640112001582,2.7005991824065063],[30.18530771997547,2.709857066150846],[30.17925035971649,2.737144578059997],[30.1855856401653,2.768092908061419],[30.176991719592365,2.7824824259233765],[30.160936439665136,2.7892397663023303],[30.148623719908926,2.8024011358039616],[30.151766880137586,2.81269851892165],[30.16045367999351,2.8177201758455794],[30.18026448022175,2.81995521685991],[30.18858815991581,2.818717898112652],[30.19034847400303,2.8184562259742165],[30.204997559589856,2.81627863005491],[30.213699479747333,2.8245354532487568],[30.212502480305375,2.832968807064958],[30.20884560034432,2.844681146617802],[30.210166440029354,2.862128193961155],[30.210651359872543,2.8768560196897397],[30.20116643957971,2.885491127413786],[30.198648239824593,2.8854630469821814],[30.196384200170883,2.8831370530327263],[30.194223480029734,2.871381010925063],[30.18918419999102,2.871555075606409],[30.179979399629758,2.8742170014136263],[30.175528812205073,2.8755040598646247],[30.170699336805114,2.8769003265889523],[30.1662104400599,2.878198127441806],[30.155449319730508,2.87807698426559],[30.143346480156083,2.874951037060896],[30.12864335970346,2.8793861489517667],[30.121090200252695,2.879070063332904],[30.11472720000046,2.8746281111985468],[30.111878160348965,2.8819981749759336],[30.113137439641264,2.8865050797458025],[30.113165160344067,2.8923279570697105],[30.116905199715347,2.8980845642514055],[30.129938280027773,2.9062635700079227],[30.14603099963108,2.907270665009321],[30.16704852007331,2.903013682735434],[30.169543373428098,2.9031927179697163],[30.17727495117822,2.903747551108779],[30.177719360160495,2.903779442867176],[30.179999046219166,2.9039430367419072],[30.188712600006625,2.9045683380585388],[30.206251440251947,2.922813998667266],[30.191456478333976,2.934326259749241],[30.195910575812604,2.9425491353345024],[30.210621068907358,2.972835444700195],[30.228698729862685,2.9545288091573525],[30.282287597594745,2.975097656032176],[30.33056574921011,2.9811324253213343],[30.343322753842187,2.9827270510127732],[30.388916016361236,2.9675292971394924],[30.397705078127046,2.957275390846746]]]},"properties":{"nom":"Biringi","province":"Ituri","zscode":"CD5409ZS05"}},{"type":"Feature","geometry":{"type":"Polygon","coordinates":[[[30.598442405792582,3.5969951672933007],[30.598314112106777,3.5968661928206984],[30.5985382015769,3.596967918734606],[30.5873330733628,3.580737027292116],[30.578283573328406,3.5656922768772574],[30.570792948236146,3.5429800272066245],[30.56423932318637,3.5254819019683623],[30.564048323371594,3.5217914017519547],[30.560612323200303,3.5114834021374577],[30.557049072556822,3.496721402171147],[30.556285448314952,3.4877496521249327],[30.553740322857777,3.4845045267626347],[30.56390162685875,3.4606329448546944],[30.562947727655683,3.4491861553169656],[30.56103993014881,3.4386932640830423],[30.56008603094574,3.425338675239857],[30.558178231640227,3.4138918848028084],[30.558050893933796,3.408364047163218],[30.568488338366308,3.409996153000236],[30.585459948318146,3.3992767774014965],[30.588854448374263,3.4006230274309246],[30.59101982340627,3.4007400274304587],[30.592721822754072,3.4008320271764774],[30.598478072904925,3.401848527287882],[30.607090697577803,3.3980055272334653],[30.6116230729466,3.3936544021291297],[30.614124698196406,3.3912529019999624],[30.61784744810143,3.385254527374684],[30.622621572927414,3.3726847768811012],[30.62352807336208,3.3679711521471063],[30.62356219813711,3.364357276866997],[30.623709447733006,3.3592085268521714],[30.623809822865212,3.355691901560192],[30.623736198067263,3.3505656516836666],[30.62367782307325,3.346509776704977],[30.622856447966853,3.331037027237187],[30.621859596243553,3.3223576503854133],[30.629720671871667,3.3127785701750554],[30.63925966390252,3.313732469378124],[30.659291547167356,3.3108707717688617],[30.683139027244465,3.308962973362668],[30.702217010406855,3.3032395781442006],[30.716525497553846,3.2908388894034033],[30.71080210323464,3.2784381988639666],[30.70412480881305,3.2679453076299865],[30.690770219969863,3.259360214802257],[30.675741347085648,3.2581569003208415],[30.675741277837858,3.2581569326964654],[30.671033198323585,3.2483585267248145],[30.671033198323585,3.2444704022873907],[30.660766535147616,3.236410320180312],[30.655412746900936,3.2298668026110136],[30.648869230230957,3.222133554819834],[30.631618137966882,3.2155900372505926],[30.625669485058836,3.210831114564428],[30.619720833050167,3.2048824625557586],[30.61615164238458,3.197744080325208],[30.61555677592463,3.187631371191003],[30.620910563272048,3.1793032569399315],[30.626859216180037,3.1685956831444173],[30.62804894640192,3.1483702648760072],[30.620910563272048,3.1358780952980396],[30.618531102828285,3.1293345768294216],[30.61317731458155,3.1233859248207523],[30.60782352813351,3.1186270030339074],[30.60068514500358,3.1144629459083717],[30.601874876124782,3.1073245627785013],[30.60128001056421,3.1007810461085796],[30.599000854206224,3.0937182599898847],[30.57704209611603,3.0800170247660503],[30.54412841829202,3.082092285031081],[30.530327288173964,3.080492377621283],[30.52032470731956,3.0797119135741013],[30.51715534624242,3.0800561497716785],[30.51561941570361,3.0847196840663287],[30.512050224138704,3.0930477974180803],[30.51026562925557,3.0995913149873786],[30.504911841908154,3.1085142938997024],[30.5019375150045,3.1192218676952166],[30.500747784782618,3.1323089028337563],[30.50134265034319,3.1382575557417454],[30.49479913277395,3.1489651304365793],[30.485281289200316,3.152534322001543],[30.476953174949244,3.1602675697926657],[30.46505587003253,3.1638367613576293],[30.457322622241406,3.166811087361964],[30.450184239111536,3.166811087361964],[30.443640722441558,3.168000817583845],[30.43769206863425,3.171570009148752],[30.42995882084307,3.1781135267180503],[30.421630708390637,3.1894159660741366],[30.414492325260767,3.197149214764636],[30.405569346348443,3.201908135652104],[30.397836097657944,3.2036927323338773],[30.39486177165361,3.2054773281163875],[30.39010284986682,3.2138054405687626],[30.38117987185376,3.22094382369869],[30.37408716708927,3.222427867851991],[30.37305981935532,3.2226428256061013],[30.369876704046817,3.223685555344275],[30.36467893108795,3.226297757635564],[30.359111400071242,3.2295489848979173],[30.35607947968441,3.234577144819525],[30.35340936015399,3.2483511459887495],[30.342889439795954,3.2677901080272136],[30.342354479875496,3.274916128176926],[30.34591343985352,3.2846171330743914],[30.346521479582805,3.291986117665374],[30.345940001330177,3.293538960854505],[30.3441669222658,3.298273967869477],[30.342746520435753,3.3020671490798463],[30.336988319655404,3.3047641268631196],[30.34213019974908,3.316553984379027],[30.350542319672456,3.3226279758006285],[30.35466036028754,3.3231330305650886],[30.362504040329384,3.341035226594613],[30.36293820603356,3.342270941850643],[30.368149559654626,3.3571033443440115],[30.369191759692114,3.3810141268006646],[30.366806399695747,3.4074691569761626],[30.37787424010429,3.401148139774989],[30.39626340013598,3.395828120171757],[30.400882200353408,3.3924281117680835],[30.404612381356458,3.3960958303584334],[30.40632432001155,3.3977790968280033],[30.411701280190073,3.409111023155333],[30.417162479864714,3.4126210762018445],[30.421653480124178,3.421182058205602],[30.422067172761956,3.4243999017342617],[30.422788921871415,3.4300138980231623],[30.42313451964253,3.4327020669470016],[30.417435529326383,3.4357753066852297],[30.416242274661386,3.4360104389307935],[30.41650804411114,3.4360281573736984],[30.41691618613322,3.436055367261531],[30.410001719803688,3.4397840499940457],[30.402298799849916,3.4463881557888953],[30.394923480434443,3.4568664060599303],[30.384810720038843,3.4770934269203053],[30.374265240048942,3.5016460860981624],[30.376047240388004,3.5064970660868653],[30.375736199965843,3.514086139963524],[30.370483439759084,3.533584989655708],[30.372244199910085,3.5402751317920433],[30.37608143980674,3.545609079195799],[30.38315436038556,3.5486770021420853],[30.391166520318848,3.549454998449562],[30.401514359899977,3.5463471447051234],[30.40839036042695,3.5461929829199903],[30.417961319759286,3.551357986382129],[30.431366279630254,3.5620881358589713],[30.451086359847807,3.5611520342391714],[30.455692199935243,3.5591310660460067],[30.49265268037709,3.5789552508842917],[30.54099239957975,3.5949050511273413],[30.557818142193696,3.595928258382571],[30.558999960180188,3.5960001259052206],[30.562999919810636,3.593999921259524],[30.57004429320972,3.5925911638512957],[30.57300000144909,3.5920000718459733],[30.592000079939908,3.5939999230581634],[30.593312492077985,3.59459569693405],[30.593418971808262,3.5947094467837246],[30.596000039570356,3.5960001259052206],[30.598442405792582,3.5969951672933007]]]},"properties":{"nom":"Laybo","province":"Ituri","zscode":"CD5409ZS06"}},{"type":"Feature","geometry":{"type":"Polygon","coordinates":[[[30.89686757268049,3.3849036523818086],[30.895065198200484,3.364939151720648],[30.898600596840254,3.362790149745763],[30.898605106040975,3.3627805332951652],[30.898603804721972,3.3627693016621265],[30.89881229365261,3.3623386064417105],[30.899226961155478,3.3614541322025957],[30.899272852660204,3.3613871839715443],[30.899277476974135,3.361377632272081],[30.899982155152486,3.3603524438103705],[30.902937769862376,3.3560407503804868],[30.902937801338624,3.3560407287967564],[30.902919533409886,3.356018138726256],[30.891361121818477,3.3416873600837675],[30.89000015977973,3.339999946840237],[30.88699991981059,3.3299999146644836],[30.88699991981059,3.3197954180242846],[30.88699991981059,3.318364346637452],[30.88699991981059,3.315999984911514],[30.885000119859797,3.3109999485889148],[30.8707394397735,3.279883779013346],[30.863737813849184,3.278398695243766],[30.845280013062336,3.274483680177866],[30.845204952047084,3.274543135257659],[30.84509249272452,3.2744439058617445],[30.84299999965043,3.2740000742442135],[30.840602365706786,3.2716024717768164],[30.832999919810618,3.26400008793388],[30.82899996018017,3.255000104571309],[30.822911372761837,3.2341384402369613],[30.81759105278502,3.2159087722722006],[30.815463691196555,3.2086194397355143],[30.81005687982133,3.190092944234152],[30.80465006844605,3.171566109688399],[30.80312655844409,3.1656971511027905],[30.80127382372814,3.158195112714452],[30.79584001290641,3.1361923696822487],[30.786887323091662,3.0999398544408905],[30.778999919810587,3.068000008393824],[30.777000119859792,3.0650000490132356],[30.771837049940075,3.059836988986035],[30.771620154146945,3.059620092293585],[30.77123062899051,3.059230567137149],[30.76599995973055,3.0539998798906822],[30.763000080389588,3.048000051960969],[30.76899983997083,3.031999922058901],[30.770244414448314,3.030302826714262],[30.770242382879815,3.0302849266082603],[30.765785039747925,3.026643839641622],[30.757699856663237,3.0216865337067134],[30.754145296168645,3.0095114416998285],[30.746797559859658,3.0022899297366052],[30.737852482805977,2.9986182109618085],[30.730815843576465,2.997772081116807],[30.724540723275936,2.9970175202425366],[30.715944120025256,2.995983809805125],[30.70558966233324,2.9974160323241676],[30.699165116976758,2.9931330029858714],[30.69131289607344,2.988136134974809],[30.69059905830005,2.9974160323241676],[30.68560219028899,3.005268254126804],[30.679891482705955,3.0159758279222615],[30.673466939148113,3.020972695933324],[30.667756231565022,3.0266834017177757],[30.66204552578057,3.033821784847646],[30.659190172888316,3.041674005750906],[30.649910274639637,3.0445293586431603],[30.642771892409087,3.0445293586431603],[30.636347347951926,3.0466708737619683],[30.630636641268154,3.053095419118449],[30.632778156386962,3.0595199635756103],[30.630636641268154,3.0745105676087974],[30.61921522879993,3.083790464958156],[30.61064916922396,3.0866458187496733],[30.60493846343951,3.090215010314637],[30.599000854206224,3.0937182599898847],[30.60128001056421,3.1007810461085796],[30.601874876124782,3.1073245627785013],[30.60068514500358,3.1144629459083717],[30.60782352813351,3.1186270030339074],[30.61317731458155,3.1233859248207523],[30.618531102828285,3.1293345768294216],[30.620910563272048,3.1358780952980396],[30.62804894640192,3.1483702648760072],[30.626859216180037,3.1685956831444173],[30.620910563272048,3.1793032569399315],[30.61555677592463,3.187631371191003],[30.61615164238458,3.197744080325208],[30.619720833050167,3.2048824625557586],[30.625669485058836,3.210831114564428],[30.631618137966882,3.2155900372505926],[30.648869230230957,3.222133554819834],[30.655412746900936,3.2298668026110136],[30.660766535147616,3.236410320180312],[30.671033198323585,3.2444704022873907],[30.671033198323585,3.2483585267248145],[30.675741277837858,3.2581569326964654],[30.675741347085648,3.2581569003208415],[30.690770219969863,3.259360214802257],[30.70412480881305,3.2679453076299865],[30.71080210323464,3.2784381988639666],[30.716525497553846,3.2908388894034033],[30.717792355433005,3.2985541894244648],[30.725076132857396,3.3062426213001004],[30.73195525672986,3.3115031282669065],[30.738834380602327,3.3086705471082496],[30.74895073918543,3.300982115232614],[30.758257788866047,3.2965309171682406],[30.765136912738512,3.2945076449120165],[30.770802074156563,3.292079719103924],[30.778895161382763,3.2900564468477],[30.78577428525523,3.2908657557501897],[30.78982082796898,3.3005774598820494],[30.79467667958528,3.3054333123976107],[30.799127877649596,3.310693819364417],[30.801555804357065,3.3155496709807153],[30.80276976681148,3.3212148323987662],[30.804388383717082,3.326070684015008],[30.8092442362327,3.334973079244378],[30.81502859739203,3.343083150167388],[30.82348447832618,3.3421435960502777],[30.834079097272706,3.3409663996797576],[30.838842709023993,3.3476527098048905],[30.842658347205145,3.3688210249704866],[30.851328288369984,3.367750080801727],[30.857802757791205,3.3693686986067064],[30.863467918309937,3.373415242219835],[30.870751695734327,3.376652476930417],[30.878035474957358,3.379080402738566],[30.887342524637972,3.3819129829979033],[30.89260303070546,3.382722291900393],[30.89686757268049,3.3849036523818086]]]},"properties":{"nom":"Ariwara","province":"Ituri","zscode":"CD5409ZS03"}},{"type":"Feature","geometry":{"type":"Polygon","coordinates":[[[30.902937801338624,3.3560407287967564],[30.902937769862376,3.3560407503804868],[30.899982155152486,3.3603524438103705],[30.899277476974135,3.361377632272081],[30.899272852660204,3.3613871839715443],[30.899226961155478,3.3614541322025957],[30.89881229365261,3.3623386064417105],[30.898603804721972,3.3627693016621265],[30.898605106040975,3.3627805332951652],[30.898600596840254,3.362790149745763],[30.895065198200484,3.364939151720648],[30.89686757268049,3.3849036523818086],[30.89260303070546,3.382722291900393],[30.887342524637972,3.3819129829979033],[30.878035474957358,3.379080402738566],[30.870751695734327,3.376652476930417],[30.863467918309937,3.373415242219835],[30.857802757791205,3.3693686986067064],[30.851328288369984,3.367750080801727],[30.842658347205145,3.3688210249704866],[30.838842709023993,3.3476527098048905],[30.834079097272706,3.3409663996797576],[30.82348447832618,3.3421435960502777],[30.81502859739203,3.343083150167388],[30.8092442362327,3.334973079244378],[30.804388383717082,3.326070684015008],[30.80276976681148,3.3212148323987662],[30.801555804357065,3.3155496709807153],[30.799127877649596,3.310693819364417],[30.79467667958528,3.3054333123976107],[30.78982082796898,3.3005774598820494],[30.78577428525523,3.2908657557501897],[30.778895161382763,3.2900564468477],[30.770802074156563,3.292079719103924],[30.765136912738512,3.2945076449120165],[30.758257788866047,3.2965309171682406],[30.74895073918543,3.300982115232614],[30.738834380602327,3.3086705471082496],[30.73195525672986,3.3115031282669065],[30.725076132857396,3.3062426213001004],[30.717792355433005,3.2985541894244648],[30.716525497553846,3.2908388894034033],[30.702217010406855,3.3032395781442006],[30.683139027244465,3.308962973362668],[30.659291547167356,3.3108707717688617],[30.63925966390252,3.313732469378124],[30.629720671871667,3.3127785701750554],[30.621859596243553,3.3223576503854133],[30.622856447966853,3.331037027237187],[30.62367782307325,3.346509776704977],[30.623736198067263,3.3505656516836666],[30.623809822865212,3.355691901560192],[30.623709447733006,3.3592085268521714],[30.62356219813711,3.364357276866997],[30.62352807336208,3.3679711521471063],[30.622621572927414,3.3726847768811012],[30.61784744810143,3.385254527374684],[30.614124698196406,3.3912529019999624],[30.6116230729466,3.3936544021291297],[30.607090697577803,3.3980055272334653],[30.598478072904925,3.401848527287882],[30.592721822754072,3.4008320271764774],[30.59101982340627,3.4007400274304587],[30.588854448374263,3.4006230274309246],[30.585459948318146,3.3992767774014965],[30.568488338366308,3.409996153000236],[30.558050893933796,3.408364047163218],[30.558178231640227,3.4138918848028084],[30.56008603094574,3.425338675239857],[30.56103993014881,3.4386932640830423],[30.562947727655683,3.4491861553169656],[30.56390162685875,3.4606329448546944],[30.553740322857777,3.4845045267626347],[30.556285448314952,3.4877496521249327],[30.557049072556822,3.496721402171147],[30.560612323200303,3.5114834021374577],[30.564048323371594,3.5217914017519547],[30.56423932318637,3.5254819019683623],[30.570792948236146,3.5429800272066245],[30.578283573328406,3.5656922768772574],[30.5873330733628,3.580737027292116],[30.5985382015769,3.596967918734606],[30.60141762842096,3.5982750419597664],[30.60266216063036,3.598714329302993],[30.623000040019974,3.607000096277602],[30.63329884136857,3.6139740239821663],[30.634942364099004,3.6152067040263205],[30.641999552837262,3.620499737672901],[30.643999920260285,3.6220000478641055],[30.666999960180192,3.636000053160103],[30.674000159779723,3.6369999302027622],[30.687000119859817,3.63399993844655],[30.69699983997083,3.6279999225585584],[30.706964089920973,3.62467864710203],[30.71900016022937,3.620999974769177],[30.728000159779697,3.6220000478641055],[30.734999999650427,3.6240000105921695],[30.737800840136856,3.6268008196022947],[30.74100011985979,3.630000052560547],[30.744886898012112,3.6362188033552343],[30.746000159779726,3.6379999853112395],[30.746925940779704,3.640880235034956],[30.74953212300926,3.6489884218783573],[30.755000160229372,3.665999987809357],[30.760999918911295,3.6719999236577223],[30.770999999650428,3.6749999675745926],[30.777999840420478,3.669000052410638],[30.783999959730522,3.656999917212545],[30.786000119410176,3.6479999338500306],[30.786000120309495,3.6470000693978477],[30.786000120309495,3.620999974769177],[30.791000160229373,3.6029999091186937],[30.79900008038959,3.59000003807148],[30.80699999965043,3.5829999733702493],[30.81399984042048,3.5799999798153976],[30.85700004002001,3.5690000409193203],[30.859999920260293,3.566000003297688],[30.86200007993989,3.562999953085523],[30.86200007993989,3.5542697447530713],[30.86200007993989,3.5539999256562282],[30.859999920260293,3.546999943692583],[30.854246407645746,3.533767095175449],[30.84999984042048,3.5240000350736977],[30.845999879890712,3.5080000625529806],[30.84626353143699,3.5051001257703547],[30.8469999601802,3.496999977966766],[30.85400015977973,3.4859999410446108],[30.86200007993989,3.4810000782911175],[30.867999840420453,3.4810000782911175],[30.873999959730497,3.4849998994259863],[30.896999999650404,3.5019999351490583],[30.90899988034039,3.505000004246938],[30.913999920260267,3.5039999824134043],[30.922999919810593,3.498000006994914],[30.929000040020014,3.495999948039355],[30.932999999650406,3.4819999454413164],[30.933721615660204,3.4639611549834513],[30.934268476309285,3.4491258566731062],[30.934645345306592,3.438901994931257],[30.93558641118409,3.4133718374404793],[30.93579609171644,3.4076049024444615],[30.935999879890687,3.4020000243817776],[30.932959147047143,3.3983511420917125],[30.921680210573413,3.3848162841443354],[30.921438069011856,3.3845257095939587],[30.91600007993992,3.3779999878093463],[30.914928735572857,3.3754288008985895],[30.914919309778497,3.3754061793518417],[30.913165197416106,3.3711963557274203],[30.911000040019985,3.3660000135899395],[30.902983304336203,3.3560969966792413],[30.902937801338624,3.3560407287967564]]]},"properties":{"nom":"Adi","province":"Ituri","zscode":"CD5409ZS01"}},{"type":"Feature","geometry":{"type":"Polygon","coordinates":[[[30.80047608370444,2.6853224545677676],[30.800472347021355,2.685324108421014],[30.78386464503751,2.6914100266515675],[30.772940595432317,2.704514019406645],[30.764366557970448,2.717635220689033],[30.752319274914782,2.7287918979279198],[30.741801551600474,2.726780404092551],[30.73294196589916,2.721291002577857],[30.731875082169495,2.719988625075132],[30.726874458589577,2.7138841889043306],[30.72140545369888,2.7175129866351995],[30.719485297708502,2.7187870489833017],[30.715313515406592,2.7215551037851924],[30.70436953412684,2.7354342779697163],[30.693117032325347,2.7462096759359724],[30.679331785133968,2.7492137910837755],[30.671223669337053,2.7448933391564196],[30.661080323897977,2.7141968013414726],[30.64860634400776,2.697439578973558],[30.633083167754137,2.677559247661293],[30.61958715512327,2.6697117886682804],[30.606945409403295,2.673886897562454],[30.60114293769658,2.685864214262267],[30.599265900600983,2.6974813470866366],[30.59935801635953,2.7022887549222787],[30.59942934159102,2.7060112143462334],[30.601532327954715,2.7077050316620443],[30.601746130979336,2.707877237444734],[30.60671249038927,2.711877304993777],[30.61716903372411,2.7162151057427195],[30.62094938790409,2.721281103740125],[30.625839620602164,2.7434120981899355],[30.62748778113638,2.7434979420765444],[30.63043557983832,2.743651477933497],[30.63444252810035,2.7438601791041606],[30.63964899480544,2.7442408693208336],[30.639649671095583,2.744249113405999],[30.640304757958404,2.7442888166756916],[30.643250274180957,2.751287428971807],[30.642259914663498,2.759033450733341],[30.639208463699788,2.7610896246865764],[30.633343764303447,2.7650337750887957],[30.625371072916835,2.7701916604169696],[30.625330884013238,2.7702176598173196],[30.624143437170062,2.770985869702315],[30.62374565893515,2.7712432089071513],[30.62364939370474,2.771305486958795],[30.623486306148266,2.771410995421263],[30.610023557641227,2.7734517999607533],[30.60789976726062,2.77377374286408],[30.607894800304962,2.7737750702634685],[30.60789401789475,2.7737746152064915],[30.60789336318834,2.773774714131889],[30.601275421323805,2.7716340398791885],[30.587979694007856,2.762732455838318],[30.581723819199055,2.7585455721206245],[30.581723390222464,2.7585477107084557],[30.579792120410218,2.7681838196277226],[30.58157358835058,2.7754523760265215],[30.58354068355584,2.785891581331555],[30.584036639879173,2.7945027437068006],[30.585494455305025,2.8080785720686094],[30.587467319661243,2.821861980146423],[30.594623470696774,2.8358999251415753],[30.601226671773645,2.8488531699380246],[30.60488076203768,2.8625231528213817],[30.605905241833625,2.8698183822127135],[30.607971850620572,2.8845345086608063],[30.612605174889097,2.900153477101469],[30.60683687202419,2.909657377586086],[30.610174319989028,2.926999439872418],[30.61793916006434,2.9291526003124204],[30.6226767598248,2.9358739804000606],[30.62371826198836,2.9459228520581178],[30.626207279642415,2.9485638002793166],[30.63571344012331,2.9592469799642913],[30.64108731472794,2.9670757006832105],[30.648120839605212,2.9773222199446536],[30.65403564023279,2.981065860201454],[30.668107997786024,2.9807149168601086],[30.684121053643878,2.981140636131613],[30.69131289607344,2.988136134974809],[30.699165116976758,2.9931330029858714],[30.70558966233324,2.9974160323241676],[30.715944120025256,2.995983809805125],[30.724540723275936,2.9970175202425366],[30.730815843576465,2.997772081116807],[30.737852482805977,2.9986182109618085],[30.746797559859658,3.0022899297366052],[30.754145296168645,3.0095114416998285],[30.757699856663237,3.0216865337067134],[30.765785039747925,3.026643839641622],[30.770242382879815,3.0302849266082603],[30.77025186443217,3.0302926688717093],[30.77467538765916,3.024260751332747],[30.780000000100074,3.017000066699893],[30.780680491011992,3.016404615680642],[30.780798905645156,3.016360934709553],[30.78397999208312,3.0138160358815185],[30.78799992026029,3.009999869798321],[30.79599984042045,3.006999926605488],[30.804999839970776,3.0010000141394926],[30.812000039570307,3.000000024681583],[30.816000000100075,2.996000060554536],[30.827999879890683,2.9780000389707766],[30.845999879890712,2.96199995043753],[30.852807075086616,2.9437594186624096],[30.860999999650403,2.919999931851521],[30.863999879890684,2.9120001250059317],[30.86637921802668,2.9092242317130967],[30.86782465698252,2.9075378841661745],[30.88888163967607,2.882821508805762],[30.890436839988354,2.871355451293198],[30.889761899692076,2.8686121916994693],[30.886559031674153,2.855594208306229],[30.88100016022935,2.8329999496880873],[30.878999999650432,2.822999948988638],[30.870000000100106,2.8019998807900492],[30.870000000100106,2.8009998949293617],[30.860999999650403,2.7909999769674982],[30.84800003957031,2.772999905921097],[30.839000040019982,2.7680000179865942],[30.82899996018017,2.7559999457410527],[30.817000080389562,2.726999912416204],[30.816000000100075,2.7220000082938896],[30.804000120309468,2.696999993954705],[30.800476439836018,2.685323444721348],[30.80047608370444,2.6853224545677676]]]},"properties":{"nom":"Aru","province":"Ituri","zscode":"CD5409ZS04"}},{"type":"Feature","geometry":{"type":"Polygon","coordinates":[[[30.443640722441558,3.168000817583845],[30.450184239111536,3.166811087361964],[30.457322622241406,3.166811087361964],[30.46505587003253,3.1638367613576293],[30.476953174949244,3.1602675697926657],[30.485281289200316,3.152534322001543],[30.49479913277395,3.1489651304365793],[30.50134265034319,3.1382575557417454],[30.500747784782618,3.1323089028337563],[30.5019375150045,3.1192218676952166],[30.504911841908154,3.1085142938997024],[30.51026562925557,3.0995913149873786],[30.512050224138704,3.0930477974180803],[30.51561941570361,3.0847196840663287],[30.51715534624242,3.0800561497716785],[30.52032470731956,3.0797119135741013],[30.530327288173964,3.080492377621283],[30.54412841829202,3.082092285031081],[30.57704209611603,3.0800170247660503],[30.599000854206224,3.0937182599898847],[30.60493846343951,3.090215010314637],[30.61064916922396,3.0866458187496733],[30.61921522879993,3.083790464958156],[30.630636641268154,3.0745105676087974],[30.632778156386962,3.0595199635756103],[30.630636641268154,3.053095419118449],[30.636347347951926,3.0466708737619683],[30.642771892409087,3.0445293586431603],[30.649910274639637,3.0445293586431603],[30.659190172888316,3.041674005750906],[30.66204552578057,3.033821784847646],[30.667756231565022,3.0266834017177757],[30.673466939148113,3.020972695933324],[30.679891482705955,3.0159758279222615],[30.68560219028899,3.005268254126804],[30.69059905830005,2.9974160323241676],[30.69131289607344,2.988136134974809],[30.684121053643878,2.981140636131613],[30.668107997786024,2.9807149168601086],[30.65403564023279,2.981065860201454],[30.648120839605212,2.9773222199446536],[30.64108731472794,2.9670757006832105],[30.63571344012331,2.9592469799642913],[30.626207279642415,2.9485638002793166],[30.62371826198836,2.9459228520581178],[30.6226767598248,2.9358739804000606],[30.61793916006434,2.9291526003124204],[30.610174319989028,2.926999439872418],[30.6045219559237,2.928812161951896],[30.594969061273332,2.928812161951896],[30.5861510035661,2.927342486266866],[30.57292391790463,2.9251379718401154],[30.56116650882751,2.9244031339976004],[30.54867426190782,2.922198618671473],[30.536916851931323,2.9177895907171774],[30.52809879512347,2.9155850771897462],[30.517076223888807,2.9170547528747193],[30.502379461642988,2.9155850771897462],[30.49576592016126,2.919994105143985],[30.485478185869738,2.9229334574133077],[30.470781425422615,2.9236682961550855],[30.46049369203041,2.9177895907171774],[30.454614986592503,2.913380561863619],[30.435509197291765,2.911176048336131],[30.416403407091707,2.912645724021104],[30.387009882600182,2.911176048336131],[30.372680664281404,2.9146728516709572],[30.382324218687927,2.9357299800547025],[30.39093017578716,2.949890136620695],[30.397705078127046,2.957275390846746],[30.388916016361236,2.9675292971394924],[30.343322753842187,2.9827270510127732],[30.33056574921011,2.9811324253213343],[30.282287597594745,2.975097656032176],[30.228698729862685,2.9545288091573525],[30.210621068907358,2.972835444700195],[30.195910575812604,2.9425491353345024],[30.191456478333976,2.934326259749241],[30.175068239707684,2.947078141842951],[30.171901320289862,2.964066052906162],[30.162241439590957,2.9885720831352955],[30.16120751961148,2.9991420426712807],[30.159338400147192,3.0025710892845154],[30.15152135982305,3.0052440155989757],[30.145042439657004,3.011152113579328],[30.139618319929696,3.025354022969964],[30.145322762835406,3.0304053889976785],[30.155245393060625,3.039241289254278],[30.15919046167062,3.0429216289301735],[30.170243160193877,3.053704181902617],[30.185129520211376,3.0612018981492497],[30.191079746932928,3.0645190367243345],[30.20218414568194,3.0707095191291387],[30.205863189434808,3.0727605048935516],[30.221113319824042,3.08126207498492],[30.222676701268938,3.0820882111022456],[30.222676796597057,3.0820882632629036],[30.234140280249903,3.0881459023116804],[30.249700559833116,3.107275862691097],[30.260927160260394,3.125835892112889],[30.280233600000827,3.1520139445880204],[30.292047720326195,3.164094069985481],[30.313282990018138,3.180901971848698],[30.318560967215035,3.1852351869544577],[30.32655926769621,3.191801747852537],[30.33366516011921,3.1976356103952526],[30.351706560409582,3.218013076142711],[30.359111400071242,3.2295489848979173],[30.36467893108795,3.226297757635564],[30.369876704046817,3.223685555344275],[30.37305981935532,3.2226428256061013],[30.37408716708927,3.222427867851991],[30.38117987185376,3.22094382369869],[30.39010284986682,3.2138054405687626],[30.39486177165361,3.2054773281163875],[30.397836097657944,3.2036927323338773],[30.405569346348443,3.201908135652104],[30.414492325260767,3.197149214764636],[30.421630708390637,3.1894159660741366],[30.42995882084307,3.1781135267180503],[30.43769206863425,3.171570009148752],[30.443640722441558,3.168000817583845]]]},"properties":{"nom":"Adja","province":"Ituri","zscode":"CD5409ZS02"}},{"type":"Feature","geometry":{"type":"Polygon","coordinates":[[[30.374497281324636,2.8730587339735507],[30.39047079309279,2.8468127098388436],[30.398355491213124,2.830199960859659],[30.412667249194385,2.8221600919148955],[30.428389843816376,2.819944496041842],[30.43715869781579,2.814191452873388],[30.45145245496701,2.7921964503061076],[30.461016906804957,2.77133065988221],[30.468108526987123,2.751477133762876],[30.474138504688426,2.73459549288782],[30.481393204333074,2.7268930567693133],[30.49401476566908,2.723492518664955],[30.529496980101726,2.729168595154704],[30.532129249865136,2.728155372172864],[30.535431561317694,2.726884232621387],[30.5447472516845,2.7153195932248195],[30.548797239701003,2.710308298289476],[30.56251571672709,2.7125629876919106],[30.572174487662664,2.730147937977108],[30.581083382292434,2.7537059892401885],[30.58172229484819,2.758544553188756],[30.581723390222464,2.7585477107084557],[30.581723819199055,2.7585455721206245],[30.587979694007856,2.762732455838318],[30.601275421323805,2.7716340398791885],[30.60789336318834,2.773774714131889],[30.60789401789475,2.7737746152064915],[30.607894800304962,2.7737750702634685],[30.60789976726062,2.77377374286408],[30.610023557641227,2.7734517999607533],[30.623486306148266,2.771410995421263],[30.62364939370474,2.771305486958795],[30.62374565893515,2.7712432089071513],[30.624143437170062,2.770985869702315],[30.625330884013238,2.7702176598173196],[30.625371072916835,2.7701916604169696],[30.633343764303447,2.7650337750887957],[30.639208463699788,2.7610896246865764],[30.642259914663498,2.759033450733341],[30.643250274180957,2.751287428971807],[30.640304757958404,2.7442888166756916],[30.639649671095583,2.744249113405999],[30.63964899480544,2.7442408693208336],[30.63444252810035,2.7438601791041606],[30.63043557983832,2.743651477933497],[30.62748778113638,2.7434979420765444],[30.625839620602164,2.7434120981899355],[30.62094938790409,2.721281103740125],[30.61716903372411,2.7162151057427195],[30.60671249038927,2.711877304993777],[30.601746130979336,2.707877237444734],[30.601532327954715,2.7077050316620443],[30.59942934159102,2.7060112143462334],[30.59935801635953,2.7022887549222787],[30.599265900600983,2.6974813470866366],[30.60114293769658,2.685864214262267],[30.606945409403295,2.673886897562454],[30.61958715512327,2.6697117886682804],[30.633083167754137,2.677559247661293],[30.64860634400776,2.697439578973558],[30.661080323897977,2.7141968013414726],[30.671223669337053,2.7448933391564196],[30.679331785133968,2.7492137910837755],[30.693117032325347,2.7462096759359724],[30.70436953412684,2.7354342779697163],[30.715313515406592,2.7215551037851924],[30.719485297708502,2.7187870489833017],[30.72140545369888,2.7175129866351995],[30.726874458589577,2.7138841889043306],[30.731875082169495,2.719988625075132],[30.73294196589916,2.721291002577857],[30.741801551600474,2.726780404092551],[30.752319274914782,2.7287918979279198],[30.764366557970448,2.717635220689033],[30.772940595432317,2.704514019406645],[30.78386464503751,2.6914100266515675],[30.800472347021355,2.685324108421014],[30.80047608370444,2.6853224545677676],[30.791343327133006,2.6599540797171812],[30.791193599005567,2.6598711100638184],[30.79125997706643,2.6598556453219544],[30.791129167077543,2.659359191673502],[30.7730001602294,2.6090000340245183],[30.756999960180167,2.5929999050217702],[30.755576413420897,2.589440742696297],[30.755000160229372,2.5879999910069387],[30.755000160229372,2.5769999307024136],[30.755110572694946,2.576409707442224],[30.75825331473885,2.559609754686619],[30.75911347760507,2.544699827035572],[30.759172403883497,2.5436784067332496],[30.759685384373142,2.5347864040694503],[30.760999919810615,2.511999945041566],[30.75900011985982,2.500000073344893],[30.758393084673287,2.4990389552837087],[30.751905430291515,2.4887670220805944],[30.746999880340354,2.480999990357418],[30.746000159779726,2.469000013440052],[30.746315761563324,2.4664744644251755],[30.746999880340354,2.4609999080195166],[30.74799995973052,2.4530001137644035],[30.752999999650456,2.4390000419185753],[30.755000160229372,2.4370000198351818],[30.760999919810615,2.4370000198351818],[30.765179081049894,2.428262914601987],[30.76577001027789,2.4222133946325926],[30.76309311705387,2.4168596072852324],[30.757739328807133,2.4115058199378154],[30.756847032264886,2.403475140265698],[30.75863162714802,2.393659863012431],[30.757739328807133,2.3856291824409936],[30.75863162714802,2.3713524170805726],[30.755954733924,2.3615371398273055],[30.755062435583113,2.3561833533792083],[30.755062435583113,2.3481526719084513],[30.75365970992783,2.3365366236664045],[30.75104745007991,2.3384975774014265],[30.731079198346492,2.35412590059002],[30.67791757333748,2.3970946508976],[30.674992727132803,2.4090735531021323],[30.66888777295253,2.4163994979386416],[30.66319672365006,2.424648935000505],[30.650572907713695,2.433493371621978],[30.642025971321686,2.4328828758442],[30.636531512019815,2.4328828758442],[30.61943763833648,2.44081931825707],[30.60966971128829,2.4438717953472633],[30.599901783340783,2.448145263992899],[30.593193769876734,2.446418323746798],[30.576092458800076,2.447534768215121],[30.56449304531793,2.4518082359614937],[30.55716709868284,2.457302696162685],[30.55106214360319,2.4627971545651803],[30.53396827081923,2.4646286418984573],[30.52786331573958,2.46890210964483],[30.51870588356985,2.4713440918565084],[30.50588547763283,2.4707335960787304],[30.49789827658435,2.4687367962662847],[30.46508794795062,2.492919900633069],[30.40728757306323,2.47851552597092],[30.395432699959315,2.475534145684435],[30.394908168577274,2.475402234026035],[30.394358671115924,2.475264043301138],[30.39433935277907,2.475259185163452],[30.3943053251308,2.475250627214848],[30.394305276567422,2.475250614624315],[30.394256562990165,2.4752383640594076],[30.393942276914686,2.475159324443439],[30.393272523908024,2.474990887719457],[30.393201916335556,2.4749732043500785],[30.393211632610928,2.4750043253894773],[30.393388781067586,2.475571716661534],[30.39361018516206,2.4762808536785883],[30.39413480917426,2.477961174868483],[30.394331178841014,2.4785901274325965],[30.394331221109155,2.478590262330897],[30.39548518619256,2.48228629607587],[30.39550363128774,2.4823453743397295],[30.39557783974567,2.4825830579619037],[30.39878023741818,2.4857458261091665],[30.39902117298891,2.4859837804272615],[30.40038849863049,2.4873341826265687],[30.401465631034227,2.488397984379617],[30.402255150355074,2.488821460741974],[30.402322051821386,2.4888573463895796],[30.402360515825308,2.4888779768373297],[30.40237239227224,2.4888843467354036],[30.402391171915212,2.488894419142298],[30.405733210019775,2.49068699820657],[30.40597020655997,2.490814117377795],[30.40638905591038,2.491038776118785],[30.406677881279336,2.4911936942337434],[30.407125177984767,2.4914336117719245],[30.407155783712597,2.4914500279965637],[30.407810514443838,2.4923756696016426],[30.41076243473873,2.496549031113034],[30.41745284936968,2.5129529494192298],[30.41774991882386,2.5131971396364747],[30.41821873630579,2.5135825063277935],[30.41915583167645,2.5143527963446104],[30.420855563833356,2.5157499722835723],[30.423141200706027,2.5163506771422135],[30.424968670767726,2.516830791008374],[30.42532202968806,2.516923622627246],[30.425422674616925,2.516950067191999],[30.424812799371352,2.5188873939382574],[30.42473616094526,2.519130842214736],[30.424620383124363,2.5194986190661552],[30.42431464870225,2.5204698104335534],[30.4241662102026,2.5209413393714613],[30.422335167134406,2.5267577928380547],[30.42232952208991,2.5268297368030517],[30.422311069800173,2.52683433683535],[30.422103683438422,2.5274931163144174],[30.429193675847614,2.5523530333659323],[30.428457122098678,2.556788948351425],[30.428344919982237,2.5574646872456697],[30.42821395081336,2.558253451136011],[30.42808110925597,2.559053488028212],[30.427201637046096,2.5643501018758457],[30.42895051355555,2.571959037279896],[30.43060169131519,2.574507372417486],[30.436667988137287,2.583867145752322],[30.43762101589732,2.585337578666497],[30.438876736572297,2.5872750349150806],[30.44065973066222,2.5900260241818387],[30.442626535386466,2.598789074856086],[30.441439617344656,2.602685986569213],[30.438745376198312,2.6134077147943913],[30.43816338803009,2.6157237199738574],[30.436717836659,2.6214762424348237],[30.4360820933141,2.6240061549602274],[30.435727463651688,2.62541738280612],[30.435263642803022,2.6272631288904336],[30.43498374680263,2.6283769590295947],[30.435032874967362,2.6289476948803667],[30.43588582077416,2.63885647374741],[30.436026418984227,2.6404898161522397],[30.436160530384313,2.642047795369649],[30.436320473011563,2.643905845078848],[30.438035822795143,2.663832979808319],[30.43678359418766,2.66740626059061],[30.4360404187305,2.6695269222298634],[30.43000567642099,2.686747101197909],[30.429320496443893,2.695575811374738],[30.42841668768017,2.7072214940768617],[30.428351672092163,2.7080592278512654],[30.428293428399172,2.708809700407528],[30.42825007388194,2.709368315195775],[30.427615639949977,2.717543002407808],[30.425362763580836,2.724514046885929],[30.41845660878562,2.7331933949593576],[30.41842338333265,2.7332351522805993],[30.417312293427756,2.7346315143331026],[30.41712221631741,2.7348703931542673],[30.41635274918019,2.7358374197612534],[30.416265792832235,2.735946701779028],[30.416118054904473,2.736132371312067],[30.416096293109604,2.736159719695479],[30.415575769106624,2.736813886551772],[30.415157023178267,2.737340144632128],[30.414555249925,2.7380964214128767],[30.414486353762356,2.738183006340819],[30.41364370069641,2.739242004814855],[30.412525078969395,2.7416987682836975],[30.412467998999148,2.741824129280303],[30.411767743686596,2.7433620572133464],[30.411497586444625,2.748439416346173],[30.41147605757419,2.7488440141401043],[30.41138812815973,2.750496579553669],[30.41119282508896,2.754167085143024],[30.41014097082933,2.756225416569862],[30.41001098461942,2.7564797817167346],[30.40791971012669,2.7605721062178645],[30.402266420658975,2.7647605268769553],[30.396914061434927,2.7687259813191645],[30.394763889442117,2.770318996324761],[30.39445787083423,2.7706779148540477],[30.39357665843619,2.771711463413453],[30.393081694065074,2.772291990183362],[30.39257599538604,2.7728851083612085],[30.392154339251533,2.773379652748929],[30.38757470001258,2.778750946299283],[30.381994495749552,2.7897611239768594],[30.381887174253848,2.793311648314102],[30.3818290627612,2.795234129951325],[30.381754588103945,2.797697992668361],[30.38760674105839,2.8180860937983425],[30.386647702229823,2.8222159470084875],[30.3847012257811,2.824744240754285],[30.38453113700251,2.824965170006749],[30.380958591865692,2.8296055620472202],[30.3798186328238,2.831086255326568],[30.379735324126045,2.8311944635538],[30.379490911776315,2.8315119314306685],[30.378790869603108,2.8339760108843848],[30.378413130062086,2.835305613563378],[30.37778091475758,2.8375309418996153],[30.37731461807533,2.837820483128951],[30.376659401710185,2.8382273301273244],[30.37611568419163,2.838564944616678],[30.375739826931635,2.83879832768082],[30.370863885360166,2.8418259726906285],[30.370851998121395,2.8418271912720456],[30.37085569163702,2.841844088633934],[30.370232899428913,2.8432213481868303],[30.369952206629193,2.8438420755514926],[30.369114670705642,2.84569421581557],[30.368996228193566,2.8459561415628514],[30.3673456493824,2.8496062496288914],[30.366386227442604,2.8541638689675324],[30.366208776813778,2.855006822407063],[30.365553664770005,2.8581188409119136],[30.365328337832693,2.859189222105101],[30.365171503262445,2.8599342429711214],[30.35146413376293,2.8558421406024763],[30.349507635269333,2.8558284538202656],[30.339699449170382,2.856534981904076],[30.322423969091062,2.8744169153085295],[30.33065842164899,2.8870930978683305],[30.34118899897328,2.888718162913051],[30.350900427912563,2.8914987722507135],[30.35754745115412,2.8906592218457945],[30.36129442699638,2.8901859608135965],[30.36543826736232,2.889662575167847],[30.374497281324636,2.8730587339735507]]]},"properties":{"nom":"Aungba","province":"Ituri","zscode":"CD5407ZS02"}},{"type":"Feature","geometry":{"type":"Polygon","coordinates":[[[29.632481020582816,0.19671339041082092],[29.63283789585239,0.19621364074708936],[29.63372089610266,0.19576939094480394],[29.63373178509397,0.19578748260641987],[29.633720844841264,0.1957692722343154],[29.633046220207063,0.19464477163904803],[29.634235846107572,0.19345514663785934],[29.636258470851885,0.19464477163904803],[29.638875845144298,0.19559639825536124],[29.640779470696202,0.196072521829592],[29.640898345782205,0.19405002299032503],[29.640898345782205,0.19214639743847783],[29.64101734587399,0.19012389769989113],[29.642682970342946,0.18905302277892133],[29.64482447017332,0.18964789733274756],[29.64649009464233,0.19155152198533187],[29.647798844741033,0.19321714825292702],[29.64886947144913,0.19357402172386173],[29.65077309520234,0.19274127199224722],[29.651487094853735,0.19071852224215036],[29.65279571994671,0.18905302277892133],[29.65410447094473,0.1889341467935992],[29.656007844686428,0.18726852232458668],[29.657078721406037,0.18643564668792578],[29.65648384505357,0.18488902231069915],[29.65553209612949,0.18346127212015517],[29.655175219960597,0.18227139710745632],[29.653747595675156,0.1820336469353947],[29.652676720754243,0.1814387723816253],[29.65196284610863,0.18060589674490757],[29.65077309520234,0.17989214710507895],[29.650654220116337,0.17846452192031848],[29.64946434510358,0.1775127729962378],[29.647560846356157,0.1765608981670539],[29.64541946973293,0.17608489779996717],[29.642445096064478,0.17560914744433376],[29.640660470604416,0.17465739672167047],[29.639470720597444,0.17430039734563252],[29.637686096036646,0.17477627180767286],[29.634711845575396,0.17620402199816],[29.63268934583681,0.17703677262909423],[29.630666596086712,0.17775052226892285],[29.628644095448806,0.17715577272088012],[29.627930344909657,0.17620402199816],[29.627454471346937,0.17453839662988457],[29.62816834599255,0.17299177225265794],[29.63042884591465,0.17168302215389986],[29.63149947082411,0.1701363968773535],[29.63161847001652,0.1684707724083978],[29.63161847001652,0.16680514793938528],[29.63054772100071,0.1646635222039663],[29.63042884591465,0.1624030222818078],[29.63054772100071,0.16097539709704733],[29.63185647109941,0.15978564709007514],[29.63280822092281,0.1578820233368674],[29.63280822092281,0.15585952179964124],[29.63280822092281,0.15419402233641222],[29.63578247138412,0.15288527223771098],[29.637686096036646,0.14991102177640414],[29.638280969691152,0.14765052185424565],[29.638399970682258,0.1446761472865319],[29.638518970774044,0.14134464743767694],[29.63744809495381,0.1394413969031234],[29.636139469860836,0.13682402171139074],[29.635663721303843,0.13503927214486566],[29.63602046976905,0.13384939713210997],[29.638518970774044,0.13051827230060553],[29.638518970774044,0.12885264693227327],[29.638518970774044,0.1264732719241124],[29.638994845236084,0.12456964727158493],[29.638994845236084,0.12314177207525745],[29.638399970682258,0.12159539681027809],[29.637567220051324,0.11992977234126556],[29.637210220675286,0.11862114724829098],[29.637804971122705,0.11659839659887439],[29.638518970774044,0.11410014740403085],[29.637686096036646,0.11231539693818604],[29.6370912205835,0.11053089738317112],[29.63649634602973,0.10910314719262715],[29.636853220399985,0.10755652191613763],[29.637567220051324,0.10565302226933682],[29.63732922076707,0.10351139743318072],[29.636615346121516,0.10136989670354524],[29.637210220675286,0.09815777286308958],[29.64030347122838,0.08852089682210362],[29.641612221327136,0.08649839708351692],[29.64196909479807,0.08447552232763655],[29.642801971334052,0.0837618967942717],[29.644943470265105,0.08316702224044548],[29.646133221171397,0.08150139687211322],[29.64637121955633,0.07983577240315753],[29.64744184626437,0.07912202186395234],[29.648750596363072,0.07852714731018295],[29.65005934466319,0.07805127194882289],[29.65005934466319,0.07626664738802447],[29.649702346186473,0.07388714737413693],[29.648155720909983,0.07234052209759056],[29.646966095009418,0.0692472733431373],[29.646966095009418,0.0673436477912901],[29.64637121955633,0.06532102214760016],[29.64506247125621,0.06353652169326551],[29.644586470889067,0.061752022138250595],[29.644586470889067,0.059848396586403396],[29.644467595803064,0.05687389701290613],[29.64434859571128,0.053542772181344844],[29.643872721249238,0.05163902162371414],[29.642801971334052,0.049735646982696835],[29.641255345158243,0.04830789679215286],[29.640184596142376,0.04640439714535205],[29.640541596417734,0.04497677196059158],[29.640898345782205,0.04140752193973185],[29.640660470604416,0.03950389728720438],[29.639708594875913,0.03760039674108384],[29.638875845144298,0.03569664708277287],[29.637686096036646,0.03522089672713946],[29.636377345937944,0.03426914780311563],[29.635187595930972,0.03260352243478337],[29.63185647109941,0.028439396960777685],[29.63185647109941,0.026535897313976875],[29.632451344753918,0.025346272312788187],[29.63352197056264,0.024751271853858725],[29.63459284458429,0.02368039693294577],[29.634235846107572,0.021658022200142568],[29.63257021983992,0.01939752227798408],[29.631737470108305,0.016423146810950584],[29.63149947082411,0.014400647072363881],[29.630904595370964,0.012378147333777179],[29.63042884591465,0.010950397143290047],[29.62923897090195,0.00987964722810375],[29.627454471346937,0.00987964722810375],[29.625788720073558,0.009522771958529574],[29.624123095604546,0.009046771591386005],[29.622338721055314,0.00809489676225894],[29.62210059496664,0.00607252202945574],[29.621267845235025,0.003574021923725468],[29.621267845235025,0.001551522185138765],[29.62103009506302,-0.0011848530983229466],[29.61995922014205,-0.0033263529286955418],[29.620197096219158,-0.006419602582411699],[29.620553969690093,-0.008680103403889916],[29.62067296978188,-0.011059603417777453],[29.62103009506302,-0.012963103064578263],[29.621267845235025,-0.01450985334690813],[29.620078221133156,-0.015937602638075532],[29.619364345588224,-0.01760322800640779],[29.61912634540471,-0.01903072818538476],[29.61924521959139,-0.021172478027267516],[29.619007345312923,-0.02355172802964489],[29.619007345312923,-0.027358978234076403],[29.618888346120457,-0.03390247781692324],[29.618948588107003,-0.03474565788565087],[29.61912634540471,-0.03723360264848452],[29.618412469859777,-0.03866122783324499],[29.617460845042103,-0.04092172775534664],[29.617222720752125,-0.0415166032084926],[29.615795095567364,-0.04270647822124829],[29.615081345927535,-0.04330135277507452],[29.615557095383792,-0.044966978143349934],[29.616270970029404,-0.0465137284256798],[29.616270970029404,-0.04901197762052334],[29.615319096099597,-0.05115347835015882],[29.61365359573699,-0.051986228081773334],[29.61139309581489,-0.053770977648355256],[29.610084345716132,-0.055674478194475796],[29.610798221261064,-0.05793497811657744],[29.610322470006167,-0.05960060258558997],[29.60877559471811,-0.061979977593750846],[29.60782384579403,-0.06447847769942427],[29.606753220884627,-0.06769085335002956],[29.606515095695272,-0.07042710272844488],[29.605801345156124,-0.07185497792471551],[29.60568247007012,-0.0741153528410905],[29.605801345156124,-0.07649472784925138],[29.605206469702978,-0.07816035321758363],[29.60413572068711,-0.0795879784023441],[29.60413572068711,-0.08125372787708329],[29.603778845417537,-0.08303822833141794],[29.602470096218156,-0.08458497771437123],[29.600804469950504,-0.08589372781312932],[29.599257844673957,-0.08732135299788979],[29.598543970028345,-0.08851110300486198],[29.598068095566305,-0.09065247782945107],[29.5979490945752,-0.09243722829529588],[29.59723534583469,-0.09457872812566848],[29.595807595644203,-0.09564947804079793],[29.59497484501327,-0.09755310269338224],[29.59497484501327,-0.09993247770154312],[29.594379971358762,-0.1013601028863036],[29.593309096437793,-0.10326372843815079],[29.592238345623343,-0.10469147772937504],[29.58962097043161,-0.10588110273056373],[29.588312220332853,-0.10659485326971208],[29.587003596139198,-0.10659485326971208],[29.58593284532469,-0.10659485326971208],[29.58486197040378,-0.10588110273056373],[29.58272059557919,-0.10611910291407867],[29.58141184637975,-0.10778460327668427],[29.580222094574196,-0.10968822792921173],[29.57950834493431,-0.11147272838354638],[29.57867547019697,-0.11349547813364325],[29.577485721089317,-0.11539910278622756],[29.576533970366597,-0.11682660296520453],[29.57498734509005,-0.11801647797790338],[29.57367859499135,-0.118730227617732],[29.572131969714803,-0.11813535306390577],[29.571061220698937,-0.1176594777025457],[29.569514471315983,-0.118254228149965],[29.568562719693944,-0.12039585298606426],[29.56808697113695,-0.12265635290822274],[29.568443844607884,-0.12503572791632678],[29.569395596229924,-0.12658247819865664],[29.570109344970433,-0.12896185320681752],[29.57141809506919,-0.13098447795113088],[29.57236984579191,-0.13336385295929176],[29.57546322135073,-0.13467260305804984],[29.580103220387457,-0.13550535278966436],[29.582125721025363,-0.13645710261300792],[29.583910344686842,-0.137765852711766],[29.586051845416478,-0.13943160308582492],[29.587717344879707,-0.14026435281743943],[29.58938297114736,-0.13836072816491196],[29.591881470353712,-0.1369331029801515],[29.594617970643014,-0.13633822842632526],[29.596640471280864,-0.1368142278941491],[29.598543970028345,-0.13717122816950678],[29.59912834139999,-0.13775554288383773],[29.59263396008936,-0.1388333578730112],[29.58949008040304,-0.1410201286758479],[29.584090079593636,-0.14217993125868134],[29.578240079616137,-0.14461001813765506],[29.57380992029175,-0.1450400550543236],[29.57023007985447,-0.14566997079236899],[29.561156503170253,-0.14826010102268583],[29.554836715342276,-0.1484700720360479],[29.54932656556872,-0.14977009511363804],[29.54401657610424,-0.15068009391103487],[29.539064425083325,-0.15248458899242223],[29.527247446712465,-0.14478538233936433],[29.521986776968333,-0.1441350996549886],[29.51475042978865,-0.14412050006086474],[29.50620080622241,-0.1434635498028456],[29.49502354709921,-0.14152207628262659],[29.48630544184283,-0.14214388103511055],[29.481704290820517,-0.14101525884694865],[29.462655646241274,-0.13186228641524167],[29.458386414301742,-0.1296151342309031],[29.45165082582514,-0.12736275608614278],[29.445404476635474,-0.12639075712758086],[29.439155608444764,-0.12621809269063533],[29.432245780818278,-0.1270037323362203],[29.428296946746855,-0.12763526865256836],[29.421048360693476,-0.13161806921834796],[29.41716619516393,-0.13319993982520373],[29.410072717881803,-0.1360903276063823],[29.40871741437735,-0.12990785276502947],[29.40241521998655,-0.12990785276502947],[29.388138470813942,-0.11563110269310073],[29.36196434477887,-0.10611322764316355],[29.345308094692996,-0.09183647757123481],[29.32865196961285,-0.08707747844272262],[29.30961622041241,-0.07993910340672983],[29.297718846247903,-0.070421353362633],[29.300098345362528,-0.05614460329064741],[29.31437522044024,-0.0442472282268227],[29.319133971355882,-0.029970603160620612],[29.319133971355882,-0.013314228069020828],[29.319133971355882,0.0033418979104453683],[29.302477845376416,0.010480397052845092],[29.29715447040263,0.017577897002524878],[29.29534082741742,0.019996337661041252],[29.296611947183806,0.030141693084829058],[29.296611201645817,0.030148393933416173],[29.296611969666856,0.030154521913800636],[29.296123846438547,0.03454814717940735],[29.288313220978523,0.031619147006210824],[29.28343146978665,0.031619147006210824],[29.28001421958072,0.03698889731992949],[29.28001421958072,0.041870771718890865],[29.27806147036074,0.044799896897870894],[29.273179720967505,0.04675264701722881],[29.27025072079431,0.05163427230399975],[29.26976259486804,0.058468771816535536],[29.26585709642802,0.06188589701667979],[29.264393277128192,0.06822919222361179],[29.264392595442075,0.06823214739586092],[29.264880822092437,0.07506631955516241],[29.264880844575487,0.07506664780771644],[29.264880844575487,0.0809246472548466],[29.264880834682913,0.08190427965894287],[29.265416666945782,0.09958333320440715],[29.266250000337436,0.10458333265484043],[29.268749999612965,0.10708333282968852],[29.268749999612965,0.11124999978784444],[29.272916666571064,0.11458333335428961],[29.274583333354315,0.11208333317944152],[29.278750000312414,0.10874999961293952],[29.279583333704068,0.10625000033741117],[29.278750000312414,0.10541666694575724],[29.278750000312414,0.10291666677090916],[29.280416667095665,0.10041666659606108],[29.280416667095665,0.09874999981281007],[29.280836117193246,0.09833054971528554],[29.282282829589064,0.09688383642009057],[29.28273016766326,0.09643649834589496],[29.28291666727057,0.09624999963796199],[29.282916666371193,0.09291666607145999],[29.287916666720946,0.08708333322942963],[29.286870542941358,0.08603720944984161],[29.284583333154444,0.08374999966292762],[29.284583333154444,0.07958333270482854],[29.28708333332935,0.07458333325439526],[29.288943307587715,0.07303335440593628],[29.292083332779725,0.0704166671956159],[29.294318016763214,0.06967177223464205],[29.29708333312948,0.0687500004123649],[29.298537736527464,0.06729559611500235],[29.301250000087578,0.06458333255488924],[29.301250000087578,0.062083333279360886],[29.302182188757172,0.06122528561860463],[29.306130089332328,0.060238310249985716],[29.30886661660122,0.059699950892195375],[29.311249999887764,0.062083333279360886],[29.314583332554946,0.062083333279360886],[29.31625000023746,0.06041666739542961],[29.317083332729794,0.061249999887763806],[29.318476891595424,0.06055322135426877],[29.32048054334257,0.058686123565905746],[29.321249999687893,0.05791666722058153],[29.322083333079547,0.05541666704573345],[29.326347302186434,0.0538148683616555],[29.331298828178547,0.05712890607429699],[29.333679198736206,0.05712890607429699],[29.33492354568523,0.059336488088604256],[29.335510254394876,0.06048583964991394],[29.336777822738497,0.06028488344077232],[29.337327532439815,0.060197734637881695],[29.339443716354594,0.05986224254860417],[29.340515137164004,0.05969238309717184],[29.341308592817484,0.06048583964991394],[29.34403927539239,0.0593643095154448],[29.345275879178644,0.05889892564505317],[29.345886645652342,0.05890676593463695],[29.34680473115361,0.05899437339178348],[29.34688609641637,0.05900214173561835],[29.34688614587907,0.05900214443357754],[29.348028221025743,0.05895452083461805],[29.34802827138776,0.05895452083461805],[29.34902764570944,0.05900214263493808],[29.34902772035315,0.05900214713153673],[29.350122221363563,0.05885927183805961],[29.35012227082632,0.058859264643501774],[29.35097876985452,0.058383391080781166],[29.351883021084745,0.05795501611129339],[29.352882396305688,0.05738401585978181],[29.353691395841395,0.05662251581662758],[29.35369147318312,0.05662239890472165],[29.35421477069525,0.05586101577341651],[29.355119020126835,0.05538526182056103],[29.35649909725572,0.05495690124018893],[29.35649914402046,0.05495688505237695],[29.358021973235623,0.05438602689378058],[29.358022020000362,0.054386015202624094],[29.35814412005527,0.05436476422266878],[29.35911659475522,0.054195521706105865],[29.360449095949207,0.05329139728030441],[29.360643025755223,0.05326199124806408],[29.36201952088436,0.053053390801494515],[29.362876145817665,0.053053390801494515],[29.364056048248187,0.052500244790621764],[29.36439896963691,0.052339521551857615],[29.366730846951214,0.051578151011028694],[29.366730894615273,0.051578135722536445],[29.369110221959318,0.050816526861410694],[29.369110271422073,0.05081651606951709],[29.36936465095806,0.050625741085241316],[29.369871706714036,0.05024553290519407],[29.370252521037173,0.050388266105755974],[29.370252586687684,0.050388267005075704],[29.37129934628797,0.050388393809498666],[29.37129939575067,0.050388393809498666],[29.372822269931987,0.050388393809498666],[29.372822344575695,0.050388392910178936],[29.37444027080204,0.050340770210539176],[29.37494871421194,0.050571920258050795],[29.375487221058563,0.050816772376322206],[29.375654148720173,0.050862251092155475],[29.37653427113986,0.0511021407513681],[29.377057645094396,0.051149891154693705],[29.37705771973816,0.051149892953333165],[29.377140132711133,0.05114644225466236],[29.378199895608873,0.0511021407513681],[29.3789612706463,0.05143526492571482],[29.379664414581214,0.051642124284796864],[29.37977022071925,0.05167327230384444],[29.380150970291197,0.05214927177161144],[29.38038472477541,0.05228941492470085],[29.380626896014633,0.0524346410460339],[29.381150395874215,0.052720264828508334],[29.381744457440902,0.05280508258863392],[29.38181659565953,0.05281539691321768],[29.382149595727412,0.053148521986884134],[29.38218838618525,0.05343886631078476],[29.38224489508599,0.053862390337201305],[29.382244970629074,0.053862400229775176],[29.383053845158997,0.05400502191440637],[29.383093149129706,0.05422080794409112],[29.383149146316214,0.05452864138385394],[29.382911146132642,0.055004514946574545],[29.38304268277375,0.0553662213741859],[29.383101469657277,0.05552802200077167],[29.383339476136086,0.05628927023377628],[29.383339520202867,0.0562893898436414],[29.38350897226144,0.05650124673530854],[29.38372009530633,0.05676527239955931],[29.383672594914515,0.057336396757477814],[29.382958720268903,0.05814539719250433],[29.38324052732861,0.05830976898079143],[29.383529770882376,0.05847851597087583],[29.38357752128576,0.059620765586032576],[29.38419602102971,0.059906141155636305],[29.384450099292792,0.060109442796715484],[29.384671971034777,0.06028702202860359],[29.384672021396852,0.06028702202860359],[29.385385721573982,0.06033464292960389],[29.386004470430123,0.06057252170467109],[29.387003844751803,0.06123877185200399],[29.38744606388491,0.061394808723605365],[29.387812896448168,0.061524266132153116],[29.3884315211979,0.06209526638360785],[29.388721664073728,0.0624382012621254],[29.388954969796202,0.06271402243436341],[29.389287497720034,0.06321276036078416],[29.38971639519565,0.0638561407484417],[29.38974478679262,0.06442211199106396],[29.389764095236956,0.06480802187286372],[29.38986298378984,0.06512454006565349],[29.390001894871716,0.06556939061505318],[29.39038264534298,0.06652114043845359],[29.390412788819333,0.06703185193856598],[29.39043034538429,0.06733002216293471],[29.390477844876784,0.06780614663654205],[29.39054951095136,0.0678347720572674],[29.39095377060022,0.06799639102081301],[29.391382145569708,0.0683771396933821],[29.391085204718593,0.06894107936750515],[29.390906094840545,0.06928114720733447],[29.390953596131737,0.06999502185294659],[29.390953643795797,0.06999501016173326],[29.391572347685837,0.06975715386971615],[29.39177284793874,0.06991306843355005],[29.392000646213035,0.07009026455421008],[29.39226288222642,0.0704049067612118],[29.392476595318783,0.07066139700600615],[29.392571720208878,0.07137514664583477],[29.39280757820734,0.07161094888635944],[29.393095271329855,0.07189864110955568],[29.393228243288945,0.07209809904821896],[29.393475971439102,0.0724697717627123],[29.39347601820384,0.07246976097087554],[29.39399947129874,0.0723270250722976],[29.39399952076144,0.07232701517978057],[29.394380146226922,0.07156551603588923],[29.39449934057228,0.07101707887522934],[29.3946180861559,0.07047106358885458],[29.39501995900406,0.0707724039234563],[29.395379470186583,0.07104202157222517],[29.395474720082404,0.07175602212288368],[29.396045720333916,0.07204152179895118],[29.39604575990404,0.07204151100711442],[29.396616895053853,0.0718035216153794],[29.39669332393794,0.0718130652209652],[29.39737820713873,0.07189863301567812],[29.39728309573843,0.07275539734388303],[29.39728309573843,0.07389752195325627],[29.397901844594628,0.07399264684335094],[29.397949344986444,0.0746112715930849],[29.39816122705912,0.07486544158700781],[29.398425270709822,0.07518226644862125],[29.398425321071898,0.07518224306625143],[29.398425346252907,0.07518227184453963],[29.398853721222395,0.07499202386298975],[29.39923422078283,0.07503964026733456],[29.399900470030843,0.0756107718198109],[29.400003898361376,0.07577612836581693],[29.40013839557065,0.0759912659842712],[29.400757021219704,0.07656239124150943],[29.401137895797433,0.0771333896943247],[29.40116606616118,0.07738685012321866],[29.401185470832957,0.07756189686421067],[29.400757216372597,0.0783707695954945],[29.400757146225487,0.07837089010467935],[29.40042402115182,0.07927501632912026],[29.40069553906801,0.07938818881405041],[29.400994970141937,0.07951302190861043],[29.40123297122483,0.08008414716584866],[29.401502349653867,0.08020652331254041],[29.401756521446487,0.080322016048342],[29.4017565826004,0.0803220133503828],[29.402327470436603,0.08027439604671827],[29.402470344830704,0.08070264780911884],[29.402470344830704,0.08127364716125385],[29.402432986093572,0.08146058743631102],[29.4023751452969,0.08174964033378274],[29.402755770762383,0.08217789119686358],[29.4023751452969,0.08279664095238104],[29.40222846587119,0.08317817563244034],[29.402137219757037,0.0834153970031366],[29.402118283632035,0.08371973028147295],[29.40208976972724,0.08417676574532607],[29.402351937392154,0.08446524577465198],[29.402565470620118,0.08470027190020346],[29.402910868741742,0.08504561426383361],[29.40332689601962,0.08546164064233608],[29.40349310512289,0.08601547823190003],[29.403612471238716,0.08641339676103144],[29.40397762117044,0.08658379220838697],[29.404326271240564,0.08674651643872267],[29.404785673720028,0.08712936322967835],[29.40518284491253,0.0874603973795729],[29.405662724954936,0.08787479958249378],[29.406229894993828,0.08836464141523948],[29.40689614514116,0.0890783910550681],[29.40721853320889,0.08953512344737646],[29.407467220036324,0.0898875218917965],[29.407526006919852,0.09022063077765097],[29.40760989478099,0.0906963910258014],[29.407876889107285,0.09107009800675314],[29.408085844786058,0.09136264656905269],[29.40832384496963,0.09198139722388987],[29.40875209493339,0.09279039675953982],[29.40879103737666,0.09312114762303736],[29.40884727108488,0.09359939089932823],[29.40898403638431,0.09435155418105978],[29.409037594609458,0.09464627190806141],[29.409037594609458,0.0952650225628986],[29.408133470183657,0.09659739695246117],[29.40780034510999,0.09721614670797862],[29.40775271971239,0.09816789743069876],[29.408371345361445,0.09864389779778548],[29.40832384496963,0.09945289733349227],[29.408304684913446,0.09995072604533561],[29.408276144928323,0.1006902664428253],[29.408276144928323,0.10183226604641504],[29.407943019854656,0.10230826641350177],[29.407943019854656,0.10292689116323572],[29.40785624876702,0.10344797634320457],[29.40780034510999,0.10378339738605291],[29.407726062008294,0.10408058015480037],[29.40760989478099,0.10454501613975253],[29.40760989478099,0.10554426455632893],[29.407666284971242,0.10613591144334578],[29.407705095214112,0.10654364697188612],[29.407134094962657,0.10735264830623237],[29.407038970072563,0.10859002191216405],[29.407038970072563,0.10954177173556445],[29.40675334539077,0.11011289789206558],[29.40681319257493,0.11027233330167974],[29.40689614514116,0.11049351616298964],[29.40700717813894,0.11082661515632708],[29.40708646956506,0.11106464681614625],[29.407038970072563,0.11211164743474455],[29.407419594638725,0.11253989739850567],[29.40765796983959,0.1127566421055235],[29.407943019854656,0.11301589057103456],[29.408276144928323,0.11334889063897435],[29.408894895583103,0.1139676412937547],[29.40931954556072,0.11417993525594738],[29.40975147015439,0.11439589665349104],[29.40975151961709,0.11439589485485158],[29.41065559727815,0.11444339344802756],[29.410988720553178,0.1148717720148511],[29.411099758946875,0.11496048563805061],[29.411226771098768,0.1150620146004826],[29.411226839447238,0.1150620146004826],[29.411988094874857,0.11501451960458553],[29.411988146136196,0.11501451600724977],[29.41208327102629,0.11449101614761048],[29.412207665251742,0.11427787412475254],[29.412416577762997,0.1139200509697389],[29.412734517783917,0.11411573715173517],[29.41303509459408,0.11430077176333953],[29.413035145855474,0.1143007681660606],[29.4139868453168,0.11425314456715796],[29.413986894779555,0.11425314456715796],[29.41493859603952,0.11425301956137446],[29.41519068859958,0.11435384705254137],[29.415414520863635,0.11444339075006837],[29.415470653847763,0.11480796241767166],[29.415509720397438,0.11506202179504044],[29.415890469969384,0.1151571466851351],[29.416102584067175,0.11539054503776924],[29.41636626978766,0.11568076615458267],[29.416747146164028,0.11587126594633901],[29.416747213613178,0.11587126774497847],[29.417556095337716,0.11587127044293766],[29.418840970234726,0.11620439731524357],[29.418841009804908,0.11620438832204627],[29.419507223080018,0.11591877713004806],[29.419507268945495,0.11591876094223608],[29.42031634672219,0.11563327655460398],[29.420316395285568,0.11563326936004614],[29.421220528704623,0.11563327025936587],[29.421439706977083,0.11572095056158105],[29.42169634471071,0.1158236477432979],[29.422315096264867,0.11634702169783395],[29.422583729155917,0.11654849681582391],[29.422886020973237,0.11677526626567669],[29.423219146046904,0.11725114072771703],[29.423415682987525,0.11737395304567144],[29.423599970262558,0.11748914720652692],[29.423600020624633,0.11748914001196908],[29.423664575759744,0.11747739216809805],[29.424123471021517,0.11739389731064875],[29.424399829988317,0.11708688405263956],[29.424551770448033,0.11691813976051435],[29.424884845159625,0.1168705233561127],[29.42526559473157,0.11729877242055409],[29.425487470970154,0.11747623743855229],[29.425741396348542,0.11767939069147815],[29.425741437717363,0.11767937180570698],[29.42574147009293,0.11767939698671626],[29.426112415255943,0.11751089011562499],[29.42626489530886,0.11744164411675229],[29.426836102404366,0.11744164321743256],[29.426836145571826,0.1174416414187931],[29.426998347296035,0.11735315982065231],[29.427359595069447,0.11715614713864397],[29.428120972804834,0.11687052695339162],[29.428524643397736,0.11693784570519483],[29.428692021619668,0.11696576425879357],[29.428692096263376,0.11696576965471195],[29.429453470401484,0.11696576965471195],[29.42945352076356,0.11696576425879357],[29.430072096949857,0.11682302386361698],[29.430072146412613,0.11682301487041968],[29.430252556710286,0.11671776181543692],[29.430643220408456,0.11648989699131107],[29.431690220127734,0.11620427230946007],[29.431778499378424,0.11619066017101431],[29.432308646127296,0.11610901521902406],[29.432644371140952,0.11640732933494746],[29.43273709484123,0.11648977198552757],[29.432816728909074,0.11670869934715711],[29.432927394983437,0.11701314144346497],[29.43297489627463,0.11758426580138348],[29.433300591149532,0.11774711413818295],[29.433641346071454,0.11791752307539127],[29.433641396433472,0.11791752127675181],[29.43454539585349,0.11796514307707184],[29.434678891218027,0.1181519232728192],[29.434783344775724,0.11829814674223371],[29.435035482301828,0.11839902819275494],[29.435259396404206,0.11848864113801483],[29.435259425182494,0.11848862944685834],[29.435259470148594,0.11848864743330978],[29.43611584776835,0.11815552865488144],[29.43611589363377,0.11815551066843],[29.43673459662449,0.11791752757198992],[29.437302086822,0.11799304184557968],[29.437448396626394,0.11801251396650514],[29.43773389630246,0.11839326623641],[29.437851458378248,0.11855003425682753],[29.438019469722917,0.11877414710937728],[29.438442857052394,0.11888698144917953],[29.438733281415978,0.11896438429903355],[29.43873334526785,0.11896439688956661],[29.43915372526436,0.1187057482718501],[29.4393520203796,0.11858376602816634],[29.43964611217848,0.11844372809571269],[29.44035147114363,0.11810789696204438],[29.441350846364628,0.11753677170480614],[29.441350846364628,0.11687052155747324],[29.441398345857124,0.11606152292108618],[29.44163786859292,0.11570231570948408],[29.441779145791088,0.11549051637439334],[29.442540469567177,0.11539527187443355],[29.442745630106913,0.11553200479835368],[29.442968770792277,0.11568076615458267],[29.44296884543604,0.11568077155050105],[29.443492221189217,0.11572839155218162],[29.443492270651916,0.11572839065286189],[29.444110857630164,0.11539528176700742],[29.44472959479515,0.11587127314089685],[29.445490970731896,0.11653752238891002],[29.445733968448053,0.1167283630236966],[29.446157272140567,0.1170608909475277],[29.446442719655977,0.11772714739009871],[29.44668071983949,0.118250647249738],[29.446957190322223,0.11856956393438622],[29.44729939585062,0.11896438969500878],[29.447486497104308,0.11923173835418766],[29.447632470562212,0.11944039725671018],[29.447632470562212,0.12015427190226546],[29.447856124760506,0.1206217619848644],[29.44815601988455,0.12124876571812138],[29.448822270031883,0.12172464107948144],[29.449536034960204,0.12191500867089644],[29.449536095214796,0.12191502216069239],[29.45019343667792,0.12176033607079262],[29.450345095649823,0.12172465007267874],[29.45086859640878,0.12191502216069239],[29.45099446911962,0.12208283565450984],[29.451154021441084,0.12229564133093618],[29.451390337194482,0.12255815343621634],[29.451582471054337,0.12277164709399813],[29.45201072011878,0.12300964727756991],[29.452436319780475,0.12318487208432316],[29.45281977091588,0.12334276605599825],[29.453390770268015,0.12353301583618759],[29.453628795632596,0.12382389795470772],[29.453819094875485,0.12405652289038471],[29.454580469912912,0.12434214667291599],[29.454961220384178,0.12472277303771762],[29.45557984513391,0.1253890222857308],[29.45574064841236,0.12581095181411683],[29.455960645967195,0.1263883912114352],[29.45662689611453,0.12738776643243455],[29.456958098437667,0.12749128019856926],[29.457388344896344,0.12762577291124444],[29.45767841672574,0.12784880477869365],[29.458007020008154,0.12810151607226317],[29.458357582936287,0.12835197366479179],[29.45867321979341,0.12857752183532511],[29.459196596445906,0.12895827320591025],[29.45955214161819,0.1291478107230546],[29.459910520554217,0.12933889057751458],[29.459910595197982,0.12933889687275268],[29.460433970951158,0.1293865150757938],[29.460434020413857,0.12938651597511353],[29.46162372005881,0.12924377198265802],[29.46209959631949,0.12976714773583353],[29.46205197182121,0.13019552540333734],[29.461433395634856,0.13033826399981763],[29.461433346172157,0.13033827299307177],[29.461766471245824,0.130956896843486],[29.462289970206143,0.13152802300004396],[29.46239178695157,0.13175192361256904],[29.46252789484663,0.13205139065928506],[29.462584127655532,0.13247291279486717],[29.46262309527981,0.13276539840455825],[29.46262309527981,0.13376477182691815],[29.462432721393156,0.1344785223660665],[29.462337594704422,0.13552552208534507],[29.462670719778032,0.1356683973788222],[29.462670771039427,0.1356683901842075],[29.463289345427143,0.13557302337648025],[29.463574971008256,0.1356683973788222],[29.463575021370332,0.13566839468080616],[29.464193602952605,0.1356683928821667],[29.464193646120066,0.13566839108352724],[29.464954979788672,0.13533527770107412],[29.465360295241624,0.1356278820213106],[29.465811646090742,0.13595376575386808],[29.46609714486749,0.1366676412987431],[29.46609714486749,0.13723864065093494],[29.46604952036921,0.13800014069408917],[29.465962431820913,0.1384356580793451],[29.46590672061882,0.1387140216349394],[29.465832828722228,0.13897278716456185],[29.465716395295544,0.13938026638635392],[29.465882304924605,0.13990574565377756],[29.466001844609593,0.14028452301249672],[29.466668095656246,0.14109339664310028],[29.467001220729912,0.1418073971937588],[29.467286845411763,0.1425687722312432],[29.46752484109868,0.14337763237199397],[29.466668146018264,0.14313989119318649],[29.466668112743378,0.14313990288439982],[29.465859220227003,0.14352052205458676],[29.465288095869084,0.14385364712825321],[29.46533559536158,0.14423439670019889],[29.46533559536158,0.1449956467318998],[29.465288095869084,0.14575727178083753],[29.465240471370805,0.1467090234028774],[29.46551384009183,0.14683320988490323],[29.465764020693143,0.14694689138610784],[29.466189003419913,0.14724691331457507],[29.46657297076615,0.14751802203926445],[29.466945852169488,0.14775104267664574],[29.467334396165597,0.14799389020600984],[29.467655448740118,0.14821616394499415],[29.467953094659777,0.14842227326943203],[29.468762095994123,0.1486601466486377],[29.468762144557502,0.14866014035334274],[29.4694283461414,0.14856489765207925],[29.469428395604155,0.1485648913567843],[29.469602790336694,0.1484380932435556],[29.469951970107502,0.14818427488455654],[29.470570522012167,0.14827938808343788],[29.470654024064117,0.14861318495070464],[29.47071334514493,0.14885052323325],[29.470475345860677,0.14965952276889993],[29.47085597132616,0.15004027324016533],[29.470855985715332,0.15004023097202435],[29.470856020788915,0.1500402660456075],[29.47109402097243,0.14937401769691405],[29.471903022306776,0.14932639679591375],[29.47190309605122,0.1493263922993151],[29.47256926525955,0.14927889820273776],[29.472236145581803,0.1496595155743421],[29.4719933412199,0.14996298190624202],[29.47185534564784,0.15013539723094027],[29.471760219858425,0.15075402198067422],[29.471760271119763,0.15075401928271503],[29.472854771230857,0.15075401928271503],[29.472854844975302,0.15075401658475585],[29.47352102227751,0.15070652158885878],[29.473521095122635,0.15070652158885878],[29.47379309777341,0.15034377194768922],[29.473949389153177,0.1501354008282192],[29.474330094658285,0.15027827162509766],[29.474996344805618,0.15065889709057956],[29.4754245956687,0.15108714705434068],[29.475444127144897,0.1512237639656746],[29.47547214642259,0.15142026583276902],[29.475852895994535,0.1519437656924083],[29.475852928370102,0.15194371263237372],[29.475852970638243,0.15194377198764641],[29.47613847121363,0.15146789662628635],[29.47613847121363,0.15080164737827317],[29.47618609571191,0.1501830217292195],[29.476497058792404,0.14990309695053838],[29.47666201244209,0.14975464855837117],[29.476750889741936,0.14977514770504285],[29.477280646185022,0.14989739075213038],[29.477804021038878,0.15013539093570216],[29.477804021038878,0.15075401568543612],[29.47752886716364,0.15106368823876437],[29.47742347021716,0.15118227194443534],[29.47742347291512,0.1511823043200593],[29.477423395573396,0.151182389755661],[29.47747089596527,0.15180101630403442],[29.477470969709657,0.15180101810267388],[29.478375145396797,0.1518010190019936],[29.47837522093988,0.1518010190019936],[29.47899372428111,0.15180101810267388],[29.47899377104585,0.15180101630403442],[29.479469747131304,0.15137278702468393],[29.47999309590483,0.15165827321089864],[29.47999314626685,0.15165826961361972],[29.48051660026107,0.15165826781498026],[29.48051664612649,0.1516582660163408],[29.480945021096034,0.15132514094267435],[29.481135395882006,0.15075401568543612],[29.481563644946448,0.15042089420904858],[29.48213472523753,0.15042089241040912],[29.48213477110295,0.15042089061176966],[29.48284849556177,0.14984991104472556],[29.483467220136276,0.1501830217292195],[29.483467221035596,0.15065889888921902],[29.482753395852683,0.1508016392843956],[29.482753344591345,0.15080164737827317],[29.482467845814597,0.1511347715526199],[29.482753344591345,0.15165827321089864],[29.482753391356084,0.1516582579224064],[29.48291397070335,0.15159133667100377],[29.483324469848583,0.15142027212800713],[29.48349844369841,0.1513533400847109],[29.483943019954552,0.151182389755661],[29.484419021221015,0.151182389755661],[29.484990145578934,0.15084926558131428],[29.485703896118082,0.15027826892713847],[29.486322596410844,0.15027826892713847],[29.486584651660507,0.15050281435355828],[29.486988896020875,0.15084926558131428],[29.48808334576995,0.1507540210813545],[29.48808339613197,0.15075401928271503],[29.489273094877603,0.15075401928271503],[29.48927314613894,0.15075401928271503],[29.49055797067399,0.15075401928271503],[29.49055802103601,0.15075401928271503],[29.4917001510413,0.15075402018203476],[29.49213018256205,0.151082922039393],[29.492509094819013,0.15137277173619168],[29.49258860298181,0.15165084121349537],[29.49269952086638,0.15203901558828647],[29.492937547130282,0.15232989680743003],[29.49312784637317,0.15256252174316387],[29.49335202127895,0.15301081939395544],[29.49365127068978,0.15360939106068372],[29.493973002252403,0.15409195198213865],[29.494222344685625,0.1544660222892844],[29.494500672268373,0.1547674363682745],[29.4947935212042,0.1550846407437234],[29.4954066789752,0.15512858611549518],[29.495459720989516,0.15513239294574532],[29.49554027776179,0.1553337115817044],[29.495650021131723,0.1556081406033627],[29.49498377098439,0.15589376618453343],[29.494412770732936,0.15646476643598817],[29.49441284897398,0.15646476823462763],[29.495174096307665,0.15646476913394736],[29.495745219766263,0.15670264700969483],[29.496459096210515,0.1568455151086141],[29.496459145673214,0.15684552140385222],[29.49753863160271,0.1569393359817468],[29.497553645784308,0.1569406408980285],[29.49821989593164,0.15727376597169496],[29.4986146920146,0.15739848665100453],[29.499123969995367,0.15755939694878407],[29.499695096151925,0.15817802169851802],[29.50031372000234,0.1587013965523738],[29.500646845076005,0.15936777170543337],[29.501265594831523,0.1601291476422375],[29.50126564519354,0.16012914404490175],[29.501551150265527,0.1601291458435412],[29.501884270842595,0.16050989091888823],[29.501995303840374,0.16092644789739552],[29.502074470260766,0.16122364685395496],[29.50259809602545,0.16146164793684648],[29.502598146387527,0.16146164523888729],[29.50345464631505,0.16146164523888729],[29.503454720059437,0.16146164793684648],[29.50359925640072,0.16141713869018304],[29.504073271064783,0.1612712659563158],[29.50407327556138,0.16127116793023788],[29.50407334480917,0.16127114724582725],[29.50412097020677,0.16046227271584712],[29.503359519626315,0.15998617881928112],[29.503359518726995,0.15946288580369128],[29.503538534176187,0.1594031986988398],[29.50407334480917,0.15922490000929201],[29.504977471033612,0.15936777170543337],[29.505596094884027,0.15979602256857106],[29.505596146145365,0.1597960189712353],[29.506309977623516,0.15979601717259584],[29.506310020790977,0.15979601537395638],[29.50692864644003,0.15946289030028993],[29.507547355726047,0.15917740411407522],[29.50792797039969,0.15941539800235205],[29.508099928868774,0.15960874684634518],[29.508308770333656,0.15984364077155533],[29.508308834185527,0.15984363537563695],[29.50883222073054,0.15974852397533823],[29.508832271092615,0.1597485167807804],[29.509403345088458,0.1597008958797801],[29.509702944335572,0.159825680410961],[29.509974395701988,0.15993876566165],[29.51087852102711,0.1606050158089829],[29.511735270966142,0.1612712659563158],[29.512338611737732,0.16178842739418542],[29.512734595825123,0.16212789718485965],[29.51297247010359,0.16265139704449894],[29.51341536013092,0.16284822266749188],[29.513829146298235,0.16303214122052623],[29.513829220941943,0.16303214841508407],[29.5143525957958,0.16307964161234167],[29.515066345435685,0.16384102204568762],[29.515875470876438,0.16455502259640298],[29.515875519439817,0.16455501360314884],[29.516874846097437,0.16436464870974987],[29.516874895560136,0.16436464061581546],[29.517636270597563,0.1636983913678023],[29.517826645383536,0.16307964071302194],[29.517874270781135,0.16227064117731516],[29.517874270781135,0.1614140153446897],[29.51849284516885,0.16131889764915286],[29.51849289463155,0.1613188931525542],[29.519159145678202,0.1612712659563158],[29.519308044630748,0.16147598942552577],[29.519539844888072,0.16179477301051293],[29.519539894350828,0.1617947604200367],[29.519776651671293,0.16170269592282693],[29.520396566048873,0.16146165872874008],[29.520733181391392,0.16159630522548696],[29.521110221259846,0.16174714671359425],[29.521490970831792,0.16212789718485965],[29.521679839253352,0.16237970286118752],[29.52191927115763,0.16269901614685978],[29.5221733287363,0.16290216939978563],[29.522395220263377,0.16307964790757978],[29.52301384591243,0.16346039658020572],[29.523906095689938,0.16387677279499258],[29.52483409621675,0.1641623983761633],[29.525547970862306,0.16473352273402497],[29.52563790756352,0.1650031772549596],[29.52576214620626,0.16537589138442854],[29.525965265284924,0.16574144870907048],[29.526119095220224,0.1660183967317721],[29.526832858349906,0.16623238501671267],[29.526832896121448,0.16623239131195078],[29.527475373589766,0.16559003795003946],[29.527721023406684,0.16573037355806264],[29.527975020730764,0.1658755160423766],[29.528688896275696,0.166303765106818],[29.529616769998086,0.1666608912872789],[29.529930690948788,0.1669746737423452],[29.530187845792625,0.1672317719288685],[29.53021701440383,0.16752299489047573],[29.53025927084883,0.16794564117856225],[29.53034337724523,0.1684499144321876],[29.53040209578029,0.1688022724071061],[29.53040209578029,0.1697302729339185],[29.5304734695751,0.17087239844261148],[29.530710267365123,0.17104155462419612],[29.530973146393762,0.17122939062403475],[29.532258146296556,0.17201451585737004],[29.532526938367653,0.1722449086757365],[29.532757720592485,0.1724427721164261],[29.532948694326933,0.1725162143519583],[29.533685770581997,0.17279976609648884],[29.534756521396503,0.172871266695779],[29.53475659514089,0.1728712693937382],[29.536255470014112,0.1728712693937382],[29.53625552127545,0.1728712693937382],[29.537183469641548,0.1728712693937382],[29.537183520902943,0.17287127119237766],[29.53804014583625,0.17294251638418245],[29.538421423310183,0.17306964544792436],[29.53889672040748,0.17322814736127157],[29.53889672040748,0.17401327169528713],[29.538825345713292,0.17551239658001805],[29.539253595677053,0.17665452208871102],[29.539253645139752,0.17665452208871102],[29.53982472093429,0.17672589138692274],[29.53982477129631,0.17672589408488193],[29.540681271223832,0.17672589408488193],[29.540681345867597,0.17672589678289796],[29.54132381074544,0.17651178439149362],[29.541966271126682,0.17679726608110968],[29.54225177080275,0.17729689073905774],[29.542443489175866,0.177360834335218],[29.542680104403473,0.1774397579386573],[29.542680145772295,0.17743976603253486],[29.543037013847254,0.17686865156719023],[29.543322596260964,0.17694002176477852],[29.543750845325405,0.17751114702195991],[29.543750845325405,0.1781536469733851],[29.543750894788104,0.17815364517474563],[29.54425052034543,0.17815364517474563],[29.544250595888457,0.17815364517474563],[29.545178520872184,0.17815364517474563],[29.54517859461663,0.17815364517474563],[29.545820895817826,0.17815364517474563],[29.54582096956227,0.1781536469733851],[29.545907324263794,0.17759219932071346],[29.545963769312664,0.1772255268367644],[29.54630963508174,0.17731198226232436],[29.546534773161397,0.1773682600373263],[29.546941115640152,0.1776268726821968],[29.54731997034054,0.17786802319085382],[29.547541011108933,0.1781522017628845],[29.547819646259825,0.17851051594772116],[29.547819718205574,0.17851051774636062],[29.548390721155045,0.1785105204443198],[29.548390769718424,0.17851051235044224],[29.548659256919336,0.17842103070614712],[29.549461595176638,0.17815364337610617],[29.550889220361398,0.17808226958123896],[29.551245392361125,0.17843838672234824],[29.551674395956752,0.17886739121729534],[29.55267377027843,0.17972401615060107],[29.55307649838187,0.18028770671247685],[29.55338772136639,0.18072339766683854],[29.55452972007066,0.18093752174939937],[29.554529764137442,0.18093751275614522],[29.555457720597474,0.18072340036479773],[29.55545777095955,0.18072339227092016],[29.556243024795947,0.18065202567061078],[29.556565236596555,0.18109503710644503],[29.55681409609383,0.1814372732117704],[29.55681414465721,0.18143726421851625],[29.557670721027137,0.18122302592206552],[29.557670769590516,0.18122301872750768],[29.558670096248136,0.18122301872750768],[29.55882382905662,0.18127104162545038],[29.559812146213744,0.18157989129912266],[29.560815923616133,0.18183089028349286],[29.560954344567506,0.18186552227621178],[29.562025095382012,0.18272214720946067],[29.56238439432451,0.18308133193806952],[29.56281039598315,0.18350726614755786],[29.562810469727538,0.18350727604013173],[29.563952471129824,0.18372152332977976],[29.56433137619223,0.1839626648452395],[29.564737645825858,0.18422126579895348],[29.565308771083096,0.18472089135622127],[29.565308844827484,0.18472089675213965],[29.566165346553646,0.18479226694972795],[29.567236094670193,0.18572027287245874],[29.569092095723818,0.18622002163687057],[29.569092117307548,0.18622000724769805],[29.569092146085836,0.18622001624089535],[29.56937007976552,0.18603468575230409],[29.569948720657123,0.1856488981782718],[29.570505733752782,0.18509180324429053],[29.570805270946664,0.18479226605040822],[29.571947520561764,0.18293639270052608],[29.573803395710286,0.18279352190364762],[29.57380347125337,0.18279351740704897],[29.57587359459086,0.18265077071663427],[29.575873645852255,0.1826507689179948],[29.57737265202644,0.18265076981731454],[29.578300646257958,0.18315039087798368],[29.57874034818866,0.18375002914069682],[29.579085846135058,0.1842212720941916],[29.580085221356057,0.18529202290869762],[29.580765307573074,0.18539653132501144],[29.58101327224489,0.1854346382980907],[29.58153634222856,0.1856787727573419],[29.58208397089868,0.18593439695501957],[29.58251222086244,0.18629139723037724],[29.583154719914546,0.18650552311157753],[29.583154761283367,0.1865055114203642],[29.58372572286396,0.1862914017269759],[29.583725771427396,0.1862913909350823],[29.58429686790629,0.18586303665000514],[29.584707105348798,0.18613648900793578],[29.58515339571278,0.18643401621704925],[29.585279292705366,0.18710522342746572],[29.585367596237745,0.1875762721274441],[29.58622422117105,0.1877190170191625],[29.58622426973443,0.18771902241513772],[29.587366345780424,0.18786176640753638],[29.588008720726066,0.18821877297813217],[29.588068406032278,0.18842725291557372],[29.58815164638156,0.18871826633505862],[29.58879414633293,0.18900389101690962],[29.58879416701734,0.1890038739297779],[29.588794220077375,0.18900389731214773],[29.589311593755212,0.1885804407349383],[29.58957925088191,0.18836140725329642],[29.590864095201994,0.18878977233026717],[29.591792094829486,0.18928939698821523],[29.592195172769152,0.18959167621505912],[29.59264877102413,0.1899318906444023],[29.59297050168749,0.19041445156585723],[29.593219845019973,0.19078852187294615],[29.59350534559536,0.19157377211206494],[29.594045941567117,0.19194536928353045],[29.594647644673216,0.1923590160558888],[29.594647715719645,0.19235901785452825],[29.595575521093565,0.1923590196531677],[29.59557559483801,0.19235902235118374],[29.596503574680412,0.19157378919919665],[29.59681117069914,0.19171049874069013],[29.597145846204,0.19185927268745218],[29.5976371917032,0.1921400329363223],[29.5981452708877,0.19243039075007573],[29.598145342833448,0.19243039614605095],[29.599572970716167,0.19250176724290213],[29.600034195222122,0.19275015279748686],[29.600500895699952,0.19300151600731397],[29.60050092987416,0.19300150071882172],[29.60050097124298,0.1930015232018718],[29.60105741236987,0.19274845757541925],[29.601286270944797,0.19264439072622963],[29.60249972078566,0.19250177173955763],[29.602499771147677,0.19250176994091817],[29.60307077589573,0.19250176994091817],[29.603713271350557,0.19285864071383685],[29.60371331092074,0.19285862902268036],[29.603713345094945,0.19285864790845153],[29.604641345621758,0.1925730223272808],[29.605069598283478,0.19243040244128906],[29.605069645947594,0.19243039075007573],[29.60527652868899,0.1921717421323592],[29.605640719943437,0.19171652239975856],[29.6062830957884,0.19028877220921459],[29.60662577166221,0.19009295832353246],[29.606782770808366,0.19000327163382735],[29.6074965968906,0.19007476683719915],[29.608067720349197,0.19064564657946903],[29.608495971212278,0.191502397417878],[29.608904216656413,0.19162485000697416],[29.609209773012765,0.1917165098092255],[29.60920984495857,0.19171652869499667],[29.609780845210025,0.19185927268745218],[29.609780895572044,0.191859269989493],[29.610923094825125,0.191859269989493],[29.61170822005846,0.19214477236351968],[29.6118120800636,0.19216073443050163],[29.61263627094729,0.19228751635597519],[29.613492770874814,0.1923590160558888],[29.613878895694654,0.1927064754236767],[29.61420672106351,0.1930015232018718],[29.61420677142553,0.19300152230255208],[29.61527735496611,0.1930727656957174],[29.615277396334932,0.1930727656957174],[29.61613414627402,0.19271589132546296],[29.616562396237782,0.19200201578058795],[29.61671320984692,0.19185120127207256],[29.61699071994593,0.19157377211206494],[29.617306790276302,0.19112216495608436],[29.6174903949659,0.1908598911712147],[29.618489771086217,0.19021739391774872],[29.61891802104998,0.19021739391774872],[29.618918094794424,0.1902173966157079],[29.61998889597095,0.1902887668132962],[29.62035479233998,0.19050830391523732],[29.620702596148078,0.1907170221729757],[29.620988220829872,0.19107414655479715],[29.620988271191948,0.19107414385683796],[29.621559149135578,0.1910741447561577],[29.62202246186729,0.19149872188864947],[29.622415846014633,0.19185927268745218],[29.623343845642125,0.19200202207582606],[29.623772095605887,0.19235902235118374],[29.624057596181274,0.19285864790845153],[29.624057645643973,0.19285864790845153],[29.624118956025143,0.19286545217903495],[29.624700144696078,0.1929300154080238],[29.625320101341742,0.19305400673715667],[29.625413844873208,0.19307277199101236],[29.626056345723953,0.19350102195477348],[29.62624195680104,0.19381033837657924],[29.626484646049732,0.19421489120441038],[29.626566337766462,0.19437813164563522],[29.62662747008187,0.19450039717577283],[29.62662752044389,0.19450039357843707],[29.627698272157716,0.19450039537713337],[29.627802184323514,0.19502004973566045],[29.627840970284694,0.19521414681560145],[29.627841001761,0.19521416660069235],[29.62784102064677,0.19521426642540973],[29.628412020898224,0.19557114079566418],[29.628688268349094,0.19588684060539663],[29.6289117210992,0.19614227234814052],[29.6294828445578,0.1964991476177147],[29.629482895819137,0.19649914222179632],[29.63033939664598,0.19642777202420802],[29.630339471289744,0.19642777022556857],[29.630981895698085,0.19642777022556857],[29.631624270643727,0.19671339041082092],[29.631624337193557,0.19671339220946038],[29.632480972918756,0.19671339220946038],[29.632481020582816,0.19671339041082092]]]},"properties":{"nom":"Kyondo","province":"Nord-Kivu","zscode":"CD6107ZS03"}},{"type":"Feature","geometry":{"type":"Polygon","coordinates":[[[29.341787783079894,0.5897513644341075],[29.340740783360616,0.58932311267165],[29.3396939077478,0.5897037381371888],[29.339217908280034,0.5897037381371888],[29.338599157625197,0.5889422389932975],[29.337980657881246,0.5884664886377209],[29.336981283559567,0.5883236133442438],[29.33593428294097,0.5883712387418427],[29.33488728322169,0.5885616144271353],[29.334649283038175,0.5880381136681763],[29.333840407608875,0.587514613808537],[29.333221657853414,0.586895989058803],[29.332317533427613,0.5866579879759115],[29.33165128328028,0.5865628639851366],[29.33136565769911,0.5859442392354026],[29.330889908242852,0.5854206125713972],[29.33041390787571,0.5855634887641372],[29.32993803341367,0.5851827391922484],[29.329557407948187,0.5847068638308883],[29.329129032978642,0.584230989368848],[29.328605533119003,0.5834694884263172],[29.32822490765352,0.5824701141046376],[29.328129657757643,0.5813756139935435],[29.328129657757643,0.5804713636626389],[29.32817564189253,0.579734278414378],[29.328550520690158,0.5788442661500994],[29.328555738556645,0.5788111863873269],[29.328558033626507,0.5788057391936832],[29.328700658009097,0.5779016129692423],[29.328558033626507,0.5769974876441211],[29.327796533583296,0.5761883631026308],[29.32708265893774,0.5752366141785501],[29.326511532781183,0.5740944886698571],[29.326416407891088,0.5734282376232045],[29.32627378260912,0.5728096137728471],[29.32589290803145,0.5722861139132078],[29.325512157560183,0.5716198637658749],[29.325607533361165,0.5707156134349702],[29.32517915839162,0.5699066138992634],[29.325036408103927,0.5692403637519305],[29.32470328303026,0.5686217381028769],[29.32446528284669,0.567955487955544],[29.3243241396475,0.5671085091505574],[29.324600521097352,0.5662331414465029],[29.325504646422473,0.566042890766937],[29.325504646422473,0.5660059439193219],[29.325512157560183,0.5660043638105208],[29.325512157560183,0.5651952392690305],[29.32517915839162,0.5643863638397875],[29.324750783422076,0.5632916137171833],[29.324750783422076,0.5621496141135367],[29.324750783422076,0.561055113103123],[29.324750783422076,0.5600556137757167],[29.324750783422076,0.5590562385547173],[29.324608033134382,0.557961739342943],[29.324370157956594,0.5565816136507351],[29.324274908960035,0.5554869876345379],[29.323799032699355,0.5543924884227636],[29.323227908341437,0.5542021136367907],[29.32294240776605,0.5530599881280978],[29.322847282875955,0.5523462375889494],[29.322799658377676,0.5509661127960044],[29.32275215798586,0.5499667393737013],[29.32270453258826,0.5485391141889409],[29.322657209362887,0.5477845281336045],[29.322839770838925,0.5470546410589918],[29.32283953521653,0.5470470930490592],[29.322847282875955,0.547016113203199],[29.322799658377676,0.5454933640276636],[29.322609282692383,0.5444939888067211],[29.32232365801059,0.5430187382243616],[29.32241746719251,0.5416612808435843],[29.322697019651912,0.5409156412439984],[29.323125271414312,0.5401542662065708],[29.323127042179408,0.5401259456560297],[29.323132782552022,0.5401157392501545],[29.32318040794962,0.539354364212727],[29.32289478326777,0.5390212391390605],[29.322276157618717,0.5389259892431824],[29.321943033444427,0.5387357385636733],[29.32151478258129,0.5381169888081558],[29.321086532617528,0.5376411134467958],[29.320943658223428,0.5371652389847554],[29.32065815764804,0.5364989888374225],[29.320087159195225,0.5355947376071981],[29.31929078344308,0.5317272382216061],[29.31788453334468,0.5306726140500473],[29.315951033213764,0.5282117388808274],[29.31524803317035,0.527157113809892],[29.313841783072007,0.527157113809892],[29.31296290801197,0.5262783637556367],[29.311556783818673,0.5259266128230706],[29.30909603275586,0.5259266128230706],[29.307162532624943,0.5241689886080962],[29.305228908387562,0.5234658626595774],[29.304174283316684,0.5222354893764987],[29.303119658245805,0.521883863449716],[29.30083465809315,0.5215323643272995],[29.29837378292393,0.522059739365659],[29.296791907820477,0.5208293642838839],[29.2953856586214,0.5192473641747029],[29.29292478255286,0.5199504892238451],[29.291870283387027,0.5181927382044478],[29.290112408261223,0.5169622390162658],[29.28853053315777,0.517138114032889],[29.285718157966755,0.5187199882370237],[29.283433032808375,0.5185442391255037],[29.28149965768324,0.516083363956227],[29.28026915759574,0.5143256138361494],[29.278687283391605,0.5122164878008562],[29.275874783194865,0.5095798644193792],[29.27411715808057,0.5069431133341595],[29.273250572256245,0.5057299422831534],[29.2755157711361,0.503290515944741],[29.276570395307658,0.5011812667022468],[29.279558646414557,0.5011812667022468],[29.282371019806874,0.5008296416747839],[29.285534895918886,0.49977501660390544],[29.28554029904575,0.4997371920179603],[29.285542407955916,0.4997364878487929],[29.285893907977652,0.4972757385846194],[29.284861785742976,0.49538349485254685],[29.2886987702322,0.4957322663311743],[29.290280646234976,0.4964353913803734],[29.29027457041525,0.496390823677757],[29.290288158272062,0.4963968644239003],[29.289766160280237,0.4925682661127553],[29.29238989637679,0.4925682661127553],[29.29449926972569,0.4927441411293785],[29.296081145728465,0.49098639100930086],[29.29766326994411,0.4887013908566473],[29.300827146056122,0.48993176593842236],[29.3025848961762,0.4888770167610801],[29.305397271367156,0.4888770167610801],[29.306627646448874,0.48834989083496794],[29.308912644802888,0.48694364163588943],[29.311549270882324,0.485713140649068],[29.31383427103492,0.4832523913848945],[29.315064645217376,0.4818461412865531],[29.317349771275076,0.4792096411122202],[29.31910739638937,0.4813188912539772],[29.31998627144941,0.482197766314016],[29.322447145719366,0.4818461412865531],[29.323677520801084,0.4807915162156746],[29.325435270021842,0.480088516172259],[29.32730014558541,0.48515389093950034],[29.327860521246237,0.4854267659326865],[29.3282411458124,0.4859501407865423],[29.328336270702493,0.48652126604378054],[29.32843139469327,0.487044765903363],[29.3291452702382,0.4874255163746284],[29.329573645207745,0.4874255163746284],[29.330001896070826,0.4875206421640428],[29.330573020428687,0.48809176562264156],[29.331048895790047,0.48856751687753786],[29.331572394750367,0.4888055161617899],[29.33219102129874,0.48942414091152386],[29.333428394904672,0.489804892282109],[29.33466564620278,0.4894717663091228],[29.335474644839167,0.48942414091152386],[29.336236020775914,0.4891862657337356],[29.33661677124718,0.4886151413758171],[29.337092770714946,0.48832964080042984],[29.337521020678707,0.4877110160506959],[29.33775902086228,0.48737789097702944],[29.33818727082604,0.48733014057370383],[29.338615645795585,0.4879965157267634],[29.33890102136519,0.48856751687753786],[29.339424521224828,0.4889483905559473],[29.340328770656413,0.48871039127169524],[29.34066189573008,0.488139266014457],[29.340663828373124,0.48811030424730006],[29.34066940776711,0.48810073905804074],[29.34071461578708,0.48742319882171614],[29.341233020987318,0.4871875161910566],[29.34123120975272,0.4871532268401211],[29.341240533024347,0.4871489883353206],[29.341192782620965,0.48624473890373565],[29.341192782620965,0.4856118158327831],[29.341804020339453,0.48518876574911474],[29.342565520382607,0.485712265608754],[29.343041395743967,0.4854267659326865],[29.343612395096102,0.4849983909631419],[29.343612395096102,0.48496550005796735],[29.343619908032508,0.4849598640066688],[29.343619908032508,0.4844969757550075],[29.343850396178993,0.48371339106029154],[29.34408827135678,0.48304714091295864],[29.344754520604795,0.4826188909491975],[29.345325644962713,0.48200026619946357],[29.345323629582026,0.48197205986281233],[29.345333157899063,0.4819617383437276],[29.345285533400784,0.4812954890957144],[29.345142908118873,0.4804864886606879],[29.34495442730514,0.47978018091077956],[29.345135396081844,0.4791923912160314],[29.345468396149727,0.4783358912885092],[29.345468396149727,0.4783166871655453],[29.345475908186756,0.47829736433203607],[29.345475908186756,0.47747832836233783],[29.346229896192938,0.47738414056578904],[29.347800269866752,0.47671789131777587],[29.348133394940362,0.47709851588393803],[29.348799645087695,0.47776476603127094],[29.348847269585974,0.4782883908966937],[29.35013214628168,0.4783835157867884],[29.350750771031414,0.4788117657505495],[29.35089352041979,0.4797160160814542],[29.35089352041979,0.48066776680417433],[29.35089352041979,0.4811912666638136],[29.35194064604417,0.48019189144281427],[29.352416396399747,0.4797160160814542],[29.352892395867514,0.47981114097154887],[29.35360614640672,0.47981114097154887],[29.35422489616218,0.4798587663691478],[29.354938645802008,0.4802395159410935],[29.355509770159927,0.4806201423058951],[29.35679452095053,0.48009664064761637],[29.357318144916633,0.479668391583175],[29.357284814242973,0.47966326814548665],[29.357325657852982,0.4796298628280624],[29.35670690809752,0.4795347388372875],[29.356526766697073,0.4792193133208116],[29.3570325211341,0.4786215159703602],[29.357365646207768,0.4777172656394555],[29.35807952085338,0.47709851588393803],[29.358081195391037,0.477065047614019],[29.35808703289041,0.47705998802820204],[29.358133151024276,0.476138359198103],[29.35860302071302,0.47548051591326157],[29.35860302071302,0.4754525074274625],[29.35861053364937,0.47544198895678846],[29.35861053364937,0.4748708636995502],[29.358523598885142,0.4744794886376553],[29.359412145254453,0.47438601580216755],[29.359983146405227,0.4752425157296898],[29.360411521374772,0.4758612663844701],[29.36117289461356,0.4748618911635276],[29.362029521345505,0.47538539192248663],[29.362886020373708,0.4755281413108605],[29.364313769664875,0.4750047673562676],[29.366169645712716,0.47424314140801016],[29.3681208957629,0.4730058910092225],[29.369453271051782,0.47248239114958324],[29.370833520850454,0.4719113908981285],[29.37188039556395,0.4714831418336871],[29.372927396182547,0.4716733907145567],[29.373736395718254,0.47153064132618283],[29.37454539525396,0.47224451597179495],[29.375306771190708,0.4723396408618896],[29.375973145444448,0.4728631407215289],[29.37649652119768,0.47291076611912786],[29.377257895335788,0.47291076611912786],[29.377924271388167,0.47371976565483465],[29.378733270024554,0.4744811406922622],[29.379351895673608,0.47514739173891485],[29.37987551963971,0.475433016420709],[29.38000464609769,0.47515326611051023],[29.380446394885382,0.4741956410161947],[29.38106514643954,0.47381489144424904],[29.38163626989808,0.4736245157589565],[29.382112021153034,0.4728155162232497],[29.382254894647815,0.4722920163636104],[29.383206646269855,0.47210176568410134],[29.383444645554107,0.47129264114261105],[29.38415852109904,0.4708168907870345],[29.384152601761343,0.47078731478291047],[29.38416603313607,0.47077836293124165],[29.38397918279321,0.4698447263531875],[29.384491646172705,0.468913266134507],[29.385062519619737,0.4682470159871741],[29.385059275765116,0.46822104266715314],[29.385070032556143,0.468208489030701],[29.38497490856537,0.4674469880881702],[29.38411840773847,0.46697111272681013],[29.383835882120422,0.4665003167364148],[29.38406327030384,0.46577226607735156],[29.38406185117367,0.4657623375620119],[29.384070783240247,0.4657337391209353],[29.383978832956927,0.4650906950796525],[29.38430114638095,0.4646302655744421],[29.385205395812534,0.4642018906049543],[29.38596677084996,0.46434464089264793],[29.386204771033533,0.4638211419323284],[29.38619691095886,0.4638164258875008],[29.386212283070563,0.46378261407653554],[29.385736407709203,0.46349711440046804],[29.385641158712644,0.46287836374563085],[29.385641158712644,0.4621169887082033],[29.385688784110243,0.4614507385608704],[29.38559365832083,0.46102248859710926],[29.385212907849564,0.4604989878382071],[29.384660186318683,0.4603148687363614],[29.38501502102656,0.4598712664459299],[29.38530052070263,0.45939539108456984],[29.385919271357466,0.4586338910414156],[29.38653789520788,0.4579676408940827],[29.387204145355213,0.4581581406857822],[29.387822771004267,0.4582532655759337],[29.388489021151543,0.4581105161875598],[29.38867952004398,0.4575393909303216],[29.38867952004398,0.4575233883938381],[29.38868703298033,0.4575008639738485],[29.38868703298033,0.4569773641142092],[29.38873359537928,0.4560444227121252],[29.388965019720047,0.4553502666016698],[29.38967889526498,0.4549696411361879],[29.39001189533286,0.4540653908052832],[29.390007017410085,0.45406051198318664],[29.390019408269268,0.4540268638488669],[29.389556331159895,0.45356378584023105],[29.39024977140997,0.452685266012395],[29.39025483729108,0.4526498372203491],[29.390257283447056,0.45264673815660217],[29.39044256087567,0.45135088703398196],[29.391201646239153,0.45068664237481926],[29.39177264469197,0.45068664237481926],[29.39205827117246,0.4503058910042341],[29.392343770848527,0.44982989063709056],[29.39234606771703,0.44980006012485774],[29.392351283784876,0.4497913636806743],[29.392398909182475,0.44917273893094034],[29.39226443625489,0.44872445926654336],[29.392867394814573,0.44830701555650876],[29.39343827095962,0.4476407663084956],[29.394104521106954,0.4472125172440542],[29.394111236344656,0.44717450200181474],[29.394112034043303,0.44717398938826136],[29.39424817071665,0.4464032533076647],[29.395103896327896,0.44597514094016333],[29.395913020869386,0.4448331413365736],[29.39672189629863,0.4443096405776146],[29.397150395374638,0.44402401589576357],[29.39795927080388,0.4443096405776146],[29.398149644690534,0.4444523908653082],[29.39886352023541,0.44402401589576357],[29.39986289455709,0.44354826733882646],[29.400719521289034,0.44292951578466955],[29.401433395934646,0.4431197655649157],[29.401422531225023,0.4430763409005749],[29.401440907971676,0.4430812386084426],[29.401250408179976,0.4423198626716953],[29.400822159115535,0.4420819892925465],[29.400584158032643,0.44127298885752],[29.40034640786058,0.4408922392855743],[29.4002088133862,0.4403880838431746],[29.4006720199979,0.4396935158432598],[29.401147771252795,0.43897964119764765],[29.401671270213114,0.4393127662713141],[29.402670645434114,0.43912239058602154],[29.403384520079726,0.43855126622810303],[29.403670020655113,0.4379802659766483],[29.40405077112638,0.4364097663977873],[29.404053395348058,0.43639140134223453],[29.40405828316341,0.4363712376426747],[29.404201032551782,0.4353719883267786],[29.40429436419373,0.43453250896828877],[29.404526645588362,0.433649640918361],[29.40505014634732,0.4327455155932398],[29.405525895803635,0.4319840164493485],[29.406049520669,0.43131776630201557],[29.40676327120815,0.43050876586698905],[29.407477270859545,0.4301756407933226],[29.40857177097064,0.4301756407933226],[29.409476021301487,0.4304135159711677],[29.410475269718063,0.4312226414119209],[29.41123664565481,0.43184126616165486],[29.411902895802143,0.4317936407640559],[29.412712021242953,0.4319840164493485],[29.413187895704993,0.432269516125416],[29.413901645344822,0.4309846412283491],[29.414187270925993,0.429842515719713],[29.414758271177448,0.42898589078640725],[29.41537702003359,0.42936651625188915],[29.415662520608976,0.43003276639922206],[29.415567270713154,0.4309846412283491],[29.41604327018092,0.43131776630201557],[29.416519021435874,0.43212676583772236],[29.417137770292015,0.43250751630898776],[29.41799439612464,0.4324598909113888],[29.418660646271974,0.4324598909113888],[29.419612395196054,0.4319840164493485],[29.419850396278946,0.43136526669388786],[29.420849770600626,0.4302707656834741],[29.421706269628828,0.4292713913617945],[29.422420145173703,0.42846239092676797],[29.423895395756062,0.4281292658531015],[29.424799646086967,0.42846239092676797],[29.4254658962343,0.42870039111033975],[29.426179770879912,0.42870039111033975],[29.42694114501802,0.4274630157057686],[29.427226645593407,0.4270347657420075],[29.428178396316127,0.42712989063210216],[29.428702021181493,0.4276533913910612],[29.4294633953196,0.42831964063907435],[29.430082020968655,0.4287955160004344],[29.430891144610825,0.42955701604358865],[29.4315573947581,0.43022326619092155],[29.432128395908933,0.430556391264588],[29.432794521050482,0.430556391264588],[29.43379389627148,0.43050876586698905],[29.434650646210514,0.43031839108107306],[29.434654230008846,0.430280735567635],[29.434658158247544,0.4302798632252802],[29.434753283137695,0.4292804889036006],[29.434660181722165,0.42834898821541856],[29.43522164556265,0.4272727659255793],[29.435216739760904,0.4272580431243682],[29.435229157599736,0.4272342389691062],[29.43499128422053,0.42652036432349405],[29.434325516109823,0.4257594155647553],[29.43450789592282,0.42489314090590824],[29.434793395598888,0.4240842663759281],[29.434793395598888,0.4240670227750343],[29.434800907635918,0.4240457376208724],[29.434800907635918,0.42321410214924526],[29.4354596448469,0.422037891435707],[29.436173520391833,0.421514390676748],[29.436159138433652,0.4214919202161127],[29.436181033328182,0.42147586282095517],[29.43541953328497,0.42028611371335955],[29.435705032961096,0.4187633627391847],[29.435657534367863,0.4174308633438386],[29.435276783896597,0.416478987615335],[29.434943658822988,0.415384363397834],[29.434325033173934,0.4148132381405958],[29.433706283418417,0.4141471138983661],[29.433611157629002,0.41286211399551576],[29.433563659035826,0.4111489891346878],[29.43380140830851,0.4091978631909683],[29.433753907916696,0.4081508643710663],[29.433753907916696,0.40705636336065254],[29.4336587830266,0.4061997384273468],[29.43337315834475,0.40596173914309475],[29.43309580562709,0.4053607671858117],[29.43350852070182,0.40481064109837916],[29.433505291236372,0.40478643224821553],[29.433516032738908,0.40477211324258633],[29.43342078284303,0.40405811359124755],[29.4334665349528,0.40304976583416874],[29.433936770665582,0.40304976583416874],[29.434841020996487,0.40290701644579485],[29.434835800431983,0.4028704985748277],[29.434848533033517,0.40286848859005886],[29.434753283137695,0.40220223844272596],[29.434659386721478,0.4012627859489726],[29.435031269877356,0.4001467659606419],[29.43503226992351,0.4001277830709],[29.435038782813763,0.4001082381048491],[29.435084598775404,0.39923833378225027],[29.435792769920567,0.39871914077588144],[29.435789542253758,0.39868848828325554],[29.435800282856917,0.3986806129200886],[29.435705032961096,0.3977763643878802],[29.43551478318085,0.39668186337746647],[29.43510702157198,0.39636476871925197],[29.435554770636315,0.3960066406940541],[29.435561450800492,0.39596878013526293],[29.435562282673345,0.39596811373763785],[29.435705032961096,0.39515898829682783],[29.435609908070944,0.39439761325940026],[29.43537190788743,0.3936838627202519],[29.435276783896597,0.39296986306891313],[29.435320929817237,0.3924847138985683],[29.436429396399717,0.39240164082320916],[29.437048021149394,0.3925921406149655],[29.43795227058098,0.3925921406149655],[29.438618520728312,0.3925443911109028],[29.439332396273244,0.3924492662208081],[29.440427021390065,0.3930203905787266],[29.441235895020725,0.39306789097054207],[29.44218777074917,0.39330589115411385],[29.44318714597017,0.39392451680316753],[29.443758146221626,0.3943052663751132],[29.444519521259053,0.39501914102072533],[29.445376271198143,0.3954948913763019],[29.446566020305738,0.3954948913763019],[29.447422521132637,0.3953997655868875],[29.44818402117579,0.3950666414125408],[29.449088145601593,0.3949715156231264],[29.45075389597571,0.3949715156231264],[29.45318089638141,0.39511426591082],[29.454275394693866,0.3954948913763019],[29.45513202142581,0.39597089084412573],[29.456750019597905,0.3965420161013071],[29.458748770939167,0.3967798912790954],[29.459700520762567,0.39697026606506824],[29.46079502087366,0.3968751411749736],[29.461699271204566,0.39625639141951297],[29.462127521168327,0.3957805160581529],[29.462889021211538,0.39568526616227473],[29.463698020747245,0.39559014127218006],[29.4643166463963,0.3952570161985136],[29.46536364611552,0.3953521410886083],[29.46612514615873,0.39516176630263544],[29.466981646086253,0.39516176630263544],[29.46807627120313,0.394828641228969],[29.4694563950967,0.3941623910816361],[29.470503270709514,0.3940672661915414],[29.470693646394807,0.3937817656161542],[29.47112202136435,0.39330589115411385],[29.47112044125555,0.39327746358424065],[29.471129533401438,0.393267363298321],[29.471083616715703,0.39244146370276667],[29.471693020716486,0.39192576726048856],[29.471679715246808,0.3919048562243006],[29.471700532753573,0.39188723940475256],[29.471377736393606,0.3913799678114174],[29.471740646114085,0.3909263911402263],[29.47235927086382,0.3907360163542535],[29.473263520295404,0.39030764138470886],[29.473549145876518,0.3895462663472813],[29.473977394941016,0.38883251580813294],[29.473980508393936,0.3888013210242889],[29.473984907877366,0.38879398885165983],[29.47403240826918,0.38831798938389284],[29.47403240826918,0.38816353441973206],[29.47454839609179,0.3879758908748272],[29.47540502012572,0.38750001641278686],[29.47635677084844,0.3876902661929762],[29.477641645745507,0.3876902661929762],[29.478260396400344,0.38816626566080004],[29.47906939593605,0.387928266376548],[29.479450146407316,0.38740489062337247],[29.480211521444744,0.3868813907637332],[29.48054464561909,0.3862626410082157],[29.48054464561909,0.3862380670333323],[29.48055215855544,0.38622411315247973],[29.48055215855544,0.38566145591164513],[29.480639769609866,0.3853108911848153],[29.481163271268144,0.3851206423039457],[29.481306145662245,0.38478751723027926],[29.481304997227994,0.3847691836510876],[29.48131365859865,0.38474898937454327],[29.48126590909459,0.38398736342622897],[29.481028158023264,0.38327361378640035],[29.480647283445535,0.3827976134193136],[29.48031415837187,0.3820838628801084],[29.47960040783272,0.3818459886016399],[29.478743782899414,0.3818459886016399],[29.4781727844466,0.3816556129163473],[29.47760165829004,0.3815128626286537],[29.4765546576715,0.3816556129163473],[29.47612640770774,0.38146511402396754],[29.47617403310528,0.38098936366833414],[29.475793282634072,0.3803706130135538],[29.475412533062126,0.3799899884473916],[29.47503178259086,0.37975198916313957],[29.47460353442574,0.3789429878287933],[29.47408003276746,0.37827673858078015],[29.473699283195515,0.37746773904507336],[29.473223533739258,0.3768966137878351],[29.472319283408353,0.3764207393257948],[29.471891033444592,0.3761827382429601],[29.471557908370926,0.3756117388908251],[29.471557908370926,0.3749929882359879],[29.471272282789812,0.37456473917154653],[29.47108190890316,0.37389848902421363],[29.470990458642916,0.3732579819704256],[29.471312396150324,0.37289014126719167],[29.47130061683015,0.372873654895443],[29.471319908187354,0.37285161341139883],[29.47108190890316,0.3725184892370521],[29.470463283254105,0.37194736308049414],[29.470463283254105,0.37140057437716223],[29.47088402118078,0.37060576614334195],[29.470885174111686,0.3705792514314794],[29.470891533217866,0.37056723828760596],[29.470939157716145,0.36947261317072844],[29.47060603264248,0.3685686137507105],[29.4705584081442,0.36790236270405785],[29.4705584081442,0.36736131617198],[29.47093164567906,0.36694151623817106],[29.471502645031194,0.3668462663422929],[29.47240689626142,0.3666558906570003],[29.47240689626142,0.36661894470870493],[29.472414408298448,0.3666173628012075],[29.472414408298448,0.3660463643483922],[29.472414408298448,0.36528498931096465],[29.472176408114933,0.3643331126831413],[29.471795784448034,0.36380961372287857],[29.471367408579226,0.3634764886492121],[29.470986783113688,0.363048238685451],[29.470843907820267,0.3625247388258117],[29.470177657672934,0.36233423903405537],[29.4696542837184,0.3618584886784788],[29.469745056789122,0.36117727111434306],[29.470075019846433,0.36056451623960584],[29.47064614600299,0.3597553907987958],[29.47063591081877,0.35974200618881014],[29.470653658040078,0.35971686384237955],[29.470035034189664,0.35890786340735303],[29.469892157996867,0.3583368631558983],[29.469749407709173,0.35781336419557874],[29.469416282635507,0.35719473764720533],[29.469035658069345,0.35709948775132716],[29.468750033387494,0.35638561310571504],[29.467941033851787,0.3557669892553008],[29.467670202118313,0.3554422107895334],[29.468220020637602,0.3541556406704558],[29.46821456535008,0.3541474586384652],[29.468227532674632,0.35411711281466296],[29.467759110894406,0.35341460380107037],[29.46798202135335,0.35301339105529905],[29.467988776161235,0.35297622567242115],[29.467989533390437,0.35297486319956306],[29.46808465828053,0.35245148924497016],[29.467941908892158,0.35188036308846904],[29.46760878291917,0.35135686322882975],[29.467047349655616,0.35065494956643306],[29.46745852059439,0.3500153912974042],[29.46745852059439,0.3499885492323074],[29.467466032631478,0.34997686344166823],[29.467466032631478,0.3494057390837497],[29.467085283059532,0.3493581136861508],[29.465943282556623,0.3494057390837497],[29.464753409342507,0.34892986372238965],[29.464134782794133,0.3480732387890839],[29.464325157580106,0.3470262390698622],[29.464229907684285,0.3463599889225293],[29.463421034053624,0.3457889877717548],[29.46327828286661,0.3446944876606608],[29.463230533362605,0.3436951142383009],[29.46304028358236,0.3429812377940493],[29.462945157792944,0.3419817375673233],[29.462421657933305,0.3410301136489693],[29.462466464855652,0.34044644914445144],[29.463127894636784,0.3399740163878846],[29.463365895719676,0.33921264135045703],[29.463365895719676,0.3391981469770826],[29.463373408656025,0.33917411439404077],[29.463373408656025,0.3382222377662174],[29.46313540757319,0.3375084881263888],[29.462949084233003,0.3363898070440996],[29.463556146399185,0.33559589093778186],[29.464174895255383,0.33464401610859795],[29.46417850873138,0.33461148583154454],[29.464182408191732,0.33460548825286196],[29.464325157580106,0.3333206133557951],[29.46408715829591,0.3325114888143048],[29.463325784157803,0.331988113960449],[29.46261190861287,0.33136948831139534],[29.46218365774979,0.3314169887032108],[29.462088532859696,0.3307983630541571],[29.461231783819926,0.33070323906338217],[29.460613158170872,0.33070323906338217],[29.46023253360471,0.32989411272330926],[29.459185532986112,0.3290851140869222],[29.45823378316271,0.3291327376858817],[29.457866268014016,0.3291327376858817],[29.458178644828763,0.32855264079188373],[29.458168218988305,0.32854742742199505],[29.458186157765113,0.32851411383546747],[29.457710159196665,0.3282761136518957],[29.457481718806434,0.3280016747376635],[29.457845519755097,0.32741039117678383],[29.457836819713634,0.32739821255762536],[29.457853032691446,0.327371863320991],[29.45737703322368,0.3267056131736581],[29.457044034055116,0.3261822383198023],[29.45666328358385,0.32580148874785664],[29.45580678275701,0.32542073827659124],[29.455092783105613,0.3248973643220552],[29.454426695735606,0.3241359236341168],[29.454561896214727,0.32346051569038536],[29.45456175681977,0.3234602144175369],[29.454569409151077,0.32342198783464937],[29.45428390767637,0.3228033630849154],[29.453760282810947,0.32218473833518146],[29.453332032847186,0.3218039887632358],[29.452951408281024,0.3210426128264885],[29.45299890777352,0.32042386307097104],[29.452856158385146,0.3198052383212371],[29.45299890777352,0.3187582377026956],[29.45309403356299,0.3177113638885203],[29.45309403356299,0.3157126134465216],[29.452951408281024,0.3149511134033105],[29.45257065780976,0.3142848641552973],[29.45252303331148,0.3127621140804422],[29.45228515813369,0.31181036335772205],[29.452097632399955,0.3106382940222261],[29.452372770986756,0.3100880159493613],[29.45237170169287,0.3100666507555161],[29.452380283023786,0.31004948809356847],[29.452332657626187,0.3090976141637043],[29.451999532552577,0.3079556136607948],[29.452231231186545,0.30661190871279587],[29.452753395552918,0.30575739089101717],[29.452753395552918,0.305731157666969],[29.452760909388644,0.3057188639346009],[29.452760909388644,0.30410086306454787],[29.452193737551113,0.30315537522056957],[29.45246789587685,0.3023785156561303],[29.452474806267446,0.30234169381429865],[29.452475407913937,0.30233998780033744],[29.452618283207357,0.30157861276290987],[29.451999532552577,0.30034123915703503],[29.45128578291269,0.2991516132565266],[29.451238033408686,0.29743823838413164],[29.45142853409976,0.2960582376976504],[29.450524282869537,0.29429748923791976],[29.449667783841335,0.29367873768376285],[29.448573158724457,0.29286973814805606],[29.447335783319886,0.2919656137222546],[29.44681240936535,0.2901571139598218],[29.446717157670832,0.28934811262547555],[29.446384032597166,0.2888247386709395],[29.445860532737584,0.28863423887918316],[29.445337032877944,0.28772998764895874],[29.444623158232332,0.28787286294243586],[29.444147407876756,0.28772998764895874],[29.443338283335265,0.2870162380091301],[29.442862407973905,0.2862548638710223],[29.441958282648784,0.285778862604559],[29.441530032685023,0.2854457384302691],[29.441434657783418,0.2842084889308012],[29.441571825979167,0.28334048487562313],[29.44228389568542,0.2823910157329692],[29.442291014718705,0.28235301398058255],[29.44229140862177,0.2823524878771764],[29.44243403300436,0.28159111373906853],[29.44243403300436,0.2806393630163484],[29.442526589430713,0.279575695262281],[29.442854895936875,0.2790598909014079],[29.442846535839124,0.2790463012459554],[29.442862407973905,0.2790213639449348],[29.44248370705759,0.2784057402328699],[29.442664520251583,0.2777273906067421],[29.442854895936875,0.27701339095540334],[29.44323564640814,0.27625201591797577],[29.443231124616887,0.27623755212147216],[29.44324315844517,0.27621348806218293],[29.4430051582616,0.2754521139240751],[29.44229140862177,0.2749761126576118],[29.440625783253438,0.27411961273008956],[29.43976915921951,0.2731202393077865],[29.439150407665352,0.2722636125758413],[29.438531782915618,0.27159736422714786],[29.43777040787819,0.2715498629360127],[29.436961409241803,0.2710738643675086],[29.436199908299272,0.2700268637489103],[29.43605715801158,0.26893236363781625],[29.435676533445417,0.26831373798876257],[29.435295657968425,0.2675998633432073],[29.434581908328596,0.2675998633432073],[29.43348740911682,0.2676951132390286],[29.43277353357189,0.2674094876579147],[29.432154907922836,0.26683836419931595],[29.431441033277224,0.26693373820160105],[29.430394032658626,0.26612461276084787],[29.429204407657437,0.2659818642717937],[29.428347657718405,0.26579148858650115],[29.42753878318848,0.26583898807899686],[29.427110409118256,0.26522036422858264],[29.42634903318151,0.2649348636531954],[29.426158533389753,0.2646492380720247],[29.425635157636577,0.2644113628942364],[29.42492140799675,0.26450661279011456],[29.424397783131326,0.26417348861576784],[29.424017157665844,0.26364986375034505],[29.423541159097397,0.2631741133947685],[29.422636907867172,0.2628884887129175],[29.422303782793506,0.2626504876300828],[29.422303782793506,0.2615084889258128],[29.421685283049555,0.2608897382709756],[29.42040040815249,0.26065186399250706],[29.419448533323305,0.2606042376955884],[29.41830640871393,0.2605091128054937],[29.41573653301475,0.2593193627985215],[29.414166033435833,0.25841511336693657],[29.41311915782302,0.25831998757752217],[29.411501157852342,0.2572254883657479],[29.41026378334709,0.2562261131447485],[29.408455408590385,0.2550363640371529],[29.4084237128842,0.25504922704033106],[29.406521782554364,0.2558211133538748],[29.40499903427815,0.2583908631479517],[29.403952032760287,0.2604372380882296],[29.402714658255036,0.26238836313262937],[29.402238782893676,0.2643871126752515],[29.40085865810073,0.2667666126891959],[29.400144907561582,0.268289362764051],[29.398669532872816,0.27024061281417744],[29.397717783049416,0.2716683630047214],[29.39595703279099,0.2739049877251887],[29.39595166024111,0.2739407987290292],[29.39594951985464,0.27394351558092467],[29.395668836048117,0.2758142115567921],[29.394862532679895,0.27756936263614307],[29.393910657850768,0.27933011289457],[29.39281603273389,0.2812812388382895],[29.391912033313872,0.28475536396905454],[29.390484159016864,0.28746786405082503],[29.390484159016864,0.2874921196657283],[29.390476646080515,0.28750639100729813],[29.390476646080515,0.28986943342778204],[29.389722783080117,0.29208411379096333],[29.389722783080117,0.2921005713844238],[29.389715271043087,0.29212264074743644],[29.389715271043087,0.29307439057083684],[29.38962002114721,0.2937882661157687],[29.389572519856074,0.2949778911169574],[29.389572519856074,0.2958345160502631],[29.389805292280585,0.2964861279326101],[29.38943728340405,0.29717611298735847],[29.389445784695397,0.2971846151780255],[29.38942977136702,0.2972146408431513],[29.390096020615033,0.2978808909904842],[29.390334019899285,0.2986898914255107],[29.390856165379887,0.29973442880100265],[29.390484159016864,0.30126886376723405],[29.390481813584984,0.30128607589182366],[29.390476646080515,0.3013073907236503],[29.390334019899285,0.3023542663364651],[29.390569012749893,0.3031064107324255],[29.390055908153784,0.3045524891062428],[29.388247533397134,0.3067891129273903],[29.387819283433373,0.3084547391950423],[29.387819605390632,0.30846279532192966],[29.387811769597647,0.30849326615145856],[29.387859270888782,0.30968301615843075],[29.38790689628638,0.3109680160612811],[29.387769266738417,0.31188562312314616],[29.387486158359707,0.3124046137820642],[29.387295782674414,0.3130708639293971],[29.386962657600748,0.313689612785538],[29.386961135048523,0.31371701692694387],[29.38695514556366,0.3137281406413308],[29.386907521065382,0.31458476557463655],[29.386907521065382,0.31533015516271234],[29.38662953432572,0.316164237689577],[29.38663053077454,0.31617723199383363],[29.386622021389314,0.3162027664446896],[29.386669520881867,0.3168215162001502],[29.38705039635886,0.31753526584003566],[29.387573771212715,0.3183917657675579],[29.387859270888782,0.31934364059668496],[29.387859270888782,0.3200575161416168],[29.38819239506313,0.32091401606913905],[29.38862064592621,0.32172314061062934],[29.38862064592621,0.3226748913333495],[29.389144270791633,0.3235313912608717],[29.3894773958653,0.3241976414082046],[29.390048396116754,0.32481639116366523],[29.39066714497295,0.3254350159133992],[29.390941055985138,0.3261199126040424],[29.39038903322745,0.32639586417792543],[29.389627533184296,0.32682423914747005],[29.38948490880165,0.3273001136095104],[29.388818657754996,0.3274428629978843],[29.38829503288963,0.3271573642211365],[29.387628782742297,0.32701461303412316],[29.387010157992563,0.3278712388667486],[29.38701169313532,0.32789723916641833],[29.387002645955533,0.32790976582322173],[29.387049594163614,0.32870505429497143],[29.386819908212374,0.32939398894160377],[29.386823334629355,0.3293997023345696],[29.386812395275967,0.32943251589807687],[29.387097894952035,0.32990839125943694],[29.387383521432525,0.3304795156172986],[29.387526145815116,0.3310030163762576],[29.387764145099368,0.3320500160955362],[29.388144894671314,0.3327637657353648],[29.388858645210462,0.33347764128029667],[29.38890626970874,0.33404876563815833],[29.38919177028413,0.3347625161773635],[29.389380419271106,0.3358000217537551],[29.38905653293284,0.33681786275434433],[29.388866158146868,0.33767448858691296],[29.388866826343133,0.33767620629203066],[29.388858645210462,0.3377130164427058],[29.389189201820386,0.3385631617606464],[29.38891378264509,0.3394353638511234],[29.388916851131967,0.33944038386675857],[29.38890626970874,0.3394738908075965],[29.38942977136702,0.3403305157408454],[29.38942977136702,0.3415409780338905],[29.388675908366622,0.3427189891901321],[29.388670977383867,0.342753481787895],[29.388668396329592,0.3427575161466052],[29.38852792132667,0.3437402251314552],[29.388342783292956,0.34452736394683825],[29.388343143921134,0.34453241543877766],[29.388335271255926,0.34456589090331136],[29.388382895754205,0.34523214105064426],[29.38900152140326,0.3462315162716436],[29.389096646293353,0.3469928913090712],[29.38919177028413,0.3478495162423201],[29.389144270791633,0.34875376567390504],[29.389286896073543,0.35046701643983624],[29.389762896440686,0.3511331406820659],[29.390143646012632,0.3517518913369031],[29.390238770003407,0.35279876605039817],[29.390238770003407,0.35417901584906986],[29.390238770003407,0.3555590156362314],[29.39066714497295,0.35708189071687],[29.39066714497295,0.3581288913354115],[29.390571895976393,0.35912826655641084],[29.390571895976393,0.35984201619623946],[29.390663333646103,0.3606644848782139],[29.38991315786609,0.3609457388549231],[29.388961283036963,0.36037461359768486],[29.388818657754996,0.3597083643496717],[29.388342783292956,0.3590421133030759],[29.387914408323468,0.358375863155743],[29.387057909295265,0.3590421133030759],[29.387056286018947,0.35907605821370225],[29.38705039635886,0.3590806411588119],[29.387002645955533,0.36008001637981124],[29.386956332668774,0.3610544201255266],[29.38662953432572,0.3617547392899496],[29.38662953432572,0.3617771665831242],[29.386622021389314,0.3617932662464227],[29.386622021389314,0.3630305157458906],[29.386576129884645,0.36394771361625544],[29.386010782771564,0.3643244890840833],[29.385487407917708,0.3650383628303189],[29.385492489986575,0.3650597127357287],[29.385479895880678,0.3650768906861117],[29.385712359837726,0.36605353644171146],[29.385297033131735,0.36656123881027725],[29.384297657910736,0.36698948787471863],[29.38344103297743,0.36641836441611986],[29.382727158331875,0.36603773895063796],[29.382156033074637,0.3653714879039853],[29.38120440825702,0.3642769877928913],[29.38044290821381,0.36356311404665576],[29.379729032668877,0.3629919887894175],[29.378920158138953,0.3629444892969218],[29.37753990834028,0.3629919887894175],[29.376207408045616,0.36284923940104363],[29.375112907934522,0.36246848892977823],[29.37435140789131,0.36218298925371073],[29.374208657603617,0.36170711389235066],[29.373828033037455,0.36099323924673854],[29.37373519062669,0.3600643402972423],[29.37443914485084,0.35893789087111827],[29.37442786735238,0.35892943184796877],[29.37444665778719,0.35889936301532543],[29.37387553342927,0.35847098804583766],[29.373256908679537,0.3579951126844776],[29.372638283030483,0.35785236419542343],[29.37178178310296,0.3585662379417158],[29.371258158237595,0.3582806132598648],[29.370544407698446,0.3576619894094506],[29.369830533052834,0.3572812389381852],[29.369592532869262,0.3561867388270912],[29.36845040825989,0.3553301129944657],[29.367736532714957,0.35461623924823016],[29.366737158393335,0.3544258635629376],[29.365547408386362,0.354140487993277],[29.3651667838202,0.3533789888494425],[29.3651667838202,0.35218936294887726],[29.3651667838202,0.3510946128262731],[29.364357783385174,0.34976223933603023],[29.36411978410092,0.34876286321571115],[29.36331090777236,0.3472399890344491],[29.363025283090508,0.34652611438883696],[29.36288240779703,0.345669613561995],[29.362406659240094,0.34495561391059937],[29.362263783047297,0.34428936286394674],[29.362406659240094,0.3432424890497714],[29.362406659240094,0.34243348771542514],[29.361835533083536,0.34190998875516243],[29.36036015839477,0.34076773824068596],[29.35978928314904,0.339578114138817],[29.359265658283675,0.33834073873424586],[29.358551907744527,0.33729386312143106],[29.358313907560955,0.33624686340220933],[29.357552533422847,0.33558048914841265],[29.357171782951582,0.334628863431476],[29.35641028290837,0.33348673792278305],[29.35641028290837,0.332677739286396],[29.3558394076627,0.33182111435309025],[29.355173033408903,0.3314403629825051],[29.35464953265,0.3310597393156627],[29.354697158047543,0.3305361126516573],[29.35464953265,0.33015548898481484],[29.354459157864028,0.3291561137638155],[29.3537454082242,0.3290608638679373],[29.352793533395015,0.3290608638679373],[29.35227015764184,0.328870614087748],[29.351603783388043,0.32872773789495113],[29.351080407634868,0.3282518634329108],[29.35055690777523,0.32777586396508696],[29.34974790823952,0.32768073817567256],[29.34912915758474,0.32734761400132584],[29.348226845292857,0.3267302276180999],[29.348455520406105,0.3258157663846646],[29.348456649954585,0.3258027612885712],[29.348463033342455,0.325777237629552],[29.348558158232606,0.3246827384177777],[29.348415407944913,0.3235882392060603],[29.348558158232606,0.3226839888751556],[29.34860565862442,0.32173223815243546],[29.348082282871246,0.3209707390085441],[29.34717803343966,0.321113488396918],[29.34636890799885,0.3211611128951972],[29.34598828343269,0.32058998943659844],[29.34541715817545,0.32030436385548455],[29.34413228327844,0.3197334886097565],[29.34404315416839,0.319198358717415],[29.34479114639447,0.31905814092061746],[29.344785141621173,0.3190221473543602],[29.34479865933082,0.3190196130648246],[29.344703407636302,0.31844848780764323],[29.34427515767254,0.31773473906713434],[29.34341840773351,0.3174491125866439],[29.342609533203586,0.31702073761709926],[29.342038407946347,0.31640211376668503],[29.341419783196613,0.31554561293984307],[29.341086658122947,0.3156882382217532],[29.340134783293763,0.31583111441455003],[29.339373408256336,0.31583111441455003],[29.338469283830534,0.31583111441455003],[29.33770778288806,0.31578361312341485],[29.337517408102087,0.3162593625796717],[29.337514782081712,0.31628568034005866],[29.33750989516568,0.31629789133478425],[29.337462394773866,0.3167738908026081],[29.337687612893205,0.31726941635065486],[29.336898783352353,0.3176869886637519],[29.336894160837005,0.3177239858733856],[29.336891271315267,0.317725515620225],[29.336796144626533,0.3184870156633792],[29.336986521211145,0.31929601609840574],[29.337462394773866,0.3193912659942839],[29.33797167815061,0.3199929691003831],[29.336613157771183,0.32135148768117006],[29.336280033596836,0.3206852384331569],[29.33599453302145,0.3200189891851437],[29.335328282874116,0.319542988818057],[29.33399578257945,0.3204948627478643],[29.333184839608805,0.32067511206690824],[29.333702770866353,0.32020026642931043],[29.333704347377875,0.32016718127056265],[29.333710282903382,0.3201617385735176],[29.33375790830098,0.3191623642518948],[29.332139909229568,0.3194954884261847],[29.33185440775486,0.3200666127841032],[29.331140408103522,0.3206374880298313],[29.330045907992428,0.3207803642225713],[29.329522533138572,0.3208754882133462],[29.327856783663776,0.32092311271162544],[29.32671465815514,0.32092311271162544],[29.326726513917663,0.32096164056741827],[29.326707146118054,0.32096164056741827],[29.326897520004707,0.32158026621647195],[29.326759878765586,0.3225899206884719],[29.325572532646447,0.3231122388389167],[29.3251917830745,0.32387361297702455],[29.324906283398434,0.3244447391335825],[29.32491122966968,0.32445834227883097],[29.324898771361347,0.3244832660899988],[29.32508914614732,0.32500676594963807],[29.325231894636374,0.3260061411706374],[29.325231894636374,0.32645100071329125],[29.32476353311074,0.326919363138245],[29.324055907854017,0.3271102388466147],[29.323437283104283,0.32720536283738966],[29.32324690831831,0.32772886269702894],[29.32277103385627,0.328204738058389],[29.322152408207216,0.32868073842547574],[29.32134340777219,0.3288709882057219],[29.32048678283894,0.32910898928861343],[29.319820532691608,0.32920411327938837],[29.31905915765418,0.32977523763725003],[29.318630657678852,0.3300132378208218],[29.31825003311269,0.32948961295545587],[29.317964408430896,0.3290613638910145],[29.317203158399195,0.32948961295545587],[29.31644165925536,0.32996548831681594],[29.31582303270693,0.33034636289448827],[29.315394657737443,0.33082211325006483],[29.315394657737443,0.33085229809523753],[29.315387145700356,0.33086064110585767],[29.315387145700356,0.3314634027140073],[29.315156782559654,0.3321546126454109],[29.31472840759011,0.3326306139118742],[29.314205032736254,0.33315398876573],[29.31353878258892,0.3333443626523831],[29.312920033732723,0.33353461333189216],[29.31272965804743,0.3340582390966347],[29.31273341901226,0.3340657583282223],[29.31272214511108,0.33409676605305094],[29.312999213642968,0.33465078170837614],[29.312586907759737,0.33520036280663135],[29.311920784416827,0.3356287386754957],[29.311492282642917,0.3361997380276307],[29.311064032679155,0.33729423903804445],[29.31044540882874,0.33796048918537736],[29.31044540882874,0.33799092494137994],[29.310437895892335,0.33799901614185046],[29.310437895892335,0.3385226410072164],[29.311006226056634,0.33923289857955297],[29.310778533003088,0.34000686322633555],[29.31015978324757,0.3401021131221569],[29.309446032708422,0.34000686322633555],[29.308541783276837,0.340054363618151],[29.307970783025382,0.3409586139490557],[29.30730453377737,0.34214836395597104],[29.30682865841601,0.3427671137114885],[29.30578165779741,0.3432428631677453],[29.305020282759983,0.34371886263556917],[29.304163657826734,0.3441471125993303],[29.303735407862973,0.3443851136822218],[29.303735407862973,0.3444194650863892],[29.303727895825887,0.34442364063863806],[29.303727895825887,0.3449947658958763],[29.30429889517802,0.3453753913613582],[29.304346395569837,0.34599414111687565],[29.304489270863314,0.3467078907567043],[29.304632020251688,0.34723126561056006],[29.305203019603823,0.3473741409040372],[29.305726645368566,0.34785001626539724],[29.305636466749718,0.3484807899566249],[29.305067908157582,0.34919161320254943],[29.305062353045344,0.3492276940030479],[29.305060396120552,0.34923014105834227],[29.304875124087857,0.35043343305665076],[29.30468703268059,0.35080973907832913],[29.304116158334182,0.3508572385708817],[29.303640157967095,0.35057173799549446],[29.30325940839515,0.35042886270201734],[29.30268828403723,0.34995298913929673],[29.302164908284055,0.34976261255468444],[29.30173653331451,0.34976261255468444],[29.300689657701696,0.34990548784816156],[29.299642657982417,0.35080973907832913],[29.299635745793182,0.35084774712601074],[29.299635145046068,0.35084826603480224],[29.299444771159415,0.3518951407482973],[29.29967355868797,0.35253560463462463],[29.298690908159074,0.3532842389765847],[29.298072158403556,0.35447398898355686],[29.29807485906764,0.3544928783438195],[29.298064646366527,0.35451251594002997],[29.298207519861307,0.3555118911610293],[29.298445395938415,0.35617814130836223],[29.298445395938415,0.3567492656662239],[29.29839981200189,0.3575690642610425],[29.298119783801155,0.35766248763383146],[29.297168033078435,0.3578052379215819],[29.29635903264341,0.3578052379215819],[29.295216783028252,0.35785273831339737],[29.294312783608234,0.3578052379215819],[29.29302778280612,0.3570913641752895],[29.292694657732454,0.35756723773801014],[29.292699777572864,0.3575877206969267],[29.292687144796048,0.3576057655937461],[29.29282989598306,0.35817689085098436],[29.29363902142387,0.35841489103455615],[29.294067269588993,0.35908114118188905],[29.29463839574555,0.3595568906381459],[29.29463839574555,0.36055626585914524],[29.29463839574555,0.3613030224167346],[29.29436028310073,0.36218348837746817],[29.29326565798391,0.36256423884873357],[29.292456658448202,0.3635636140696761],[29.291980783086842,0.3644202390029818],[29.291980783086842,0.3644452419545132],[29.291973270150436,0.3644587659594549],[29.291973270150436,0.3654103907770718],[29.29216364583573,0.36650501589394935],[29.292302166611876,0.3673824790183744],[29.291790533306653,0.3678941141222367],[29.291789339906302,0.3679263224419742],[29.291783021269566,0.3679326410787098],[29.291735395871967,0.36921764098150334],[29.291735395871967,0.37083564095223664],[29.292211271233327,0.3716922658855424],[29.292167152292393,0.37217711378292506],[29.291600032615577,0.37217711378292506],[29.290886282975748,0.3718439878099389],[29.29031515771851,0.3718439878099389],[29.28931578339683,0.37279586443776225],[29.288554408359403,0.3736524875724285],[29.288030907600444,0.3741282388273248],[29.287364658352487,0.37446136300167154],[29.28674590769765,0.37508011275713216],[29.285984532660223,0.37508011275713216],[29.28508040823442,0.37508011275713216],[29.284556908374782,0.37527048934174445],[29.284554985624254,0.3753069829310789],[29.284549395438432,0.37530901629821756],[29.284503154097422,0.37618699833149094],[29.283985908123327,0.37722161258750475],[29.28360515765206,0.3779829894235718],[29.282986532902328,0.3786968631698642],[29.282320282754995,0.379172862637688],[29.2820346580732,0.37922036302950346],[29.28203696573354,0.37925725771640373],[29.282027145136794,0.37925889088523945],[29.282074769635074,0.38002026592272387],[29.28263158038328,0.380669815659644],[29.282177408360894,0.38112398858135066],[29.281368407925868,0.3815522394444315],[29.28065465828604,0.3815522394444315],[29.280652241807672,0.3815907664009046],[29.280647145349633,0.3815907664009046],[29.280599394946307,0.3823522664441157],[29.281313396396285,0.3821142662605439],[29.281741644561407,0.3830660160839443],[29.2819796456443,0.3835895168429033],[29.28207428220253,0.384867788917461],[29.282044909445176,0.3849849876672238],[29.281891907785507,0.3855973639273884],[29.281889788982767,0.3856143071546967],[29.28188439574842,0.3856358917831244],[29.281791264655283,0.3863803262912029],[29.281701532999534,0.38673948943602454],[29.281702740789,0.3867431119052753],[29.281694020063128,0.38677801639249765],[29.2819796456443,0.3876346413258034],[29.28236027021046,0.3882057656837219],[29.282503021397474,0.3888720158310548],[29.282411655673513,0.38951191943971253],[29.28222490785339,0.3901183628723288],[29.28146365782169,0.3908797388090761],[29.28065465828604,0.39097486279985105],[29.27984553374455,0.3914508640662575],[29.278798658131734,0.39249786288621635],[29.277608783119035,0.39273573896332437],[29.276847408081608,0.3929261137492972],[29.27632390822197,0.39311648943458977],[29.275467408294446,0.3931639889270855],[29.274943909334127,0.3935447375997114],[29.274658282853636,0.3944489879306161],[29.274468033073447,0.3950676135796698],[29.274468033073447,0.3950817131507165],[29.27446052103636,0.39510614143546263],[29.27446052103636,0.39601039086699075],[29.27446052103636,0.39698175310559236],[29.274230032889875,0.39730436420518345],[29.27342103335417,0.39758986388125095],[29.272850034002033,0.39839886431627747],[29.27189815827353,0.39854148779960497],[29.270756032764893,0.39849398920637213],[29.26999465772741,0.3986368636005295],[29.269233157684255,0.39830373762754334],[29.268519283038643,0.39854148779960497],[29.268233784261895,0.3985892391022503],[29.268043407677283,0.39825611402858385],[29.26742478292755,0.3978277390590961],[29.267091657853882,0.3978752385515918],[29.266806158177815,0.39825611402858385],[29.266092282632883,0.3980657383432913],[29.265663907663395,0.3976849878720259],[29.265378532993054,0.396828362938777],[29.265140532809482,0.3963049880849212],[29.264283907876234,0.3963524875774169],[29.263522407833022,0.3964001129750159],[29.26276115780138,0.3962572385808585],[29.262808658193194,0.39568623832940375],[29.262808658193194,0.3949724877902554],[29.261809282972195,0.3953056137632416],[29.26142853340025,0.3947344876066836],[29.26066715836282,0.3944013643316566],[29.259715282634374,0.39487723879369696],[29.257811782987574,0.39554348894102986],[29.256764783268295,0.39554348894102986],[29.25590815923431,0.3959241126078723],[29.255920109425688,0.3959539925828608],[29.25590064629796,0.39596264136298487],[29.256091020184613,0.39643864083075186],[29.256466478145626,0.3970956297596899],[29.25614615761924,0.3978277390590961],[29.255527407863724,0.3987794879831199],[29.25490878311399,0.39944573902977254],[29.254352296121738,0.398982080958433],[29.254806146186866,0.3984373912727506],[29.25481188655948,0.3984009894143128],[29.254813658223895,0.39839886431627747],[29.254956282606543,0.3974946130861099],[29.25452803264278,0.39668561444972283],[29.254194907569115,0.3964001129750159],[29.253528658321102,0.39673323894800205],[29.25314803285562,0.39716148891176317],[29.252291407922314,0.39773261416894456],[29.25162515777498,0.39830373762754334],[29.250578158055703,0.398969988674196],[29.250292659278955,0.39920786385198426],[29.24948365794461,0.39935061324035814],[29.24948365794461,0.39820836362525824],[29.24919815826854,0.3976849878720259],[29.248674658408902,0.3970187377247498],[29.248766964823744,0.39600287793064126],[29.249238145724007,0.3952488908238365],[29.249618895295953,0.39463014106831906],[29.249611635968392,0.3946156179165996],[29.249626408232302,0.3945916132125262],[29.249436157552793,0.39421098864636406],[29.248627033011303,0.39406823835867044],[29.24767528318796,0.3941158637562694],[29.246723408358775,0.39383023817509866],[29.246865487752245,0.3924772549215163],[29.24747852141678,0.3917413909525749],[29.24834264489732,0.3910007659727057],[29.24834264489732,0.3909686781621531],[29.24835015783367,0.39096223901628946],[29.24835015783367,0.38978973890550606],[29.24835015783367,0.38886398938177535],[29.24816490828408,0.3882468629025766],[29.247054158322896,0.3886172378953461],[29.245881658212113,0.388678988045001],[29.246061611654227,0.3873583893783348],[29.24747852141678,0.3864958909727534],[29.24821914639665,0.38544676615549633],[29.2487127707779,0.38458276678142056],[29.249823769851275,0.38489139072527223],[29.250317395131844,0.3847062661814107],[29.25029990691536,0.38467711465727916],[29.250324908068194,0.38466773832561785],[29.24976953263797,0.38374198880188715],[29.2493991576452,0.38300136292269826],[29.249338109866017,0.3822694110046996],[29.249515145907424,0.3816206409799747],[29.249515145907424,0.3816096413719947],[29.249522657944453,0.3815821140235016],[29.249522657944453,0.3807797379946578],[29.249707783387635,0.3797923633270557],[29.248905533263894,0.37886673790978875],[29.248103158134427,0.37800273763639325],[29.247925657143526,0.37741062939721814],[29.24976202060094,0.37575776630802693],[29.249760499847355,0.3757273683235667],[29.24976953263797,0.37571923755291436],[29.249707783387635,0.37448511319757927],[29.248905533263894,0.37380623926668477],[29.248720282814986,0.37294236399907277],[29.248473533127196,0.37213998797022896],[29.248473533127196,0.37121436255296203],[29.248046156405167,0.3701764657714648],[29.248280895646985,0.3696483910605366],[29.248275440359464,0.3696390372119822],[29.248288407684015,0.36960986410412033],[29.247856408446637,0.3688692391242512],[29.247794658296982,0.3680669890005106],[29.2476164342512,0.3677699869954836],[29.24809564519802,0.36687126569648854],[29.248280895646985,0.3659455161728147],[29.248280895646985,0.3659445314151526],[29.248288407684015,0.36590698921634157],[29.248288407684015,0.36541336303645267],[29.247918157696972,0.36504311394872957],[29.247239282866758,0.3647962392552131],[29.247239282866758,0.36402249764029193],[29.24760202081677,0.3635387658015361],[29.247607057919538,0.3635035402563176],[29.2476095328538,0.36350023884511984],[29.247671283003456,0.363068362814829],[29.247362658160284,0.36263623857172433],[29.24680728273006,0.36263623857172433],[29.246004907600593,0.3631917381084122],[29.245017657938718,0.3631299879587573],[29.24464728294589,0.3623277378350167],[29.244462283407813,0.3613403631674146],[29.244153657665322,0.3605998631932721],[29.243536532984763,0.3597358629198766],[29.24254915831716,0.35955073927533476],[29.241314908056722,0.3593654888264268],[29.24082115777037,0.35893361369545573],[29.240327408383337,0.35837811325950497],[29.239648657659586,0.35843986340910305],[29.23878465828551,0.35837811325950497],[29.23779728271859,0.3580694893156533],[29.237241908187684,0.3580694893156533],[29.23613090911431,0.35831648901489643],[29.23532878309703,0.3582547388652415],[29.23403278268694,0.3580694893156533],[29.233168783312863,0.35788448797887895],[29.232243032889812,0.35788448797887895],[29.23156428306538,0.35843986340910305],[29.230885408235167,0.3585633628090932],[29.230268282655288,0.3580694893156533],[29.22934265813734,0.3581929887156434],[29.228478657863946,0.35831648901489643],[29.227306157753162,0.3582547388652415],[29.22594853309846,0.3580694893156533],[29.22489940828126,0.3580694893156533],[29.222369032604945,0.3580694893156533],[29.220517782669674,0.3581312385659885],[29.219838907839517,0.3575758640350841],[29.219098282859647,0.35603298803215466],[29.21835790789129,0.35492223807096934],[29.21835790789129,0.3538114890091606],[29.218049283048117,0.3526389888983772],[29.217925782748864,0.35115786304510266],[29.217432158367558,0.3502321126220522],[29.216629908243817,0.3494914876421831],[29.215519033276905,0.3489978632609336],[29.214531657709983,0.3482572382810645],[29.21323565819921,0.3482572382810645],[29.212186533381953,0.3481339879933216],[29.21175465825104,0.34764011270118544],[29.210890657977643,0.34745511406242713],[29.21039690769129,0.3470229889199459],[29.209964907554593,0.3463442381961954],[29.209347782874033,0.34578873865950754],[29.20879240834313,0.34535686262927356],[29.208422158356086,0.34492473838611204],[29.208298658056776,0.3441843634178099],[29.20805178336326,0.34344373843794074],[29.20706453280212,0.34276498861351],[29.20601528297908,0.34227111332137383],[29.20502790831148,0.34146898820341676],[29.204287408337393,0.34054323867968606],[29.204163908038083,0.3398643629501521],[29.203485158213653,0.3399878641487817],[29.202312533097086,0.3393707376695829],[29.20107840784243,0.3391856140250411],[29.20033778286256,0.3383214887458621],[29.199103532602123,0.33801298800915447],[29.197992782640995,0.3375193627285853],[29.196943532817954,0.3373959892336984],[29.196264782993524,0.3374576143775698],[29.19509228288274,0.3378278625659732],[29.19330265809134,0.3378278625659732],[29.191698032838133,0.3379513637646028],[29.190648908020876,0.3377044890710863],[29.189723282603552,0.3371489886350787],[29.18855065838636,0.3372107387847336],[29.186329032558945,0.3373959892336984],[29.184539407767602,0.33733423818472374],[29.18287328327557,0.3375811128782402],[29.18151553271582,0.3376427389214314],[29.18028115834892,0.33702561334155234],[29.178985157938826,0.33677886275449964],[29.17676365801657,0.3375193627285853],[29.175282533062614,0.33708736259188754],[29.17429515839501,0.3375193627285853],[29.17269065814753,0.337766113315638],[29.171888283018006,0.3372724880350688],[29.17157978318062,0.33708736259188754],[29.17016040837632,0.33684048789837107],[29.16911140766547,0.3362851133674667],[29.167691907855442,0.3360382377746305],[29.16596390820797,0.33653186305519966],[29.164791408097187,0.335976489423615],[29.164112533266973,0.3354211130940712],[29.16275490771301,0.33461886386965034],[29.162076032882794,0.33406348843942624],[29.16189103334466,0.3330143636221692],[29.161150408364847,0.332890988328586],[29.160101282648213,0.3331377380163758],[29.159052157830956,0.33443361342068556],[29.157941407869828,0.3349892379631001],[29.15676878275326,0.33535936294441626],[29.155657907786406,0.33535936294441626],[29.1551642834051,0.3348657385631668],[29.153991783294316,0.3348657385631668],[29.15337453270871,0.3342486129832878],[29.15263415774035,0.33418686283363286],[29.151461407618058,0.33468061311998554],[29.15059753324971,0.3348657385631668],[29.14967178282666,0.33468061311998554],[29.1493016578454,0.33406348843942624],[29.14794390818497,0.33381648874012626],[29.14732678260509,0.33381648874012626],[29.14652453338067,0.3348657385631668],[29.146277657787834,0.335976489423615],[29.145537032807965,0.33585311323076894],[29.145228532970577,0.3354211130940712],[29.143624032723096,0.335791363081114],[29.142389783361978,0.33616173807394034],[29.141525908094366,0.33591486338042387],[29.1399212828411,0.3351124882508998],[29.139983032990756,0.3338782388897812],[29.13979778344111,0.33295261257319453],[29.13930415816054,0.33282923907830764],[29.13813165804976,0.33258236438479116],[29.136835657639665,0.3330143636221692],[29.136156907815234,0.33356973815307356],[29.13529290844116,0.33406348843942624],[29.133256283051196,0.3340017382897713],[29.1314049081102,0.33443361342068556],[29.129923783156244,0.3351742384005547],[29.12856615760228,0.3354211130940712],[29.12720840794185,0.33449536267102076],[29.12677653281088,0.33344636375886694],[29.12597428268714,0.3332611142092219],[29.125604032700096,0.33233548879195496],[29.12517190755767,0.3311628627760683],[29.12504865816919,0.32986698917039803],[29.124678283176365,0.3286327389099597],[29.123999408346208,0.3282007378739422],[29.122950407635358,0.32764536424230073],[29.122024658111627,0.32721336320628325],[29.12029678257062,0.3273367376005467],[29.119000783059846,0.3281389877242873],[29.117951533236862,0.3286944890595578],[29.117272783412375,0.3287561133041663],[29.116470533288634,0.3280773643789985],[29.11523640803398,0.32801561333008067],[29.114804282891498,0.3293116137401171],[29.1143722827548,0.3300521137142596],[29.113508283380725,0.3306074891444837],[29.112706033256984,0.3311628627760683],[29.111903908139027,0.3311628627760683],[29.111286782559148,0.3304223637013024],[29.110484408328944,0.3296201135775618],[29.109990783048374,0.3303607376580544],[29.109435282612367,0.33159498791849273],[29.10838615779511,0.3319034886552572],[29.10776903311455,0.33184173760628255],[29.107762593069367,0.33188037338067033],[29.10776152107752,0.33188026636133827],[29.107520849008154,0.33332417287243743],[29.10678165844695,0.33406348843942624],[29.105670782580717,0.3347422391631767],[29.10480678320664,0.3356678636811239],[29.104251407776417,0.33684048789837107],[29.103017158415298,0.33677886275449964],[29.10159778271168,0.3379513637646028],[29.10036353335056,0.33844498904517195],[29.09956128322682,0.3396792393056103],[29.097771658435477,0.34041973927969593],[29.09610540803834,0.3406667380796762],[29.093822032960645,0.3406667380796762],[29.092464408305943,0.34072836412286733],[29.090983408357772,0.3409752379170641],[29.089440533254162,0.3409752379170641],[29.08814453284407,0.3403581132365048],[29.086786908189424,0.3394942388682125],[29.086354908052726,0.3385684884451621],[29.085922782010925,0.33844498904517195],[29.085244033085814,0.3380747381588094],[29.084380157818202,0.3380747381588094],[29.082590408021076,0.3379513637646028],[29.081849783041207,0.3374576143775698],[29.080553782631114,0.338383238895517],[29.080060158249864,0.3391856140250411],[29.079566532969295,0.34029636308684985],[29.07857903329591,0.34116036336024536],[29.076357533373653,0.3419626125846662],[29.07555515824413,0.3424563637703386],[29.073950532990864,0.3419626125846662],[29.072839782130416,0.3419626125846662],[29.071543907625426,0.34177748804080466],[29.070309658264307,0.34146898820341676],[29.068026158180828,0.34060498793002125],[29.06648353308873,0.34060498793002125],[29.06487890783552,0.3412837386537717],[29.063274407587983,0.3422093631717189],[29.061916782034018,0.34177748804080466],[29.061237908103124,0.34103686396025523],[29.060744281923235,0.34054323867968606],[29.05864603318804,0.33992611399912676],[29.058090657757816,0.3387536129890236],[29.057843657159196,0.3372107387847336],[29.056794658247043,0.3362851133674667],[29.055868907823992,0.3357296138307788],[29.05549865783695,0.33468061311998554],[29.054449533019692,0.33437198917613387],[29.053585532746297,0.33461886386965034],[29.052598158078695,0.33548286414304584],[29.0517341578053,0.3367171144034842],[29.050931782675775,0.33733423818472374],[29.047105658399573,0.3377044890710863],[29.04593315828879,0.3378278625659732],[29.044205282747782,0.338198239357439],[29.042539033249966,0.3390621128264115],[29.04148990843271,0.3399878641487817],[29.0399470333291,0.34072836412286733],[29.039083158061487,0.34146898820341676],[29.0380956583881,0.34177748804080466],[29.036367782847094,0.34177748804080466],[29.035442033323363,0.34072836412286733],[29.034331283362178,0.3394324887185576],[29.033158783251395,0.3386918637386884],[29.032356533127654,0.3369022389473457],[29.032418158271525,0.335976489423615],[29.031615908147785,0.33535936294441626],[29.03075190787439,0.3356063626436594],[29.029764532307468,0.33548286414304584],[29.028962283083047,0.3347422391631767],[29.02853028294635,0.33468061311998554],[29.02772803282261,0.33437198917613387],[29.026678782999625,0.3345571137199954],[29.026672012903248,0.33459551027476664],[29.02667127006322,0.3345956406764117],[29.02648626962582,0.33564489139877196],[29.02654693069644,0.3367360361393139],[29.026246907868654,0.3373959892336984],[29.025321158344923,0.3374576143775698],[29.02445728307731,0.3378278625659732],[29.0233464081104,0.3383214887458621],[29.022482532842787,0.3391238638753862],[29.021063033032704,0.3392472382695928],[29.019952283071575,0.3393707376695829],[29.01828603267444,0.3394324887185576],[29.016619783176623,0.3387536129890236],[29.015200408372323,0.33844498904517195],[29.01390440796223,0.3379513637646028],[29.0127936580011,0.337766113315638],[29.011312533047146,0.337766113315638],[29.01081890776652,0.3369022389473457],[29.010263283224106,0.335976489423615],[29.01020178308596,0.3349892379631001],[29.00970790779388,0.3340017382897713],[29.009646157644227,0.3330143636221692],[29.00970790779388,0.33227386274870696],[29.009214283412632,0.3321503642480934],[29.00841203328889,0.3321503642480934],[29.007548158021223,0.33196523880491213],[29.0066840327421,0.3314097383689045],[29.006128658211196,0.33073098944379353],[29.005449783380982,0.330545738095509],[29.004585783107586,0.3309161139876551],[29.004153907976615,0.3314714894178792],[29.00310465815363,0.3320886140984385],[29.002425908329144,0.3320886140984385],[29.00069790778241,0.33227386274870696],[28.999467282689125,0.3329617379939691],[28.999497652794616,0.33297909041283447],[28.99945976975272,0.33300026584976194],[29.00117214457896,0.3339786410016359],[29.001350519710854,0.33612026583773513],[29.001350519710854,0.3378827661769037],[29.00046565786397,0.3398293631347542],[28.998859658446634,0.34054323867968606],[28.99707490798079,0.34179236282744796],[28.99707490798079,0.3418256332465148],[28.997067395044382,0.3418308906832408],[28.997067395044382,0.3439725164186598],[28.997424520325524,0.34593539110557003],[28.998673646271925,0.3477201406720951],[29.0006366450653,0.3477201406720951],[29.001529020747853,0.3482555160793481],[29.001529020747853,0.3493261409887509],[29.00117214457896,0.35164626596258586],[29.00117214457896,0.3541155048268365],[28.99975190822414,0.35589073776748137],[28.99975190822414,0.3559198758017601],[28.99974439528779,0.3559292656232742],[28.99974439528779,0.35700001643778023],[28.99974439528779,0.3593200164057748],[29.000815021096514,0.36003376604560344],[29.001707519986212,0.36110464096657324],[29.003310802551653,0.36270792263269414],[29.00296415707038,0.3639213625809816],[29.001893408054514,0.3657059889404195],[29.00189089265075,0.36573618727538815],[29.001885895118107,0.36574451589683576],[29.001710147805227,0.3678545898176253],[29.00046565786397,0.3696321142308534],[29.000458832009656,0.36966966002694335],[29.00045814492762,0.3696706411873265],[29.000101270557366,0.3716337658857469],[29.00098627000051,0.37393446730197866],[28.99921653191757,0.3762351138595932],[28.997788907632128,0.3789121132036257],[28.997788907632128,0.3789365540788481],[28.997781395595098,0.37895064105941856],[28.997781395595098,0.3807166415598999],[28.997253408118468,0.38212423884272084],[28.996718032711215,0.38408736264182153],[28.99671988891191,0.3840915381940704],[28.99671051977481,0.3841258913969341],[28.997424520325524,0.3857318908142702],[28.997600509556037,0.3878448848337257],[28.996539532573536,0.3889057377097629],[28.9949335331562,0.38872723937078035],[28.993862783241013,0.38872723937078035],[28.992435033050526,0.3905118630322022],[28.992078157780895,0.3919394882169627],[28.99207956971651,0.3919423129875099],[28.992070645743865,0.3919780160727555],[28.99260602115112,0.3930487659879418],[28.993498270928626,0.39287026585026297],[28.99474752008217,0.3925133905806888],[28.995282894590105,0.3932273911313473],[28.996353646303874,0.39269189071836763],[28.99724589608138,0.3930487659879418],[28.997781395595098,0.39215651621043435],[28.99974439528779,0.3914426406655025],[29.00117214457896,0.3914426406655025],[29.001885895118107,0.3914426406655025],[29.00259976976372,0.3923350163481132],[29.003135145170972,0.3923350163481132],[29.003492020440547,0.39287026585026297],[29.003492020440547,0.39447651617842894],[29.003670394673122,0.3953687659559364],[29.003670394673122,0.3964178952697921],[29.00296415707038,0.3980072392428724],[29.00296415707038,0.3980288607434659],[29.002956645932613,0.39804576619928866],[29.002956645932613,0.39858114070722195],[29.002956645932613,0.3996220025535422],[29.001893408054514,0.4008626137188003],[29.00189004099275,0.4008963041213178],[29.001787532668686,0.40192211311517667],[29.0017550797333,0.4022466496633115],[29.00171503292262,0.4026471141731349],[29.001737574429683,0.40268253936784504],[29.00296415707038,0.4046102388716122],[29.003499533376953,0.4058593630193741],[29.00474878342976,0.4072869891034543],[29.00653340709124,0.40907173866997937],[29.00653340709124,0.41121311259524873],[29.00653340709124,0.4131762381929889],[29.006525895054153,0.41319501873528],[29.006525895054153,0.4135121988290962],[29.005812020408598,0.4152968242891575],[29.004562895361516,0.41583219879709077],[29.003670394673122,0.4172598230825315],[29.003313520302868,0.4185090740347164],[29.002778144895615,0.4199368242252035],[29.00259976976372,0.42189982391789727],[29.00117214457896,0.4236844493780154],[28.999813322926684,0.4238353466241165],[29.000822532234224,0.42513298919624276],[29.002428782562447,0.42584698794831866],[29.003321033239274,0.42620386321789283],[29.00439178315446,0.42673923862514584],[29.005462658075373,0.42780986443386837],[29.00564103320727,0.42870223831778276],[29.006711783122455,0.4294161138627146],[29.00706865839203,0.4304868628785812],[29.007036078652277,0.43074761411128293],[29.00706114455636,0.43082282441395137],[29.006882770323784,0.4322504486993921],[29.005998032583307,0.4338431750226732],[29.005998032583307,0.43512673870816343],[29.006890283260134,0.43530523884584227],[29.008674907820932,0.4356621132160967],[29.009031783090506,0.4367329881370665],[29.010102533005636,0.4378037380522528],[29.010281032243995,0.43869598872908],[29.010281032243995,0.4401236139138405],[29.010281032243995,0.44208673771294116],[29.010816407651248,0.4426221140195139],[29.012244157841792,0.4440498633106813],[29.0131364076193,0.44494211308818876],[29.014207033428022,0.4458343628656962],[29.01414838773809,0.4461277109252819],[29.014199521390992,0.4461703226024838],[29.01402114625904,0.4470625741786307],[29.013664270090146,0.4490256988770511],[29.013518446819035,0.45033780704432047],[29.014028658296127,0.4511882392459938],[29.014920908073634,0.4519019879865027],[29.016170157227123,0.4527942386633299],[29.018133157819136,0.4536864893401571],[29.019025407596644,0.4549358626001663],[29.020274782655235,0.4577911138689501],[29.021523907702317,0.458504862609459],[29.023487032400794,0.45868348865224107],[29.023487032400794,0.45957573932906826],[29.02384390767037,0.461538739021762],[29.025450032992808,0.463144989349928],[29.02598540840006,0.46475098876726406],[29.025934198304753,0.4649558660205457],[29.025977894564335,0.46508694940337136],[29.02562102019408,0.46651469869453877],[29.0254425200564,0.46758544860972506],[29.0245577832153,0.4688241810912359],[29.0245577832153,0.4702833643859208],[29.024550270278894,0.4702896236673837],[29.024550270278894,0.4706193241226515],[29.023487032400794,0.47150531371943316],[29.023487032400794,0.4734956132321031],[29.0245577832153,0.4751017385545424],[29.025450032992808,0.47688636401466056],[29.025450032992808,0.4781354890617422],[29.0254425200564,0.47813830573835503],[29.0254425200564,0.4784714487984729],[29.02401489487164,0.47900682420572593],[29.02383639473402,0.480791573772251],[29.021694894903646,0.4816838244490782],[29.016162646089413,0.4834683240040931],[29.01384264522204,0.48471757405695826],[29.01338336774836,0.48624853404277246],[29.014207033428022,0.4872368637903719],[29.015099408211313,0.4888431141185947],[29.01505968425721,0.4891210945630178],[29.015091895274907,0.48917907385532544],[29.014913396036548,0.4904281989024071],[29.014316461135934,0.49147291434366025],[29.015099408211313,0.49241236413945444],[29.016170157227123,0.4933046139169619],[29.017597783311203,0.4933046139169619],[29.018490158094494,0.4947323632081293],[29.018490158094494,0.4963383626255222],[29.020096283416933,0.49740911433929114],[29.020096283416933,0.49883686273119565],[29.020096283416933,0.5013352387304622],[29.020088769581207,0.5013490109482746],[29.020088769581207,0.5016711993665126],[29.019017894660294,0.5036343240649899],[29.01795478268724,0.5057606730168231],[29.01795478268724,0.50668911421144],[29.01795478268724,0.5077598641265695],[29.01866853322639,0.5088304890360291],[29.01973940814736,0.5097228638192632],[29.01973940814736,0.5113289891417026],[29.021167033332063,0.5116858644112767],[29.02205928221025,0.512756614326463],[29.02295165789286,0.5138274883480562],[29.02295165789286,0.5154336136704956],[29.02295165789286,0.5170397380936151],[29.02294414585583,0.5171299320008984],[29.02294414585583,0.5173756987296656],[29.02278732207742,0.5192584627080237],[29.02313015803054,0.5211443626224082],[29.0245577832153,0.5232857392456367],[29.024527583081635,0.5235876704347788],[29.024550270278894,0.5236216989823674],[29.024402169025052,0.5251024057515679],[29.02527153285513,0.5263196138592434],[29.02652090791372,0.5279257391816827],[29.028305408368055,0.528461113689616],[29.030803906675146,0.528461113689616],[29.032409906991802,0.5277473640497874],[29.032766908166423,0.5288181139649737],[29.034016158219288,0.5295318636048023],[29.03395510864152,0.5298372356000982],[29.03400864528294,0.529867823341533],[29.033830271050306,0.5307600740183602],[29.0334731448699,0.5327231987167806],[29.031688646214207,0.5346861993087941],[29.03138325173586,0.5363661292935831],[29.03223153275917,0.5373841141856701],[29.033123781637357,0.5373841141856701],[29.0347300328649,0.5379194877942837],[29.035800657774303,0.5386333642385353],[29.03687140768949,0.5393472388841474],[29.038477658017655,0.5404178628942304],[29.03954840793284,0.5420241141217161],[29.04008365833431,0.5441656139520887],[29.04115453235596,0.5443439890839841],[29.0427606576784,0.5447008643535582],[29.042939157816022,0.5466639890520355],[29.043296033085596,0.5484486127134574],[29.043296033085596,0.5509469887127239],[29.044188282863104,0.5518393643953345],[29.046329781794157,0.5518393643953345],[29.047935908015916,0.5518393643953345],[29.049720532576657,0.551125487951083],[29.050969782629522,0.5509469887127239],[29.052397532820066,0.5523746129981646],[29.053111283359215,0.5545162387335836],[29.053289782597574,0.5554084876117713],[29.053289782597574,0.5573716132095683],[29.053289782597574,0.5579069886167645],[29.053282269661167,0.5579084913839552],[29.053282269661167,0.5582429492528718],[29.052397532820066,0.5584198216176333],[29.052397532820066,0.5586207391559697],[29.05239001988366,0.5586273123007572],[29.05239001988366,0.5589566988927004],[29.050962269693173,0.5602059489455655],[29.0488207698628,0.5616336991360527],[29.047757407878237,0.5637600516852217],[29.047757407878237,0.5652238628911164],[29.048471406630256,0.566472987938198],[29.04918515806878,0.566472987938198],[29.050077532852015,0.5673652377157055],[29.051326657899097,0.5693283642128222],[29.051326657899097,0.5707559893975258],[29.051326657899097,0.57218373868875],[29.051319144962747,0.5721927543922902],[29.051319144962747,0.5725196993248005],[29.050530560936807,0.5734660451220179],[29.051326657899097,0.5752176142016765],[29.05293290822732,0.5768236127196928],[29.054538907644655,0.5777159884023035],[29.054717407782334,0.5789652393544884],[29.05467256938374,0.5790399667212682],[29.054709894845928,0.5793011990912191],[29.054174520337995,0.5801934488687266],[29.052777062011955,0.5810668452588743],[29.05293290822732,0.5832482390151768],[29.054895907919956,0.5846758641999372],[29.056680533380074,0.5855682380839085],[29.05775128329526,0.5862821127294637],[29.05775128329526,0.5880666140831181],[29.058821908204663,0.5896728644113409],[29.059892783125633,0.5905651141888484],[29.060785032903084,0.5927064881141177],[29.061498908448016,0.5950264880821123],[29.061498908448016,0.5985957390022918],[29.061491394612347,0.5986362336753928],[29.061491394612347,0.5989316987390794],[29.061254481709113,0.6001980943667036],[29.061226439948427,0.6003479933653466],[29.06214731964326,0.6081601539680719],[29.06762939977716,0.6122910593850293],[29.070600480128235,0.6171140182974568],[29.072462183782932,0.6276722093051603],[29.072666519644315,0.6288310469154226],[29.075636519909608,0.631356150765896],[29.079766902820495,0.6321627491117283],[29.081311215940048,0.6324643277666837],[29.082190545157687,0.6326360470160921],[29.08419860088486,0.633028189199706],[29.08499724023062,0.6331841496289599],[29.098924199892053,0.6391441151089907],[29.101667400130566,0.6423580241037143],[29.103962399845045,0.6536161493659733],[29.11012019998742,0.6501620107683266],[29.11765536040673,0.6517620242981366],[29.122451280302528,0.6547439783520872],[29.127935519708615,0.661173033808609],[29.134329480021677,0.6620840551352103],[29.14409360743423,0.668103634875024],[29.157041520150187,0.676086004765466],[29.162876399826132,0.6767591311291881],[29.16323964769174,0.6757396479665658],[29.164924440310813,0.6710111520432065],[29.164924164218974,0.6707089501580867],[29.16493195324722,0.670687089437763],[29.164926911647797,0.6651710482054796],[29.162526457430204,0.6616658299142841],[29.165138280207657,0.6583711249276121],[29.173353480079186,0.6560630229902813],[29.175173279823184,0.6496260301173606],[29.176996319824468,0.6482449871166409],[29.178468538792174,0.6502869859558018],[29.181797280420312,0.6549040154081354],[29.185637631971304,0.6483491681797204],[29.187027393899257,0.6458952573603938],[29.18726532033844,0.6454751498584415],[29.190808490019947,0.6450248431222008],[29.194568280302065,0.6445470054401312],[29.195911283778912,0.6425779506120648],[29.197279440394027,0.6405720181842298],[29.20369139973849,0.638560014433267],[29.204597519759886,0.633503144554652],[29.214861479573813,0.6259071090260022],[29.218738320217483,0.6252130698274527],[29.22124536028531,0.6215330943769573],[29.222152199764366,0.6169361377926634],[29.243749999662896,0.6181992266131715],[29.245687497280358,0.6183125357950416],[29.25360683998383,0.6187756776555489],[29.256606720224113,0.6155958169935047],[29.258084334224804,0.6125136937521347],[29.258091714061493,0.6124982991573233],[29.26024595998325,0.6080048005812273],[29.263714199950527,0.6036253639195479],[29.267436600019266,0.602060300742437],[29.27158488033814,0.6000982021704431],[29.276647919566017,0.5961381409625801],[29.279860519147803,0.5921309966483363],[29.282712120068425,0.5885741311913648],[29.286030239803893,0.5870045579141561],[29.29049675961795,0.5866529400813079],[29.291933433781082,0.5898628821664147],[29.291714232126253,0.593973989008532],[29.29015939244215,0.600383297151609],[29.286351312163504,0.6035541555999657],[29.2818394323441,0.6123404195748776],[29.28075295238699,0.6175499565654263],[29.280796848296063,0.6176275230918691],[29.28074544034996,0.6178740200701327],[29.285549279675706,0.62636253290475],[29.287141559935208,0.6344136298852732],[29.288990879925336,0.6376477268612462],[29.295007199622717,0.6461499030957043],[29.2951972803304,0.6501685002762088],[29.296257119670486,0.6606237180103562],[29.30114270377294,0.6696440961982262],[29.304355320441857,0.6755756179205719],[29.30858640044221,0.6796396047840858],[29.325411359746624,0.6868900758165069],[29.329744320344275,0.6843559904367567],[29.329652119150126,0.684090244369429],[29.329751833280625,0.68403192783137],[29.326166280349696,0.6736974467798973],[29.336563439651172,0.6627440280146288],[29.336542171584142,0.6624502806561168],[29.33657095258758,0.6624199654092422],[29.336359244983328,0.6594959906475992],[29.33952120014345,0.6560750981873866],[29.339469329945757,0.6558152813503284],[29.3395287130798,0.6557510346826803],[29.338840752398994,0.6523050088692344],[29.331338242765867,0.6443159309356474],[29.33197019996493,0.6406889831102376],[29.33193506255327,0.6406096907847427],[29.331977712001958,0.6403649196055312],[29.328313992696792,0.6320970239586359],[29.32809702855519,0.6282503672608186],[29.330122319789382,0.6252939899258649],[29.334001319705294,0.6241400212451254],[29.33507114601673,0.6211348907627325],[29.33686727110785,0.62041664091538],[29.336871947582495,0.620379248004042],[29.33687478314488,0.6203781139589637],[29.337050714818815,0.6189716372314251],[29.33812464563607,0.6166446414372331],[29.338131671139877,0.616607167586892],[29.3381321576731,0.6166061126821205],[29.338663788303336,0.6137703416281397],[29.34045952129003,0.6112563911696611],[29.342435270671388,0.6080233913666007],[29.343512895903586,0.6040720158110275],[29.343512895903586,0.6040610341895558],[29.343520407940616,0.6040334888546113],[29.343520407940616,0.6010059976288744],[29.34431714611958,0.5996782664390139],[29.344309447922853,0.5996650868744382],[29.34432465815661,0.5996397385832211],[29.343691282726695,0.598555363939056],[29.34307265797696,0.5975083642197774],[29.342834782799173,0.5967468641766231],[29.342501657725506,0.5958903642490441],[29.342073282755962,0.5949386144257005],[29.342168407646056,0.5942723642783676],[29.342263658441254,0.5934632388375576],[29.342073282755962,0.5923687387264636],[29.342073282755962,0.5915121128938381],[29.342025658257683,0.5903224878926494],[29.341787783079894,0.5897513644341075]]]},"properties":{"nom":"Mabalako","province":"Nord-Kivu","zscode":"CD6107ZS04"}},{"type":"Feature","geometry":{"type":"Polygon","coordinates":[[[29.258273447261956,0.02015244288111262],[29.259272946589363,0.019438568235500497],[29.260129447416205,0.019438568235500497],[29.261414447319055,0.019081692965926322],[29.262628071628342,0.019081692965926322],[29.263484447449457,0.01950994203036771],[29.264126947400882,0.020009691694099274],[29.26484094705222,0.020723567238974283],[29.265911571961624,0.020223816675979833],[29.267125197170287,0.020794817826754297],[29.268124572391287,0.020509318150686795],[29.26919519640137,0.020009691694099274],[29.27019457162237,0.01929569294202338],[29.271907822388243,0.01922444325361994],[29.27426357220628,0.019153066760793536],[29.27554844710329,0.019153066760793536],[29.2772616969699,0.019010192366636147],[29.278046822203237,0.018367693314530698],[29.278760571843065,0.01751119338700846],[29.279331697100304,0.01701144282401401],[29.280545322308967,0.016868816642727325],[29.281473446942186,0.016868816642727325],[29.282829572426976,0.01658319196087632],[29.283757697060253,0.016868816642727325],[29.284257196712417,0.017868067757262907],[29.285113821645723,0.018367693314530698],[29.285827697190655,0.018439193014501143],[29.287540822051483,0.018082317744926968],[29.28846882167892,0.017368443099314845],[29.28975382158177,0.017082941624607884],[29.290753071796985,0.016654567554382993],[29.29196669700565,0.016654567554382993],[29.292823321938897,0.017368443099314845],[29.293465821890322,0.01743981689418206],[29.294607822393232,0.01743981689418206],[29.29715444702026,0.017565068173496456],[29.297145168714735,0.01757744014690843],[29.29715447040263,0.017577897002524878],[29.302477845376416,0.010480397052845092],[29.319133971355882,0.0033418979104453683],[29.319133971355882,-0.013314228069020828],[29.319133971355882,-0.029970603160620612],[29.31437522044024,-0.0442472282268227],[29.300098345362528,-0.05614460329064741],[29.297718846247903,-0.070421353362633],[29.30961622041241,-0.07993910340672983],[29.32865196961285,-0.08707747844272262],[29.345308094692996,-0.09183647757123481],[29.36196434477887,-0.10611322764316355],[29.388138470813942,-0.11563110269310073],[29.40241521998655,-0.12990785276502947],[29.40871741437735,-0.12990785276502947],[29.410072717881803,-0.1360903276063823],[29.41716619516393,-0.13319993982520373],[29.421048360693476,-0.13161806921834796],[29.428296946746855,-0.12763526865256836],[29.432245780818278,-0.1270037323362203],[29.439155608444764,-0.12621809269063533],[29.445404476635474,-0.12639075712758086],[29.45165082582514,-0.12736275608614278],[29.458386414301742,-0.1296151342309031],[29.462655646241274,-0.13186228641524167],[29.481704290820517,-0.14101525884694865],[29.48630544184283,-0.14214388103511055],[29.49502354709921,-0.14152207628262659],[29.50620080622241,-0.1434635498028456],[29.51475042978865,-0.14412050006086474],[29.521986776968333,-0.1441350996549886],[29.527247446712465,-0.14478538233936433],[29.539064425083325,-0.15248458899242223],[29.54401657610424,-0.15068009391103487],[29.54932656556872,-0.14977009511363804],[29.554836715342276,-0.1484700720360479],[29.561156503170253,-0.14826010102268583],[29.57023007985447,-0.14566997079236899],[29.57380992029175,-0.1450400550543236],[29.578240079616137,-0.14461001813765506],[29.584090079593636,-0.14217993125868134],[29.58949008040304,-0.1410201286758479],[29.59263396008936,-0.1388333578730112],[29.59912834139999,-0.13775554288383773],[29.604819959973327,-0.13694000527686967],[29.607040080335594,-0.13749007830432447],[29.60799011964849,-0.13751008372321394],[29.609029799785617,-0.13724009375516744],[29.613819960422973,-0.13476999513898136],[29.615590079818503,-0.13409015443693306],[29.619860040208835,-0.13356008682836773],[29.621679839952833,-0.13307994508323873],[29.62490003970521,-0.13294008431728344],[29.630589839849392,-0.13127995380665425],[29.632339800041905,-0.1312900468979592],[29.63649996040499,-0.13017007618788057],[29.640009960391524,-0.12974995159885339],[29.641420080272667,-0.1293900258288545],[29.643009839732485,-0.12869017880854017],[29.64499991981063,-0.12752010327000107],[29.647379880277413,-0.12597009474393417],[29.650069800181313,-0.12392011891819266],[29.6523899997988,-0.12185013677424195],[29.654009999861785,-0.11904011510904411],[29.654939879971664,-0.11806000516492077],[29.657660039579355,-0.11657001379495568],[29.66000003957032,-0.11550014701401778],[29.667189960148733,-0.11324001761255431],[29.670949799893492,-0.11172010759673867],[29.67423984009673,-0.11018001229757601],[29.67648011966196,-0.10891008593154083],[29.678360039984,-0.10759996796400628],[29.68142003990306,-0.10449003588627193],[29.682720000028155,-0.10275997319405406],[29.682989999888775,-0.10061014744019303],[29.68320995967207,-0.0999699560484828],[29.684790000158557,-0.09777002366752185],[29.686420079822994,-0.09617009017733835],[29.687000040019996,-0.09435008988458549],[29.68903007967458,-0.09100008468601573],[29.689689959923896,-0.08893010074336871],[29.691839880106556,-0.0859800348505928],[29.692829879895214,-0.08301014340321444],[29.69362008000286,-0.08193000186793142],[29.69629992030525,-0.07888008604697916],[29.69656992016587,-0.07754004763495459],[29.69660987974231,-0.0755500871666186],[29.697189839939313,-0.07520998515252586],[29.698070039700724,-0.07385012208533226],[29.69884979957874,-0.07332996680435144],[29.700180000306943,-0.07311999489166965],[29.70367991979265,-0.0730500636094007],[29.70456011955406,-0.07270004926772344],[29.70510984004727,-0.07189007936352709],[29.704680000082078,-0.07154006502184984],[29.70187992042213,-0.07190017155551232],[29.7002599203592,-0.0718799862721653],[29.69785979979008,-0.0715501581131548],[29.697295673956376,-0.0713314088172865],[29.696709959896907,-0.07088996220181798],[29.696749920372667,-0.06965013434603406],[29.697130079989392,-0.06876013916894408],[29.699319959748493,-0.06812012764163455],[29.701279800122848,-0.06629994658510441],[29.701869839921358,-0.06597011842603706],[29.70248003982215,-0.0667701760026489],[29.702850119837308,-0.06794007437474647],[29.70365003981766,-0.06805001829354751],[29.704119840258613,-0.06770000305255053],[29.70551987963887,-0.06949008559882941],[29.706580079607136,-0.06868011479531333],[29.707250040357223,-0.06863000996685287],[29.709540000270977,-0.0694500738616739],[29.71283003957484,-0.07156998366764356],[29.715210000041623,-0.07249998968262616],[29.71652003976817,-0.07282008537845286],[29.71959012018806,-0.07323011687623193],[29.724519959928386,-0.07462999257995762],[29.725449840038266,-0.07448995194954477],[29.72651004000653,-0.07327012861338744],[29.729210040411203,-0.07332996680435144],[29.73321000004165,-0.07276998144931213],[29.736309960436472,-0.07281017305086834],[29.739790080448017,-0.07314000031061596],[29.742570000005685,-0.07370016732869544],[29.745960120363407,-0.07460007483342679],[29.752610040321258,-0.07786014423010101],[29.75285988007954,-0.07735999436806651],[29.752700039975025,-0.07685011294222477],[29.74856003971422,-0.07474011636310252],[29.7479998798907,-0.07433008396606056],[29.74809129058076,-0.07399306212994361],[29.748600000190038,-0.07370016732869544],[29.750810040051476,-0.07309007624587593],[29.752689960373516,-0.07154006502184984],[29.75470992042665,-0.07077010595548927],[29.755839959946343,-0.06964004035540938],[29.75773654470595,-0.06730869184247013],[29.75782056027083,-0.06808388856046577],[29.757395767300977,-0.07150905100172622],[29.757067450902298,-0.07673492867382947],[29.75299267127491,-0.08561793002331797],[29.749253766848028,-0.09891503060401874],[29.74177091639484,-0.11024595778457069],[29.74228498776216,-0.11988106395978093],[29.743948052760572,-0.13869478043960726],[29.746221892326616,-0.16441798819943187],[29.734734726826332,-0.21350527694681887],[29.72218278830519,-0.26714259385545347],[29.704359607609945,-0.34330430734775064],[29.69346532196721,-0.3898575889564313],[29.683098084009544,-0.3816812883605962],[29.67839232474614,-0.3789922830672481],[29.669653059341385,-0.3736142733798715],[29.662258294784635,-0.3695807654398209],[29.652174525833857,-0.35815249384233994],[29.637384997619733,-0.34806872399224176],[29.62125096675885,-0.3373127037181689],[29.608478193414044,-0.32857343831335584],[29.594360915623895,-0.3191619197866089],[29.57957138830909,-0.30437239157242857],[29.57150437332831,-0.2922718686516532],[29.556042593790835,-0.2808435970541723],[29.544614322193354,-0.2680708228100457],[29.535202803666607,-0.2606760591526722],[29.527135788685882,-0.24655878316116286],[29.514363015341075,-0.22908024875431465],[29.506968250784325,-0.2210132337735331],[29.496212231409515,-0.21092946482275465],[29.485101719968554,-0.19878285344577762],[29.484854015200824,-0.19870032266157978],[29.484311970421288,-0.19851972800290696],[29.48325922043682,-0.19746672800692977],[29.48232859478901,-0.1969144786201582],[29.48136484621085,-0.195189353205933],[29.47422647027554,-0.19185810336858822],[29.468277970252302,-0.19162010318507328],[29.463518845218687,-0.1913821030015015],[29.455666719643546,-0.19043035317810109],[29.44710072032217,-0.1842437279655087],[29.442103720110765,-0.1811504783117357],[29.436155095081745,-0.17996072830482035],[29.433061720422245,-0.1773433531130877],[29.42877871986218,-0.17567772774475543],[29.426161345569824,-0.17329847774237805],[29.42092659608568,-0.1709187277169235],[29.41973672107298,-0.16972922772151833],[29.41450197068957,-0.16806335324099564],[29.40950509458463,-0.16378035268098756],[29.403556594561337,-0.15973535320381416],[29.403041729092706,-0.15945812908921653],[29.39736997114744,-0.15640422837225287],[29.39261097022029,-0.15497635317598224],[29.389993595927876,-0.15259697816782136],[29.384044969999536,-0.14878972796338985],[29.37857234533766,-0.14688622831664588],[29.37119584511231,-0.1433169782957293],[29.363343595430763,-0.13832022809589262],[29.356443219679022,-0.13689272791691565],[29.352160220018277,-0.13284735342244858],[29.349780595897926,-0.13189560269972844],[29.344069970153157,-0.12999197804720097],[29.34097671960012,-0.1276126030390401],[29.33669359493365,-0.1264228530320679],[29.330982845082417,-0.12618510286006313],[29.327651721150175,-0.1266608532156397],[29.323844470046424,-0.12689872839342797],[29.320989220576223,-0.12547097820294084],[29.320989220576223,-0.12285360301120818],[29.317657969839615,-0.11999835264168723],[29.313136969995355,-0.11928447799607511],[29.30932984569597,-0.11928447799607511],[29.305760719781574,-0.11785685281137148],[29.301001719753742,-0.11714297816575936],[29.297432469732883,-0.11666697779861579],[29.29410134490132,-0.11523935261385532],[29.289818345240633,-0.11357385315062629],[29.28196609465971,-0.10976660294619478],[29.279348720367295,-0.10595947774754677],[29.276493344992048,-0.10429385327853424],[29.26673759476438,-0.10215247755462542],[29.262692332685162,-0.10167647988549788],[29.262692345275696,-0.09763147771036529],[29.261978594736547,-0.09477597822865391],[29.25983696990039,-0.09430022787307735],[29.255553970239703,-0.09311047786610516],[29.254126345954262,-0.08977935303454387],[29.254126345954262,-0.08644785318568893],[29.253650469693582,-0.08216485262568085],[29.2526985948644,-0.07978547761751997],[29.249843345394254,-0.07978547761751997],[29.24603622109487,-0.08026122797315338],[29.24603622109487,-0.07837051128990424],[29.24722594682015,-0.07599105714143661],[29.24746382109862,-0.07337368194970395],[29.24746266636913,-0.07337381774732421],[29.24746384538031,-0.07336085312073237],[29.243418845003873,-0.07383685258849937],[29.2391357203374,-0.07336085312073237],[29.238184094620408,-0.0697917281055993],[29.23580459460652,-0.0697917281055993],[29.23271121994702,-0.07002960328338759],[29.230807595294436,-0.06931597775002274],[29.23033184493886,-0.06717422790813998],[29.228668294306487,-0.06503539366832456],[29.229439321767472,-0.0612979317539839],[29.229439321767472,-0.061285216239582496],[29.229439345149842,-0.061285102925012325],[29.229439345149842,-0.0605712282794002],[29.22896359479421,-0.05926260318642562],[29.22896359479421,-0.05807272817372677],[29.228726567677143,-0.055821843802903004],[29.229320446681413,-0.0536836831552705],[29.229320446681413,-0.05367093706394144],[29.229320470063783,-0.05367085342697919],[29.229320470063783,-0.052005228058646935],[29.228606720423954,-0.05081547805173159],[29.227776359291738,-0.049510676876082016],[29.228011696582712,-0.04868680705033057],[29.228844572219373,-0.04749705704335838],[29.229082447397218,-0.045712431583297075],[29.22908188442159,-0.045703994143877935],[29.229082469880268,-0.0456996027543255],[29.228964183850167,-0.04392395072960653],[29.22920157159541,-0.04238118264532886],[29.229796447048557,-0.04095355656124866],[29.23003419722062,-0.03988268343891832],[29.231224071333997,-0.03869305663909017],[29.231699821689574,-0.03750330843075744],[29.23169495815597,-0.0375026995897656],[29.231699845071944,-0.037490477803146405],[29.230748096147863,-0.037371602717144015],[29.228725594610694,-0.037490477803146405],[29.22539434477335,-0.03832335343986415],[29.22146834538802,-0.03844222762654681],[29.219207719560757,-0.037966478170289975],[29.219207719560757,-0.036670659423236884],[29.220397572090462,-0.035480806893588124],[29.22146832200565,-0.03452905707018772],[29.22208194562546,-0.03395643174377483],[29.223152697339287,-0.03324268210394621],[29.224651697218235,-0.03331418180385981],[29.22586532242684,-0.032957058321414934],[29.227007447036215,-0.032029181901066295],[29.22836369662747,-0.031815056919185736],[29.229648572423855,-0.03074443200978294],[29.231076321715022,-0.030030433257707045],[29.232075821941805,-0.029031058036764534],[29.23271832189323,-0.02781768194029155],[29.232932195964224,-0.02674668201359509],[29.23314644595189,-0.02539043332166102],[29.233860197390356,-0.024034181931767762],[29.233856437324903,-0.024028542283247134],[29.233860219873407,-0.024021353102796184],[29.23329538357524,-0.02317397499876961],[29.23464557173594,-0.02239230675940007],[29.23550207166346,-0.021749932713078124],[29.23593044663295,-0.021107431862333215],[29.237143821830102,-0.021178806556520158],[29.23835744703871,-0.021036058067466],[29.239142696378508,-0.02003680695293042],[29.239571072247372,-0.01925143170802812],[29.2402848218872,-0.019037306726147563],[29.240784571550876,-0.019037306726147563],[29.241355571802387,-0.0185376820681995],[29.24171244707196,-0.01789518301609405],[29.242283572329143,-0.01760955833429989],[29.24299732196897,-0.01739555655950653],[29.243782697213874,-0.017466932153013204],[29.243782697213874,-0.018823181744267004],[29.2444251971653,-0.019108683218973965],[29.245210322398634,-0.018323432080592283],[29.245995571738433,-0.01789518301609405],[29.24628107231382,-0.01711005688343903],[29.246846322300087,-0.016637681683505434],[29.247553821651707,-0.0153996821494502],[29.248614822016577,-0.014957557445143266],[29.24958744690332,-0.013896557979592217],[29.24958744690332,-0.013883753432310186],[29.24958747028569,-0.013883728251300909],[29.24958747028569,-0.012115102629707053],[29.248349594858098,-0.012115102629707053],[29.247821646052273,-0.011323177622386993],[29.248172822318054,-0.010094307106442102],[29.24817102637195,-0.01008784367888893],[29.248172845700424,-0.01008147827741368],[29.24773059509107,-0.008489977730107512],[29.24719996990285,-0.00698672765520314],[29.24719996990285,-0.006279228303583295],[29.24711172032977,-0.004952853291399606],[29.247023219845858,-0.0033612277383099354],[29.2461389704373,-0.002388477845840953],[29.245077845066646,-0.0015927280218193118],[29.244812721330163,0.0007062718771067011],[29.244724889941892,0.0019347826642501786],[29.24516632216819,0.004141942896524142],[29.246227446639523,0.005379943329899106],[29.2477305717087,0.005998817191823491],[29.249056946720884,0.007236817625198455],[29.25153282168253,0.00812106793307521],[29.252770697110122,0.008916817757096851],[29.2536550706252,0.010420066932681493],[29.254981447436023,0.011923317007642709],[29.25542357214033,0.013426442976140152],[29.25542357214033,0.013439192664748134],[29.25542359642202,0.01343927180511173],[29.25542359642202,0.015384396572812875],[29.25542359642202,0.01759514689865682],[29.25480446985057,0.01927527203633872],[29.25480446985057,0.020500331225491664],[29.255865571838854,0.02111931840198622],[29.25679832168538,0.02172281835356671],[29.257845197298195,0.020723567238974283],[29.258273447261956,0.02015244288111262]]]},"properties":{"nom":"Masereka","province":"Nord-Kivu","zscode":"CD6105ZS06"}},{"type":"Feature","geometry":{"type":"Polygon","coordinates":[[[29.86266674397524,0.9405363756533802],[29.862752442171654,0.931572159227926],[29.86276032023278,0.9307481203296675],[29.861379359969646,0.9254640025618528],[29.861701405395706,0.9197609706923799],[29.8619527982832,0.915309098136504],[29.861964713400994,0.9150980947014773],[29.862041400390467,0.9137400527613977],[29.861839267868106,0.9119647074055024],[29.86181078364092,0.9117145546831011],[29.861657704639526,0.9103700178621921],[29.861657682156476,0.9103699935805025],[29.86018343971415,0.8974230152601308],[29.864963519850733,0.8898279905694721],[29.868387479898445,0.8889009810955599],[29.875240439794652,0.8907259870148323],[29.876833440411133,0.888194008746666],[29.874963239961744,0.8665910305517741],[29.878828199661825,0.8578479843970968],[29.88247535975023,0.8550831482688181],[29.887939439953357,0.8474860551374945],[29.895237360116255,0.8437931078657925],[29.89864332023319,0.8343621298085964],[29.899765440322994,0.8242461309543501],[29.905746513790746,0.8172912616825556],[29.90413814555916,0.8171592663871934],[29.894358646034846,0.8151605159451947],[29.880867021196252,0.8110202656728802],[29.87415689612402,0.8068800162998855],[29.87172989571826,0.8047385155701932],[29.870730521396638,0.8033822659789394],[29.870444895815467,0.8018831410942653],[29.870016645851706,0.800812391179079],[29.869017270630707,0.8000986406399306],[29.86801802131481,0.7998130159580796],[29.866447520836573,0.8010265161609595],[29.86444877129395,0.8020973910818725],[29.86130789624258,0.8015976414181978],[29.859594646375967,0.8011693905551169],[29.857238895658668,0.8000271409399602],[29.856898771161525,0.7998178911828973],[29.855383021409466,0.798885016330587],[29.853027270692166,0.799170641012438],[29.85095714555598,0.8005982661971984],[29.84931539628866,0.8015262658246911],[29.848244646373473,0.8020258913819589],[29.846816896182986,0.8018117664000783],[29.846031645943867,0.8001700162334373],[29.84524639570475,0.7985281410610128],[29.844603895753323,0.7970290161763387],[29.843390520556227,0.7960296409553393],[29.840677896367993,0.7968862658886451],[29.838679145925994,0.7971003908705256],[29.837108646347133,0.7971003908705256],[29.836323521113798,0.7953872660096977],[29.835681021162372,0.7936025164431157],[29.833610896026187,0.7924605159402063],[29.831255146208207,0.791889390682968],[29.82935177066787,0.7904617663975841],[29.827686021193074,0.789272016390612],[29.82709127074571,0.7883201406621083],[29.827686021193074,0.7871305156609196],[29.827924021376646,0.785583891283693],[29.82804289556333,0.7842751411849918],[29.826377271094373,0.7828473909944478],[29.825544521362758,0.7808248912558611],[29.825306521179186,0.7789212657040139],[29.82399789608621,0.777136766148999],[29.822689145987454,0.7759470161420268],[29.820666646248867,0.7763038914116009],[29.81793014595962,0.7761850163255986],[29.816740520958433,0.7748762662268405],[29.81650252077486,0.773805516311711],[29.815193895681887,0.773329640950351],[29.81400414567497,0.7742813907737514],[29.813052270845787,0.7766607657818554],[29.811386646376775,0.7778506407946111],[29.80960214592244,0.7776126406110393],[29.8087692711851,0.7758280160502409],[29.808412395915525,0.7739245164034969],[29.80888839628261,0.7713071412117642],[29.80757964618391,0.7690466412896058],[29.805913895809795,0.7677378911909045],[29.802463770886504,0.7661912659143582],[29.801868896332678,0.764168641169988],[29.803891396071265,0.7632168913466444],[29.80555702143954,0.7615512659783121],[29.806984770730764,0.7603615159713399],[29.80662789636051,0.7583390162327532],[29.80662789636051,0.7569113910479928],[29.80734164600034,0.7558405161270798],[29.80960214592244,0.7550077663954653],[29.81079177092363,0.7522713911119467],[29.812100521022387,0.7497730160120568],[29.81257652138953,0.7477503912676866],[29.811386646376775,0.7460847658994112],[29.809245270652866,0.7458468907215661],[29.806746771446512,0.7465607662664979],[29.80508114607818,0.7465607662664979],[29.80305864633965,0.7459657658076253],[29.801512021063104,0.7445380156170813],[29.800679146325706,0.7425155158784946],[29.800917145609958,0.7407310163234797],[29.79984639569477,0.7390653909552043],[29.797942771042187,0.7388273907716325],[29.795682271120086,0.7381136411318039],[29.7936597713815,0.7383516413153757],[29.791399270560078,0.737399765586872],[29.790328395639108,0.7354962659400712],[29.78842502099809,0.73466339120273],[29.786164521075932,0.73466339120273],[29.784736770885445,0.7356151410260736],[29.782476270963286,0.7368048910330458],[29.78069177140827,0.7362100155798998],[29.779264021217784,0.7363290156716857],[29.778193271302598,0.7375187656786579],[29.77688452120384,0.7377567658622297],[29.77605164556718,0.736566890849474],[29.774029145828592,0.7356151410260736],[29.77248264555783,0.7360911413932172],[29.77141177063686,0.7385895155938442],[29.771292895550857,0.7408498914095389],[29.77022214563567,0.741801766238666],[29.768199520891358,0.741801766238666],[29.767723646429317,0.7394222662247785],[29.767485646245746,0.7377567658622297],[29.766058021060985,0.7363290156716857],[29.7640355213224,0.7356151410260736],[29.761775021400297,0.7343063909273724],[29.76022839612375,0.7335926412875438],[29.758443645657906,0.7334737662014845],[29.755826271365493,0.7350202655729845],[29.753565771443334,0.73716176630262],[29.750353520798512,0.7375187656786579],[29.748569021243497,0.7379945160342345],[29.746784270777653,0.7372807663944059],[29.74523777140621,0.7369238911248317],[29.742858271392265,0.7354962659400712],[29.742501271116907,0.73466339120273],[29.74273927130048,0.7332357660179696],[29.742263270933393,0.7315701406496373],[29.741073645932204,0.7308561409982417],[29.73964589574166,0.7316890157356397],[29.737980271272647,0.732759765650826],[29.735957770634798,0.7318080158274256],[29.735125020903183,0.7300233912666272],[29.735244020994912,0.7271680158913796],[29.73381639581021,0.7237177659623057],[29.734173271079783,0.7214572660401473],[29.73369727071264,0.7196727655858126],[29.73155589588805,0.7191968911237723],[29.72917627086838,0.7183640163864311],[29.728900645748354,0.7174357658480517],[29.728385896292252,0.7168637673491389],[29.727699521116165,0.7168065156083685],[29.72735627057557,0.7168637673491389],[29.727299145639222,0.717550140726587],[29.727184770760744,0.7179505162035298],[29.72678439618312,0.718007642039197],[29.726326770764047,0.7172068910853113],[29.725640520593743,0.7173783917995138],[29.72552602070948,0.718007642039197],[29.72495402131119,0.7183508907811529],[29.72461089577638,0.7178361422243711],[29.72461089577638,0.7170925171061526],[29.724324896077235,0.7172068910853113],[29.723810145721814,0.7177216414407894],[29.723009395667248,0.7174357658480517],[29.72318089638145,0.7165777658513548],[29.72226577144835,0.7157770166961086],[29.721922645913537,0.7153766412191658],[29.721007520980493,0.714976265742223],[29.720492770625015,0.714175515687657],[29.71957764569197,0.7140611417084983],[29.718719645695273,0.7136607662315555],[29.717061020649737,0.7132031417118014],[29.71603139583243,0.7125740173771646],[29.714830271200242,0.7120592661223668],[29.71420127097207,0.7118877663075409],[29.714086771087807,0.7114873908305981],[29.71345764585385,0.7113728918456559],[29.713171646154706,0.711773266423279],[29.712714145741415,0.711773266423279],[29.7121420213374,0.7111441411893225],[29.711341271282834,0.7110296422043803],[29.71082664593314,0.7110296422043803],[29.711455771167095,0.7118877663075409],[29.711341271282834,0.7124025157636424],[29.71082664593314,0.7124025157636424],[29.710140145751268,0.7120592661223668],[29.70956827135882,0.7118877663075409],[29.70962552130095,0.7112585160678009],[29.709110770945472,0.7108010165538303],[29.708595895584267,0.7105150168546857],[29.708081146128166,0.7109152673259018],[29.70796677124963,0.7113156410042052],[29.707166021195064,0.7110870171522947],[29.706937271438107,0.7102862661984091],[29.706479646019034,0.7095426410801906],[29.705621771028063,0.7089135167455538],[29.70413464579741,0.7081698907280156],[29.703848646098322,0.7073691406734497],[29.703734271219787,0.7067401413445964],[29.70344827062138,0.7062252659833916],[29.703734271219787,0.7056532665851591],[29.703162395928018,0.7049097673720439],[29.702990646101625,0.7045093909957814],[29.701675270697365,0.7042233912966367],[29.701389145992437,0.7038230167190136],[29.700702770816406,0.7037657658775629],[29.700073770588233,0.7035942669619999],[29.69904414577087,0.7032511423265078],[29.698243395716304,0.7034226412420708],[29.69784302113868,0.702965015822997],[29.69738552072539,0.7020500158956793],[29.696813646332885,0.7016496413180562],[29.697156770968377,0.7006771423364171],[29.696699146448623,0.700391140838633],[29.696127146151014,0.7001625169867225],[29.69572677067407,0.6997048915676487],[29.694983270561636,0.6995903916833868],[29.694868895683157,0.6990757672330119],[29.694640020920417,0.6983321412155306],[29.694011020692244,0.698389266151878],[29.69395364574433,0.6991900162064439],[29.693553271166707,0.6997048915676487],[29.692809896059998,0.6999336422239821],[29.692352145635198,0.6999907671603296],[29.691780271242692,0.6993617660328368],[29.69069352058966,0.6984466410997925],[29.690636395653314,0.6977602668230247],[29.69126552088727,0.6971882656260959],[29.690979521188126,0.6965591421908357],[29.69017877113356,0.6965591421908357],[29.68960677083595,0.6966735170693141],[29.68897764560205,0.6959298910517759],[29.688863270723516,0.695186390939341],[29.688462771140166,0.6943283909426441],[29.687662146091327,0.6939852672064717],[29.68686139603676,0.6946143906417888],[29.685889021161586,0.6942712669056164],[29.685088271106963,0.6936992666080073],[29.684401895930932,0.6930701422734273],[29.683830020639107,0.6935276417873979],[29.68291477070028,0.6935848908302091],[29.68291477070028,0.6929557655962526],[29.682228521429295,0.6925553919179492],[29.681542146253207,0.6924408920336873],[29.681370646438324,0.6916973910219326],[29.681313270591147,0.6911255166294268],[29.68097027096138,0.6906107671733253],[29.680455395600177,0.6899243919972378],[29.679940646144075,0.6887803914020765],[29.679025521210974,0.688265641945975],[29.67862514573403,0.687693640749103],[29.67822477115641,0.6871217672559169],[29.67799602139945,0.686492516116914],[29.677481271043973,0.6860921406399143],[29.67690927074642,0.68517701570687],[29.676222895570334,0.6844906414301022],[29.67576527105058,0.6839758910746809],[29.67553664629935,0.6833467658407244],[29.675079020880275,0.6828891413209703],[29.672992395882545,0.6804070169704346],[29.67127989605052,0.6786945162390907],[29.66941164623063,0.6774488922527553],[29.66738777142865,0.6772932663712936],[29.66567539570309,0.6782273912812684],[29.66473252128901,0.6777677657699428],[29.663733021062228,0.6769825164301437],[29.66323339640428,0.6757688921208569],[29.66223402118328,0.6746268907185708],[29.661520270644132,0.6736275163969481],[29.660877770692707,0.6729136408520162],[29.659878396371084,0.6728421420513655],[29.658593520574698,0.6724138911882847],[29.658165145605153,0.6717001406491363],[29.658093770910966,0.6707007663274567],[29.657879520923302,0.6699153910826112],[29.656951646301593,0.6690588920544087],[29.656166396062474,0.6689875155615823],[29.654952895859594,0.668130892426916],[29.654453271201646,0.6675597662703581],[29.654025021237885,0.6667031413370523],[29.65373939565677,0.665989390797904],[29.653096895705346,0.665061392069731],[29.653025646016943,0.6640620168487885],[29.652954146316972,0.6628485166459086],[29.65252589635321,0.6622061408008904],[29.651740646114092,0.6619205170184159],[29.650741145887366,0.6621346411009768],[29.65009889594745,0.6621346411009768],[29.649670520977907,0.6614921411495516],[29.649456395996026,0.6606356421213491],[29.649456395996026,0.6593506422184987],[29.649099395720725,0.658565391080117],[29.648242895793146,0.6575660158591177],[29.64817152109896,0.6564240162555279],[29.647671771435284,0.6554960166280352],[29.64681514560266,0.6548535157772903],[29.64545877100562,0.6547107672882362],[29.644673645772286,0.6539968908439846],[29.643745646144794,0.653354391791936],[29.643888396432487,0.6524978918643569],[29.643174520887612,0.6514985166434144],[29.643174520887612,0.6507845169920188],[29.642889021211545,0.6499280161651768],[29.642175145666613,0.6492142674246679],[29.64124714603912,0.6490000156383644],[29.64053339639929,0.64864314126811],[29.639748146160173,0.6471440163834359],[29.63903427061524,0.6466443908261112],[29.638677396244987,0.645930516180556],[29.637107020772532,0.6457877658928624],[29.636607271108858,0.644788390671863],[29.63532239621179,0.6445741415835187],[29.634822770654523,0.643931766637877],[29.634180270703098,0.6432178910929451],[29.633323645769792,0.6425041405537968],[29.632110020561186,0.6422898905661327],[29.631039395651726,0.6422185158719458],[29.629611521354775,0.6426467667350835],[29.628755021427253,0.6424327658596098],[29.628326770564172,0.6418616406023716],[29.62739877093668,0.6416473924134038],[29.627113271260612,0.6410050156691227],[29.62639939571568,0.6402197663293236],[29.624900270831006,0.6400771410473567],[29.62461477115494,0.639577391383682],[29.622972895982514,0.6391491423192406],[29.622116271049208,0.6386493908568696],[29.620831396152198,0.6380782655996313],[29.61976064623701,0.6374357674468456],[29.618475771339945,0.6371503918772419],[29.61711952084937,0.6363650157330767],[29.61569189566461,0.6360081413628222],[29.614264146373444,0.6360795160570092],[29.612907770877086,0.6366506413141906],[29.61205114594378,0.6373643909540192],[29.61162289598002,0.6378641406177508],[29.609838396425005,0.6370788912779517],[29.60805364595916,0.6368647662960711],[29.60684014575628,0.6360081413628222],[29.605769395841094,0.635437016105584],[29.60377064629847,0.6350801417353296],[29.60255714609559,0.6346518908722487],[29.601772020862256,0.633795265938943],[29.6006297712471,0.6335096421564117],[29.59905927076892,0.6333670159751819],[29.598274146434903,0.6324390172470089],[29.597203395620397,0.6325103910418761],[29.595989896316837,0.6325103910418761],[29.594990521095838,0.6323676407541825],[29.59399114587484,0.6319393907904214],[29.59299177065384,0.631796516396264],[29.592206521314097,0.6304402659056905],[29.59213514572059,0.6292266406970839],[29.591421271074978,0.6285842657514422],[29.59085014581774,0.6271566405666817],[29.591207146093097,0.6262286418385088],[29.590493271447485,0.6255147662935769],[29.589351270944576,0.624443891372664],[29.58863727129318,0.6233732655639415],[29.5884231463113,0.6220882665604108],[29.587994771341812,0.6204465163937698],[29.587352396396113,0.6193757655792638],[29.58678139614466,0.6183050156640775],[29.58549652124765,0.6176626416177555],[29.5842115213448,0.6173770160366416],[29.58292664644773,0.6168772663729101],[29.582641145872344,0.6161635167330815],[29.58178439593331,0.6160207673447076],[29.58099927069992,0.6151641406127624],[29.58035677074855,0.6143787662672366],[29.578786396175417,0.6128085166998289],[29.577572770966754,0.6120945161491704],[29.576859021326925,0.6113807656100221],[29.576287896069687,0.6105241415760361],[29.576145145781993,0.6095961410492237],[29.575502645830625,0.6092392666789692],[29.574289145627745,0.6090963922848118],[29.57350402129373,0.6088108908101049],[29.572576020766917,0.6074546412188511],[29.571076895882186,0.6070977659492769],[29.570577271224238,0.6063125166095347],[29.570077520661187,0.6057413913522964],[29.569292271321444,0.6049561411131776],[29.568364270794632,0.6043851408617229],[29.567793271442497,0.6032430171516694],[29.56693664560987,0.6021722663371634],[29.56600864598238,0.6008873923394731],[29.56572314630631,0.599888016219154],[29.56522339574326,0.5991741406742221],[29.564295396115824,0.5984603910343935],[29.56272502064337,0.5972467658257301],[29.561440145746303,0.5963187661982374],[29.560726146094908,0.595248016283108],[29.55979827057388,0.5940345160802281],[29.55901302123408,0.5931065155534156],[29.55751402135519,0.592107141231736],[29.556657396421883,0.591892891244072],[29.555800770589258,0.5917502659621618],[29.55501552124946,0.5914646412803108],[29.55487289596755,0.5902511410774878],[29.55444439599222,0.5891090155687948],[29.553230895789397,0.5887521411985404],[29.55216014587421,0.5884665156173696],[29.550661145995264,0.5882523906354891],[29.549804521061958,0.587752765977541],[29.54873377114677,0.5873957657021833],[29.54709202098013,0.5872530163138094],[29.545807021077337,0.5871816407203028],[29.54480777086212,0.5871816407203028],[29.54373689594115,0.5861107657993898],[29.54302302129554,0.5848260159080496],[29.54216639636229,0.5834696413110692],[29.54159539611078,0.5823275158023762],[29.540096271226105,0.5811140155994963],[29.539168270699292,0.5798290156967028],[29.53852589575365,0.5787583907872431],[29.537383771144277,0.5785441407996359],[29.536170270941398,0.5779730164417174],[29.535313521002365,0.5779730164417174],[29.535028021326298,0.5771878912083821],[29.534242896092962,0.5768310159388079],[29.533100645578486,0.5777590155663006],[29.5320298956633,0.5777590155663006],[29.53131614602347,0.5771165156148754],[29.529817021138797,0.577259265902569],[29.529031770899678,0.5779730164417174],[29.52853214624173,0.5790438913626303],[29.527818270696798,0.577830392059127],[29.52653339579973,0.5779730164417174],[29.52510577061497,0.5781872664293815],[29.523749521023717,0.5791866407510042],[29.523321021048446,0.5801860168713233],[29.522393146426737,0.5808997674104717],[29.52203614615138,0.5818992658386151],[29.522393146426737,0.5832555163291886],[29.521822146175282,0.5835411410109828],[29.520894020642686,0.5823988913958829],[29.52032302129055,0.5818277661386446],[29.51932364606955,0.5825417657900402],[29.51853839583049,0.5816851417560542],[29.517396271221116,0.5809712662111224],[29.516254145712423,0.5803287671590169],[29.515468896372624,0.5804001409538841],[29.514540895845812,0.5797577660082425],[29.513613021224103,0.5789725157691237],[29.51275627128507,0.5780445161416878],[29.512042520745922,0.5777590155663006],[29.511828270758258,0.5766167668504636],[29.51111452111843,0.5756887672229709],[29.510400645573498,0.5751177660721964],[29.50911577067643,0.5736186411875224],[29.508044895755518,0.5731191406359812],[29.49447014568085,0.5724883912264431],[29.484746771046787,0.5715161422563142],[29.470675520558984,0.5701090162182822],[29.455209021379403,0.5689192671106298],[29.45020302075295,0.5685342664434074],[29.445891145660028,0.5654556406654478],[29.443556270905333,0.5654556406654478],[29.440862020765792,0.5654556406654478],[29.439425146053793,0.5654556406654478],[29.437449520778898,0.5650963920849676],[29.436012521061173,0.5634798921834658],[29.435114521018477,0.5618635163883141],[29.433857145590935,0.5598876420012289],[29.432599896068496,0.5588100158697102],[29.42972627075096,0.5598876420012289],[29.42828927103318,0.5589896410592701],[29.42667277113162,0.5575527663472712],[29.425236021425405,0.5582712671054537],[29.422541646280138,0.5584508913956938],[29.420206770626123,0.5580915169101672],[29.416973770823006,0.5579118908212877],[29.41427964568925,0.5564750161092888],[29.411944645928827,0.5579118908212877],[29.410867020696628,0.5568342655890319],[29.409430020978846,0.5568342655890319],[29.40781364608307,0.5582712671054537],[29.406017645997736,0.5584508913956938],[29.402066146335756,0.5586303906801504],[29.399731145676014,0.5568342655890319],[29.39811477078024,0.5548586421127766],[29.396498145872897,0.5552177656874733],[29.393624271443116,0.5568342655890319],[29.391648646168278,0.5568342655890319],[29.389493395703823,0.5588100158697102],[29.38805639598604,0.5602468905817091],[29.386799270570066,0.5609653913398915],[29.385541896041843,0.5624022660518904],[29.38410489632406,0.5647371408065851],[29.381949645859606,0.5641982661372253],[29.380333145958105,0.5631206409050264],[29.37835752068321,0.5631206409050264],[29.376740895775868,0.5631206409050264],[29.374765271400292,0.5636595155743294],[29.37404677064211,0.5643778913267852],[29.37171177088169,0.565814766038784],[29.36991564579057,0.5677905163194623],[29.36829914588901,0.5688682656580681],[29.36758089604166,0.5697662666000838],[29.366862396182796,0.5724605158403051],[29.365784645944814,0.5738972673451599],[29.363988520853695,0.5729992664032011],[29.362731271331256,0.5735381419718237],[29.362910895621496,0.5764118913958214],[29.361653646099057,0.5787468911562428],[29.36075564605636,0.5821595161489199],[29.36021677138706,0.5844943918028775],[29.3589595209653,0.586649766373796],[29.35644489601532,0.586649766373796],[29.35482839611376,0.5870088908478124],[29.352852770838865,0.588805015938874],[29.35267302064358,0.5916788921672946],[29.351056645747747,0.5931156409741902],[29.349978896409084,0.5931156409741902],[29.348003146128463,0.5943730164017325],[29.34674602071243,0.596887516345987],[29.344590521135785,0.5992223919999446],[29.34431714611958,0.5996782664390139],[29.343520407940616,0.6010059976288744],[29.343520407940616,0.6040334888546113],[29.343512895903586,0.6040610341895558],[29.343512895903586,0.6040720158110275],[29.342435270671388,0.6080233913666007],[29.34045952129003,0.6112563911696611],[29.338663788303336,0.6137703416281397],[29.3381321576731,0.6166061126821205],[29.338131671139877,0.616607167586892],[29.33812464563607,0.6166446414372331],[29.337050714818815,0.6189716372314251],[29.33687478314488,0.6203781139589637],[29.336871947582495,0.620379248004042],[29.33686727110785,0.62041664091538],[29.33507114601673,0.6211348907627325],[29.334001319705294,0.6241400212451254],[29.339252280368612,0.625052130751385],[29.347465320068636,0.6227420314197616],[29.359098360101427,0.6162911179408752],[29.36134631538033,0.6164340795692738],[29.366174520038214,0.6167411359948005],[29.367084240045813,0.6153600849001464],[29.36434140043542,0.6126069912198204],[29.36502432041624,0.6109970536712694],[29.381262480179487,0.5963201673420144],[29.38302600934304,0.5973877777239522],[29.392184880428033,0.6029324030081398],[29.409271837425536,0.604046050584941],[29.422087038086488,0.6063880218898703],[29.433716999739886,0.6085133923793364],[29.445260024830475,0.6119418238562275],[29.45688228019327,0.6153937869938204],[29.473921799751395,0.625300297770707],[29.469517200058874,0.6487160879772205],[29.431909080040157,0.651330751712976],[29.41133832030738,0.6657968027803918],[29.394277199933015,0.671448729775193],[29.38945067970525,0.6836895334453743],[29.376752040174665,0.6970428047818018],[29.362858920203166,0.6930990392893932],[29.35013651968478,0.7042033184285401],[29.347008120028875,0.7097915806170931],[29.34730547996412,0.7118031958609663],[29.34762372035857,0.7134134598634319],[29.354279399574807,0.7175044479720327],[29.36123207989675,0.7236068597689496],[29.370093119801822,0.7470019790582683],[29.370558959628454,0.7534336092738272],[29.364345000421622,0.7638073151556455],[29.365723439885016,0.7758721529776267],[29.369548080279856,0.7875628269630397],[29.369422908140848,0.7920090292934105],[29.36909592004082,0.8036238886317051],[29.370602879819216,0.8132802098139678],[29.370262435163397,0.8167138321777543],[29.37024513220723,0.8168883447215194],[29.36972771985853,0.8221067975907772],[29.377510200135816,0.8278167299582719],[29.382667199631726,0.8256271190964526],[29.38266784084834,0.8256270012852269],[29.386741014286542,0.8208555123721339],[29.388365218680065,0.8189531018043681],[29.388897686579128,0.8187788203863988],[29.396124359751582,0.8164141573876122],[29.39799379937449,0.8128076259713453],[29.398628520190243,0.8115831198652472],[29.404562399934946,0.8099651441762035],[29.40959123974409,0.8150140640480004],[29.413927439699762,0.81549307534533],[29.41575623985875,0.8156950981503996],[29.41987824018878,0.8232731499360852],[29.42970228043606,0.8301541174187719],[29.442037319566793,0.834042069186296],[29.444782320248066,0.8372560150531854],[29.44708019959171,0.8473660316172413],[29.451881519916356,0.851956079609522],[29.454858360425135,0.8586171349729739],[29.458057319989507,0.860221033574021],[29.474953816765378,0.853027675786791],[29.47539924018298,0.8528380456394302],[29.475993377292696,0.8520530885793391],[29.48132123988347,0.8450140589518469],[29.486110320435102,0.8420179981322917],[29.488676715758004,0.8317354250499989],[29.48987572788269,0.8269314373360999],[29.491468199697806,0.8205510001287166],[29.49293746619128,0.8113036681299377],[29.494570679993046,0.8010244522168364],[29.509635960131618,0.790211652346045],[29.521141919664046,0.7898586072890339],[29.53686096016537,0.7887180169230987],[29.532308760141348,0.8062507147988072],[29.52911628019234,0.8130430468992813],[29.529130358179657,0.8145085488306449],[29.529138120228254,0.8153165672059686],[29.529215781183495,0.8234010263364553],[29.529228476013543,0.8247225683919623],[29.52923975980724,0.8258972610499313],[29.528865249731666,0.8301492080196908],[29.528773271569378,0.8311934666053844],[29.52861740107238,0.832963130943881],[29.528214840242867,0.8375335449372869],[29.521639799637228,0.8470994959451446],[29.520850319886506,0.8543203028398807],[29.52291095987306,0.8611712986166822],[29.52850427984879,0.8624387392565609],[29.537351640166207,0.8633408869725372],[29.547537119742458,0.8694793049261307],[29.559786119833745,0.874837571796661],[29.566719720139133,0.8737099811309008],[29.57252688001165,0.8709633571733661],[29.585950560170375,0.8618755729994518],[29.59086383979451,0.8607256323821844],[29.600136719733996,0.8612307689849672],[29.60796456001657,0.8585068439158476],[29.613835800182187,0.8545560232420257],[29.618749079806378,0.8534058991630786],[29.623194360331638,0.8534556388668193],[29.627489519725714,0.8563150881709589],[29.627912520346683,0.8635493929902509],[29.62616508005459,0.8735708569096801],[29.627353439709623,0.8816169860352261],[29.63398751990826,0.8861093163919804],[29.63672820024641,0.8953776133863016],[29.640873600036798,0.9010468874041067],[29.648530079899444,0.9015339988951041],[29.65911983980891,0.907676856801686],[29.66365043991601,0.9061209154480707],[29.668948919856916,0.8977457729492357],[29.681477865411352,0.8838833900065879],[29.681617930323398,0.8837299359879012],[29.681751717068266,0.8835833518903655],[29.682905112880803,0.8823042416476028],[29.68382841085264,0.8812826783531023],[29.685508311159822,0.8794239856285913],[29.68555298138517,0.8793745615869284],[29.685743768959924,0.8791634682196445],[29.685745868876893,0.8791619861369213],[29.688927488612876,0.8756555519623248],[29.690727952033512,0.8737874091617641],[29.690745639899546,0.8737768897917704],[29.690938304359406,0.8735691490971362],[29.695991040054594,0.8683264819817396],[29.704691159769368,0.8644072077266287],[29.714411160147108,0.8641141816243589],[29.723877883557634,0.8651780993899365],[29.72678723983944,0.8655050668055537],[29.732248935040502,0.8712795543081597],[29.732514194574605,0.871560005190247],[29.735250479925867,0.8744529983073903],[29.73878640916564,0.874731152320976],[29.74095936008655,0.8749020882609102],[29.7418965202084,0.8775669719383927],[29.745321480302266,0.8873061035939713],[29.743511400430975,0.8969640156769287],[29.749193639974692,0.9018554948353881],[29.751850800274383,0.9050982172091153],[29.756146320296637,0.9079576260437534],[29.76295176001588,0.909238746271285],[29.77466310042189,0.9085787850830229],[29.78079624025446,0.908233169325456],[29.786922000250286,0.9070965782446478],[29.793639668835795,0.9064728201647085],[29.794642560405975,0.906379698064768],[29.794745985139286,0.9064767367121931],[29.798108279573626,0.9096314262494616],[29.804709933816582,0.91025439022809],[29.807262664840266,0.9104952790340803],[29.807763839929407,0.9105425716825266],[29.810921018790168,0.9149071470473586],[29.813036039881524,0.9178310138903498],[29.816734320132923,0.924298582813492],[29.821645439585552,0.9307796568558615],[29.82602628008891,0.9320333774385858],[29.830235760172343,0.936498431357677],[29.83806107965529,0.9414055344380472],[29.843357039695775,0.9406614497662531],[29.851481880184792,0.939948901620653],[29.854840320124822,0.9452075883596649],[29.85523066906029,0.9457587513654175],[29.86120836017784,0.9541991091017508],[29.862491919366732,0.9507324339548404],[29.86257131961088,0.9505179861163242],[29.86257693497771,0.9499306119083712],[29.862578168847563,0.9498015250205185],[29.86266598404808,0.9406159089971879],[29.86266674397524,0.9405363756533802]]]},"properties":{"nom":"Oicha","province":"Nord-Kivu","zscode":"CD6107ZS06"}},{"type":"Feature","geometry":{"type":"Polygon","coordinates":[[[29.475383270921384,0.47566264121809354],[29.4692193958586,0.47489214075983455],[29.462725145848992,0.47599289115913734],[29.458432395738612,0.47665326603555513],[29.452598645611147,0.4800653910051551],[29.4463246458659,0.4832575157219594],[29.44467364617202,0.48821064070864395],[29.44137152087916,0.4936040162125437],[29.44093127126132,0.500648641421833],[29.441261396196637,0.5060420160263561],[29.4463246458659,0.5118757661538211],[29.45039739572337,0.5133066423878176],[29.457331771244412,0.5175993915988215],[29.464816521065757,0.5204612672738449],[29.46877902123498,0.5213417656101456],[29.473512020963142,0.5223323913269837],[29.478135021014566,0.524754015585529],[29.478795395890984,0.5272856422187715],[29.481657395672414,0.5278360156198119],[29.48572989641775,0.5249741408441082],[29.489362270752338,0.5214520161977703],[29.491233395704796,0.5141872657299018],[29.49398514579798,0.5094542660017396],[29.495305895550814,0.5040608913971596],[29.49552614581512,0.49844714062322737],[29.495085771191555,0.4922832655604452],[29.493434770598355,0.4895315163665259],[29.493324770921618,0.48556901619730297],[29.489802521269496,0.4836977662390609],[29.485840021100273,0.48182664128660235],[29.48198752060773,0.4800653910051551],[29.47945589577313,0.47764401585880023],[29.475383270921384,0.47566264121809354]]]},"properties":{"nom":"Beni","province":"Nord-Kivu","zscode":"CD6109ZS01"}},{"type":"Feature","geometry":{"type":"Polygon","coordinates":[[[29.22382417704432,0.16054435563768266],[29.22040705184412,0.16054435563768266],[29.215037175625298,0.16347335401223972],[29.208690927044813,0.16542610503086053],[29.20283280079326,0.16591423005780825],[29.197951052299402,0.16591423005780825],[29.19258117608058,0.16640248009053948],[29.184770300609046,0.16786698017716617],[29.178912301161915,0.17128423038309393],[29.17598330098872,0.1751896056159694],[29.17354242674179,0.1795831049764729],[29.17354242674179,0.1854412303287063],[29.172077926655163,0.19129923067509935],[29.170408302001704,0.19333985535018883],[29.167684302288876,0.1966692301010653],[29.16621980220225,0.20008648030699305],[29.174518800902092,0.20399185553986854],[29.17793605200734,0.2098498549869987],[29.176959551941934,0.216196105366123],[29.16866080235434,0.2205897306317297],[29.16866080235434,0.2244951058646052],[29.160849925983484,0.22351873080492624],[29.15401542737027,0.22547148002496442],[29.153370052286277,0.22741498061702714],[29.15223405116069,0.22866885498382317],[29.15102442703585,0.2288163554905509],[29.148914925983206,0.22930310545410748],[29.148914925983206,0.22831473074040787],[29.14810355223733,0.22711998050283455],[29.145758051093367,0.2276657304892069],[29.144371426000703,0.22891973076110617],[29.141214552010126,0.23038010565750255],[29.13795442595614,0.23036535497732302],[29.135372675608664,0.23045373045545148],[29.131537300905904,0.23101435522846714],[29.12845417581974,0.23182573077303914],[29.126875800877656,0.23275510546392297],[29.124161425709417,0.23349273030544282],[29.12273055127406,0.23448110501914243],[29.120340801686837,0.23515960573138273],[29.11970255103205,0.23576910506028526],[29.118703300816833,0.23672335499901465],[29.11736080185966,0.23861148073541472],[29.115723425995498,0.23933448080180142],[29.11376142724822,0.23973260527566254],[29.112448426054186,0.23906885524365862],[29.11147492702645,0.23852310525728626],[29.109985050769637,0.2383756056498214],[29.108819675987434,0.2383756056498214],[29.107713301228046,0.23852310525728626],[29.106326552028918,0.23917223051421388],[29.10402530112691,0.24157673078167363],[29.1029484259293,0.24286010560956584],[29.10253530166301,0.24294848018837456],[29.1024764257466,0.2434353551576578],[29.102151801064906,0.24380410507552597],[29.102033801019275,0.24468935542955705],[29.101488051032902,0.24485160571720144],[29.10132567573953,0.24517610539311363],[29.100779800747375,0.24589885544799017],[29.100514426100062,0.24634160518110093],[29.09980630171964,0.24665135507615332],[29.099009675955926,0.24635635586128046],[29.098626052150735,0.24604635505539818],[29.098906426590474,0.2454268552652934],[29.098360550699,0.24488110527892104],[29.097593552200863,0.24483685503696506],[29.096693551166595,0.24464498018187442],[29.09592655176914,0.2444089800904976],[29.092489426545967,0.24445323033245359],[29.092061676605283,0.24463023040095777],[29.09126505174089,0.24415823021831784],[29.09029142590873,0.24455660560300885],[29.08943580102158,0.24524985519684606],[29.0889341771707,0.24524985519684606],[29.088196675536324,0.24563335579489376],[29.087473802274303,0.24616448010681324],[29.08663292716801,0.24594323069572965],[29.085851052084536,0.24588410566713037],[29.08470042708319,0.245721855379486],[29.08400705068499,0.24591360522884997],[29.08341705135598,0.246120230764177],[29.082472925984916,0.24604635505539818],[29.081543677199136,0.2455596050918416],[29.08108617588647,0.24601698049940524],[29.080776426890736,0.24668085553719266],[29.079743926041544,0.24731510510815724],[29.07930130131416,0.24821498023732147],[29.076823051242968,0.24805273084899682],[29.07629192603173,0.2474036055920692],[29.07531830199821,0.24763973068917267],[29.075244552194476,0.24850998035145722],[29.07508230190689,0.2493951056997048],[29.074566050582916,0.24988198066904488],[29.073798926179677,0.2501031050744018],[29.07354817720676,0.24942460526148125],[29.072840051927017,0.2496606053528012],[29.07270730120115,0.2511653554969371],[29.072441801548052,0.2509292303998336],[29.071364802243977,0.25088510516366114],[29.07129117654671,0.25026548036777285],[29.071468175715893,0.24946885550343723],[29.071497551171205,0.24864273017800542],[29.07121730173725,0.24802310538217398],[29.070140550646045,0.24803798016881728],[29.069506176069353,0.2476986057062618],[29.06925530119139,0.24719710506252568],[29.068532552035833,0.24707910501683727],[29.06614267654345,0.24707910501683727],[29.064756050551466,0.24737410513102986],[29.063443176161798,0.2479789801460015],[29.062499050790734,0.24861335562201248],[29.06185005233823,0.2498228556404456],[29.061127052271786,0.25051623024000946],[29.06002080161886,0.2511358550358409],[29.058781676133606,0.25140123058247354],[29.058147300657538,0.25210935586221694],[29.05763105113226,0.252787980680921],[29.056554050928867,0.2530978555817569],[29.05640655132146,0.25386485497921285],[29.055683801266582,0.2538059808615003],[29.054901926183106,0.2538796056594492],[29.05412005109963,0.25448448067442087],[29.053589050894175,0.2542632303639607],[29.052748176687146,0.25435160584208916],[29.052482551129003,0.25386485497921285],[29.05140567593139,0.25398298003068476],[29.050019176743774,0.2539682302497681],[29.04872092622992,0.2544402304324649],[29.047142426282107,0.2549271054017481],[29.046449051682544,0.25544335582634403],[29.045608300682716,0.25672673065423623],[29.04546080107525,0.2575676057605847],[29.044634676649196,0.2584083558610928],[29.044029800734904,0.2587181057561452],[29.043247926550748,0.25802498026877174],[29.042628425861324,0.25796585524017246],[29.041758051193256,0.25796585524017246],[29.041153177077604,0.25764135556426027],[29.040799176940652,0.25719885584265967],[29.040223925593864,0.25668248041228026],[29.03954530077516,0.2564022300790043],[29.039132300615336,0.25659398082768803],[29.03868967588801,0.2569038557285239],[29.03802580174954,0.2574643554957561],[29.037421050840976,0.25793635567845286],[29.03714080140702,0.2584083558610928],[29.036848177301692,0.25893110568614475],[29.03618192625504,0.2598393553021765],[29.035621302381344,0.2601786056582682],[29.03556230055989,0.2606801054026846],[29.035104926950964,0.2606801054026846],[29.034485426261597,0.26029673070974013],[29.03377742598758,0.2600311051515405],[29.03303980114606,0.2599131051058521],[29.032021926870584,0.25992785578608846],[29.031520301221065,0.26004585583172],[29.030797552065565,0.26026723024864395],[29.03072367635673,0.26078348067323986],[29.03062055109774,0.2615358552956195],[29.030310676196905,0.26193410567458386],[29.029941926279037,0.2621996053276803],[29.029219051218377,0.2623323551542285],[29.028540552304833,0.26256848025133195],[29.02784717590663,0.2628339808037481],[29.02591467582181,0.2627307305389195],[29.02525080168334,0.2630109808722523],[29.024321551098865,0.26370435547181614],[29.023731425864753,0.2644862305552351],[29.022875925983385,0.2645893558142802],[29.02181367735949,0.2645893558142802],[29.021444800637198,0.26519435583503537],[29.02135642605839,0.26569585557945175],[29.020677801239685,0.2663006055886399],[29.02011717736599,0.26647773066292757],[29.019630302396706,0.2671414806949315],[29.019718926987082,0.26781998050785205],[29.02023530241746,0.2679233557784073],[29.020250051299,0.2693837306748037],[29.020294175635854,0.2698262303964043],[29.020294175635854,0.2710653549822837],[29.020146676927766,0.2719653551172314],[29.0199844257408,0.2725848558065991],[29.019394426411793,0.2742076050970468],[29.018819050958598,0.27481235510629176],[29.018819050958598,0.2766563556064625],[29.01929117704634,0.2771136051089229],[29.018848552319014,0.2784561058647341],[29.018228925724486,0.2785444804435997],[29.01771267619921,0.2790756056548389],[29.017668426856574,0.27968048066981055],[29.017447175646794,0.2804623557532864],[29.017048801161422,0.2810671057624745],[29.016016301211494,0.2817604803620384],[29.01532292571261,0.28226210511223826],[29.014850802322826,0.2829259801500257],[29.013921550839086,0.28348648081657757],[29.013523176353658,0.2828078550986106],[29.012623426230277,0.2826603554912026],[29.011664551078354,0.2826898550529222],[29.010853175533782,0.28348648081657757],[29.009953302203314,0.283663479985762],[29.00881742608351,0.2835307301592138],[29.00852230186291,0.2838257302734064],[29.00799130075808,0.28496160549383376],[29.007814176583167,0.2857434805773096],[29.00831580133331,0.2859499802075902],[29.00831580133331,0.28652523065505875],[29.007430800990846,0.28754310582985454],[29.00682580186941,0.28766110497616637],[29.006471801732403,0.28820698086764196],[29.006073552252815,0.28854635533019746],[29.004981926374967,0.2886201051339299],[29.00396405120017,0.28903310529375403],[29.002828176879007,0.28881172997751037],[29.00217905072276,0.2890922303223533],[29.001338175616468,0.2898444808382692],[29.000777550843452,0.29058198067400554],[29.00074817628746,0.2912458557118498],[29.00142667610038,0.29161460562971797],[29.002385676258143,0.29154085582598555],[29.002444551275175,0.29226372998732586],[29.001957802210995,0.2937537303505451],[29.000895676794187,0.2937537303505451],[29.000349800902768,0.29384210582867354],[29.000099176036315,0.294225730533185],[28.999435301897847,0.29394548019990907],[28.99887467712483,0.29462410501861314],[28.999656426303204,0.2954943555802174],[29.000113925817175,0.2957599802390405],[29.000113925817175,0.29738260542308126],[29.000571176218955,0.29856272998614486],[29.000689176264643,0.2992856050468049],[29.000290800879895,0.3000526053436374],[28.999671176084064,0.30052473053206086],[28.999450050779387,0.30071648038142484],[28.99902217583292,0.3011442303221088],[28.99903692741242,0.3019409801922279],[28.999568050825076,0.3027964800736527],[28.999758050593698,0.3040572306568379],[28.99965605128591,0.30416423019522654],[28.998517800955938,0.30503998011113254],[28.99726380068404,0.30579235563288876],[28.99720492566695,0.30582885551740446],[28.995742550678358,0.30675148079637893],[28.995540926272895,0.3068786053635222],[28.99405242687817,0.30757910529166566],[28.993089301530233,0.3085422306396026],[28.99273917567257,0.3088048551600764],[28.99203867574448,0.3092426055619626],[28.991338175816338,0.3092426055619626],[28.99081280087023,0.308717230615855],[28.99020005139141,0.3077542302736447],[28.989324425581913,0.30731635576535155],[28.989237426066552,0.3072891054080742],[28.987923550731466,0.3068786053635222],[28.985239176946607,0.3065436052033874],[28.987737676153017,0.30779273025046905],[28.987916051284913,0.3115403554032241],[28.991485301305772,0.3118973556785818],[28.991842175676027,0.31278960545608925],[28.992912925591213,0.3136819802393802],[28.993805301273824,0.31618035533927014],[28.993269800860787,0.3186787304392169],[28.99362667613036,0.32064185513769417],[28.99558980172816,0.32189110519050246],[28.996303677273033,0.32456798042812807],[28.994876052088273,0.32599560561288854],[28.99451917591938,0.326887855390396],[28.99451917591938,0.3297432307656436],[28.997374551294683,0.33188485560174286],[28.999409800721878,0.333047855274458],[28.999447683763776,0.3330266798375874],[28.999417313658284,0.3330093274186652],[29.000647938751513,0.3323214521734599],[29.002375939298304,0.33213620352313455],[29.00305468912279,0.33213620352313455],[29.004103938945775,0.33151907884257525],[29.004535814076746,0.33096370341235115],[29.00539981435014,0.3305933275202051],[29.0060786891803,0.3307785788684896],[29.00663406371126,0.3314573277936006],[29.007498188990382,0.3320128282296082],[29.00836206425805,0.3321979536727895],[29.009164314381792,0.3321979536727895],[29.00965793876304,0.3323214521734599],[29.009596188613386,0.33306195304686526],[29.00965793876304,0.3340493277144674],[29.01015181405512,0.335036827387853],[29.010213314193265,0.3360240788483111],[29.01076893873568,0.3369498283720418],[29.011262564016306,0.33781370274033407],[29.01274368897026,0.33781370274033407],[29.01385443893139,0.33799895318929885],[29.015150439341483,0.338492578469868],[29.016569814145782,0.3388012024137197],[29.0182360636436,0.33948007814325365],[29.019902314040735,0.339418327094279],[29.021013064001863,0.33929482769428887],[29.022432563811947,0.33917145330008225],[29.02329643907956,0.33836907817055817],[29.02440731404647,0.33787545199066926],[29.025271189314083,0.3375052038022659],[29.026196938837813,0.33744357865839447],[29.0264969616656,0.33678362556401],[29.02643630059498,0.33569248082346803],[29.026621301032378,0.3346432301011646],[29.026622043872408,0.3346430996994627],[29.026628813968728,0.3346047031446915],[29.027678063791768,0.33441957860082994],[29.02848031391551,0.3347282025446816],[29.028912314052207,0.33478982858787276],[29.029714563276627,0.3355304535677419],[29.03070193884355,0.3356539520684123],[29.031565939116945,0.33540695236911233],[29.032368189240685,0.3360240788483111],[29.032306564096814,0.3369498283720418],[29.033108814220554,0.3387394531633845],[29.034281314331338,0.33948007814325365],[29.035392064292523,0.3407759535475634],[29.036317813816197,0.3418250774655007],[29.03804568935726,0.3418250774655007],[29.03903318903059,0.3415165776281128],[29.03989706429826,0.3407759535475634],[29.04143993940187,0.34003545357347775],[29.042489064219126,0.3391097022511076],[29.044155313716942,0.33824582878213505],[29.04588318925795,0.33787545199066926],[29.047055689368733,0.33775207849578237],[29.050881813644935,0.3373818276094198],[29.05168418877446,0.33676470382818025],[29.052548189047855,0.3355304535677419],[29.053535563715457,0.3346664532943464],[29.054399563988852,0.33441957860082994],[29.05544868880611,0.3347282025446816],[29.055818938793152,0.3357772032554749],[29.056744689216202,0.33633270279216276],[29.057793688128356,0.3372583282094297],[29.058040688726976,0.3388012024137197],[29.0585960641572,0.3399737034238228],[29.060694312892394,0.3405908281043821],[29.061187939072283,0.3410844533849513],[29.061866813003178,0.3418250774655007],[29.063224438557143,0.3422569525964718],[29.064828938804624,0.3413313280784678],[29.06643356405789,0.3406525773547173],[29.067976189149988,0.3406525773547173],[29.07025968923341,0.3415165776281128],[29.07149393859453,0.3418250774655007],[29.072789813099575,0.3420102020093623],[29.073900563960024,0.3420102020093623],[29.07550518921329,0.3425039531950347],[29.076307564342812,0.3420102020093623],[29.07852906426507,0.3412079527849414],[29.079516563938455,0.3403439525115459],[29.080010189219024,0.3392332034497372],[29.080503813600274,0.3384308283202131],[29.081799814010367,0.3375052038022659],[29.082540438990236,0.33799895318929885],[29.084330188787362,0.33812232758350547],[29.085194064054974,0.33812232758350547],[29.085872812980085,0.338492578469868],[29.086304939021886,0.33861607786985815],[29.086736939158584,0.3395418282929086],[29.08809456381323,0.34040570266120085],[29.089390564223322,0.34102282734176015],[29.090933439326932,0.34102282734176015],[29.092414439275103,0.3407759535475634],[29.093772063929748,0.34071432750437225],[29.096055439007444,0.34071432750437225],[29.09772168940458,0.340467328704392],[29.09951131419598,0.33972682873030635],[29.10031356431972,0.338492578469868],[29.10154781368084,0.33799895318929885],[29.102967189384458,0.3368264521791957],[29.104201438745577,0.33688807732306714],[29.1047568141758,0.33571545310581996],[29.105620813549876,0.33478982858787276],[29.106731689416108,0.3341110778641223],[29.107470879977313,0.3333717622971335],[29.10771155204668,0.3319278557860912],[29.107712624038527,0.33192796280542325],[29.10771906408371,0.3318893270309786],[29.10833618876427,0.3319510780799533],[29.109385313581527,0.33164257734324565],[29.109940814017534,0.3304083270828073],[29.110434439298103,0.3296677030022579],[29.111236813528308,0.3304699531259985],[29.111853939108187,0.3312104522007644],[29.112656064226144,0.3312104522007644],[29.113458314349884,0.33065507856917975],[29.11432231372396,0.33009970313895565],[29.114754313860658,0.32935920316487],[29.11518643900314,0.32806320275477674],[29.116420564257794,0.3281249538037514],[29.117222814381535,0.3288037027288624],[29.117901564205965,0.3287420784843107],[29.118950814029006,0.32818657714898336],[29.12024681353978,0.3273843270252428],[29.121974689080787,0.32726095263103616],[29.122900438604518,0.32769295366705364],[29.12394943931531,0.3282483272986383],[29.124628314145525,0.32868032833465577],[29.12499868913835,0.3299145785950941],[29.12512193852683,0.3312104522007644],[29.125554063669256,0.33238307821665103],[29.1259243136563,0.33330870363391796],[29.12672656378004,0.333493953183563],[29.12715843891101,0.33454295209571683],[29.12851618857144,0.33546870251876726],[29.129873814125403,0.3352218278252508],[29.13135493907936,0.33448120284538163],[29.133206314020356,0.3340493277144674],[29.13524293941032,0.3341110778641223],[29.136106938784337,0.33361732757776963],[29.136785688608825,0.33306195304686526],[29.138081689018918,0.33262995380948723],[29.1392541891297,0.3328768285030037],[29.13974781441027,0.3330002019978906],[29.139933063959916,0.33392582831447726],[29.13987131381026,0.33516007767559586],[29.141475939063525,0.33596245280511994],[29.142339814331137,0.3362093274986364],[29.143574063692256,0.3358389525058101],[29.145178563939737,0.33546870251876726],[29.145487063777125,0.335900702655465],[29.146227688756994,0.3360240788483111],[29.14647456434983,0.3349133279878629],[29.14727681357425,0.33386407816482233],[29.14789393915413,0.33386407816482233],[29.14925168881456,0.3341110778641223],[29.149621813795818,0.3347282025446816],[29.15054756421887,0.3349133279878629],[29.15141143858716,0.3347282025446816],[29.15258418870951,0.33423445225832893],[29.153324563677813,0.33429620240798386],[29.153941814263476,0.3349133279878629],[29.15511431437426,0.3349133279878629],[29.15560793875551,0.33540695236911233],[29.15671881372242,0.33540695236911233],[29.157891438838988,0.335036827387853],[29.159002188800116,0.33448120284538163],[29.160051313617373,0.3331853274410719],[29.16110043933395,0.3329385777533389],[29.16184106431382,0.33306195304686526],[29.162026063851954,0.3341110778641223],[29.16270493868211,0.3346664532943464],[29.164062564236133,0.33546870251876726],[29.164741439066347,0.3360240788483111],[29.16591393917713,0.33657945247989574],[29.1676419388246,0.33608582719932656],[29.16906143863463,0.33633270279216276],[29.17011043934548,0.33688807732306714],[29.17152981414978,0.3371349520165836],[29.171838313987166,0.3373200774597649],[29.17264068911669,0.33781370274033407],[29.17424518936417,0.33756695215328136],[29.175232564031774,0.3371349520165836],[29.17671368898573,0.33756695215328136],[29.178935188907985,0.3368264521791957],[29.18023118931808,0.3370732027662484],[29.18146556368498,0.33769032834612744],[29.18282331424473,0.3376287023029363],[29.18448943873676,0.3373818276094198],[29.186279063528104,0.33744357865839447],[29.18850068935552,0.3372583282094297],[29.189673313572712,0.33719657805977477],[29.190598938990036,0.33775207849578237],[29.191648063807236,0.33799895318929885],[29.1932526890605,0.33787545199066926],[29.195042313851843,0.33787545199066926],[29.196214813962683,0.3375052038022659],[29.196893563787114,0.33744357865839447],[29.197942813610098,0.33756695215328136],[29.199053563571283,0.33806057743385054],[29.20028781383172,0.33836907817055817],[29.20102843881159,0.3392332034497372],[29.202262564066245,0.339418327094279],[29.203435189182812,0.34003545357347775],[29.204113939007243,0.33991195237484817],[29.204237439306553,0.3405908281043821],[29.20497793928064,0.3415165776281128],[29.20596531394824,0.3423187027460699],[29.20701456377128,0.3428125780382061],[29.20800181433242,0.3434913278626368],[29.208248689025936,0.34423195284250596],[29.208372189325246,0.34497232781086495],[29.20874243931229,0.34540445205396964],[29.209297813843193,0.34583632808426046],[29.209914938523752,0.3463918276208915],[29.21034693866045,0.3470705783446988],[29.210840688946803,0.3475027034871232],[29.2117046892202,0.34768770212593836],[29.212136564351113,0.3481815774180177],[29.21318568916837,0.3483048277058174],[29.214481688679143,0.3483048277058174],[29.215469064246065,0.3490454526856297],[29.216579939212977,0.349539077066936],[29.217382189336718,0.3502797020467483],[29.217875813717967,0.35120545246979873],[29.217999314017277,0.35268657832307326],[29.21830793886045,0.35385907843385667],[29.21830793886045,0.35496982749572226],[29.219048313828807,0.35608057745685073],[29.21978893880862,0.3576234534597802],[29.220467813638834,0.35817882799068457],[29.222319063574105,0.35811707874034937],[29.224849439250363,0.35811707874034937],[29.22589856406762,0.35811707874034937],[29.227256188722322,0.3583023282899944],[29.228428688833105,0.35836407843964935],[29.2292926891065,0.3582405781403395],[29.230218313624448,0.35811707874034937],[29.230835439204327,0.3586109522338461],[29.23151431403454,0.35848745283385597],[29.232193063858972,0.35793207740363187],[29.233118814282022,0.35793207740363187],[29.233982813656098,0.35811707874034937],[29.23527881406619,0.3583023282899944],[29.23608094008347,0.35836407843964935],[29.237191939156844,0.35811707874034937],[29.23774731368775,0.35811707874034937],[29.23873468925467,0.35842570268420104],[29.239598688628746,0.35848745283385597],[29.240277439352496,0.35842570268420104],[29.24077118873953,0.35898120312020865],[29.241264939025882,0.3594130782511229],[29.24249918928632,0.3595983287000877],[29.243486563953923,0.3597834523446295],[29.244103688634482,0.360647452618025],[29.244412314376973,0.36138795259211065],[29.24459731391505,0.3623753272597128],[29.244967688907877,0.36317757738345335],[29.245954938569696,0.3632393275331083],[29.24675731369922,0.3626838279964204],[29.247312689129444,0.3626838279964204],[29.247621313972616,0.36311595223958193],[29.24755956382296,0.3635478282698159],[29.247557088888698,0.3635511296810705],[29.24755205178593,0.363586355226289],[29.247189313835918,0.36407008706504485],[29.247189313835918,0.36484382867990917],[29.247868188666132,0.36509070337342564],[29.248238438653175,0.36546095246114874],[29.248238438653175,0.36595457864103764],[29.248230926616145,0.36599212083984867],[29.248230926616145,0.36599310559751075],[29.24804567616718,0.36691885512124145],[29.24756646522036,0.36781757642017965],[29.247744689266142,0.3681145784252067],[29.247806439415797,0.36891682854894725],[29.248238438653175,0.3696574535288164],[29.248225471328624,0.3696866266366783],[29.248230926616145,0.3696959804852895],[29.247996187374326,0.37022405519616086],[29.248423564096356,0.3712619519776581],[29.248423564096356,0.37218757739492503],[29.248670313784146,0.37298995342376884],[29.248855564233054,0.37385382869138084],[29.249657814356794,0.37453270262227534],[29.24971956360713,0.3757668269776673],[29.249710530816515,0.37577495774826275],[29.2497120515701,0.375805355732723],[29.247875688112686,0.3774582188219142],[29.248053189103587,0.3780503270610893],[29.248855564233054,0.3789143273344848],[29.249657814356794,0.37983995275175175],[29.249472688913613,0.3808273274194107],[29.249472688913613,0.3816297034481977],[29.249465176876583,0.3816572307967476],[29.249465176876583,0.3816682304046708],[29.249288140835176,0.38231700042939565],[29.249349188614303,0.3830489523474512],[29.24971956360713,0.38378957822664006],[29.250274939037354,0.3847153277503139],[29.25024993788452,0.38472470408197523],[29.250267426101004,0.38475385560610675],[29.249773800820435,0.3849389801499683],[29.24866280174706,0.38463035620611663],[29.24816917736581,0.3854943555801924],[29.24742855238594,0.38654348039744946],[29.246011642623387,0.38740597880303085],[29.245831689181273,0.3887265774697539],[29.247004189292056,0.388664827320099],[29.248114939253185,0.38829445232727267],[29.24830018880283,0.3889115788064714],[29.24830018880283,0.3898373283302021],[29.24830018880283,0.39100982844098553],[29.24829267586648,0.39101626758684915],[29.24829267586648,0.39104835539745864],[29.24742855238594,0.3917889803773278],[29.246815518721405,0.3925248443462692],[29.246673439327935,0.39387782759985157],[29.247625314157062,0.39416345318096546],[29.248577063980463,0.3941158277833665],[29.249386188521953,0.39425857807106013],[29.249576439201462,0.39463920263727914],[29.249561666937552,0.3946632073412957],[29.249568926265113,0.39467773049301513],[29.249188176693167,0.3952964802485326],[29.248716995792904,0.39605046735533733],[29.24862468937806,0.3970663271494459],[29.2491481892377,0.3977325772967788],[29.24943368891377,0.3982559530499543],[29.24943368891377,0.3993982026650542],[29.250242690248115,0.39925545327673717],[29.250528189024863,0.39901757809889205],[29.25157518874414,0.3983513270522394],[29.252241438891474,0.3977802035936975],[29.253098063824723,0.39720907833645924],[29.25347868929026,0.3967808283726981],[29.254144938538275,0.39644770239971194],[29.254478063611884,0.3967332038744189],[29.254906313575702,0.39754220251080596],[29.254763689193055,0.3984464537410304],[29.25476191752864,0.39844857883900886],[29.254756177156025,0.39848498069744664],[29.254302327090898,0.3990296703831291],[29.25485881408315,0.39949332845452545],[29.255477438832884,0.3988270774078728],[29.2560961885884,0.39787532848379215],[29.256416509114786,0.397143219184386],[29.256041051153773,0.3964862302555048],[29.25585067726712,0.39601023078768094],[29.255870140394848,0.39600158200755686],[29.25585819020347,0.3959717020325684],[29.256714814237455,0.39559107836572593],[29.257761813956733,0.39559107836572593],[29.259665313603477,0.39492482821839303],[29.26061718933198,0.3944489537563527],[29.26137856436941,0.3947820770313797],[29.261759313941354,0.39535320318793765],[29.262758689162354,0.39502007721495147],[29.262758689162354,0.3957338277540998],[29.26271118877054,0.39630482800555455],[29.263472438802182,0.39644770239971194],[29.264233938845393,0.396400077002113],[29.265090563778642,0.3963525775096173],[29.265328563962214,0.39687595236347306],[29.265613938632555,0.3977325772967788],[29.266042313602043,0.3981133277680442],[29.266756189146975,0.39830370345333677],[29.267041688823042,0.39792282797628786],[29.26737481389671,0.39787532848379215],[29.267993438646442,0.39830370345333677],[29.268183815231055,0.3986368285270032],[29.268469314007802,0.39858907722430104],[29.269183188653415,0.3983513270522394],[29.26994468869657,0.3986844530252256],[29.270706063733996,0.39854157863112505],[29.27184818924269,0.39858907722430104],[29.272800064971193,0.3984464537410304],[29.273371064323328,0.39763745330600386],[29.274180063859035,0.39735195362993636],[29.27441055200552,0.39702934253028843],[29.27441055200552,0.39605798029174366],[29.27441055200552,0.3951537308601587],[29.274418064042607,0.39512930257541257],[29.274418064042607,0.39511520300436587],[29.274608313822796,0.3944965773553122],[29.274893940303286,0.3935923270244075],[29.27541743926355,0.3932115783518384],[29.276273939191128,0.39316407885928584],[29.27679743905071,0.3929737031740501],[29.277558814088138,0.3927833283880773],[29.278748689100894,0.3925454523109124],[29.27979556471371,0.3914984534910104],[29.280604689255142,0.3910224522245471],[29.28141368879085,0.3909273282337722],[29.28217493882255,0.3901659522970249],[29.282361686642673,0.3895595088644086],[29.282453052366634,0.38891960525575087],[29.28231030117962,0.38825335510841796],[29.28192967661346,0.38768223075049946],[29.281644051032288,0.3868256058171937],[29.28165277175816,0.3867907013299714],[29.281651563968694,0.38678707886077746],[29.281741295624443,0.38642791571589896],[29.28183442671758,0.3856834812078773],[29.28183981995187,0.3856618965794496],[29.28184193875461,0.3856449533520845],[29.281994940414336,0.38503257709191985],[29.28202431317169,0.3849153783422139],[29.28192967661346,0.3836371062675994],[29.281691675530567,0.3831136055086404],[29.281263427365445,0.38216185568523997],[29.28054942591541,0.38239985586881176],[29.280597176318793,0.3816383558256007],[29.280602272776832,0.3816383558256007],[29.280604689255142,0.3815998288691844],[29.281318438895028,0.3815998288691844],[29.282127439330054,0.3811715780061036],[29.28258161135244,0.38071740508434004],[29.282024800604233,0.38006785534741994],[29.281977176105954,0.37930648030999237],[29.2819869967027,0.37930484714115664],[29.281984689042304,0.37926795245419953],[29.282270313724155,0.3792204520623841],[29.282936563871488,0.37874445259456024],[29.28355518862122,0.3780305788483247],[29.283935939092487,0.3772692020122008],[29.28445318506658,0.376234587756187],[29.284499426407592,0.3753566057229136],[29.284505016593414,0.37535457235577496],[29.28450693934394,0.37531807876649736],[29.28503043920358,0.37512770218188507],[29.285934563629382,0.37512770218188507],[29.28669593866681,0.37512770218188507],[29.287314689321647,0.3745089524263676],[29.287980938569603,0.3741758282520209],[29.288504439328563,0.3737000769971246],[29.28926581436599,0.3728434538624583],[29.29026518868767,0.37189157723463495],[29.290836313944908,0.37189157723463495],[29.291550063584737,0.37222470320762113],[29.292117183261553,0.37222470320762113],[29.292161302202487,0.37173985531023845],[29.291685426841127,0.3708832303769327],[29.291685426841127,0.3692652304061994],[29.291733052238726,0.3679802305034059],[29.291739370875405,0.3679739118667271],[29.291740564275813,0.3679417035469328],[29.292252197581035,0.36743006844307047],[29.292113676804888,0.3665526053186454],[29.291923301119596,0.3654579802017679],[29.291923301119596,0.364506355384151],[29.291930814056002,0.3644928313792093],[29.291930814056002,0.3644678284276779],[29.292406689417362,0.363611203494429],[29.29321568895307,0.36261182827342964],[29.29431031406989,0.36223107780216424],[29.29458842671471,0.3613506118414307],[29.29458842671471,0.3606038552838413],[29.29458842671471,0.35960448006284196],[29.294017300558153,0.3591287306065851],[29.29358905239303,0.3584624804592522],[29.29277992695222,0.35822448027568043],[29.292637175765208,0.35765335501849904],[29.292649808542023,0.35763531012162275],[29.292644688701614,0.3576148271627062],[29.292977813775224,0.3571389535999856],[29.294262814577394,0.357852827346278],[29.29516681399741,0.35790032773809344],[29.29630906361257,0.357852827346278],[29.297118064047595,0.357852827346278],[29.298069814770315,0.3577100770585844],[29.29834984297105,0.3576166536857954],[29.298395426907575,0.3567968550909768],[29.298395426907575,0.3562257307330583],[29.298157550830467,0.3555594805857254],[29.29801467733563,0.35456010536472604],[29.2980248900368,0.35454046776851555],[29.298022189372716,0.35452157840825294],[29.298640939128177,0.3533318284013376],[29.299623589657074,0.3525831940593207],[29.299394802128575,0.3519427301729934],[29.299585176015228,0.3508958554594983],[29.299585776762342,0.3508953365507068],[29.299592688951577,0.35085732850308204],[29.300639688670856,0.3499530772728576],[29.30168656428367,0.3498102019793805],[29.302114939253215,0.3498102019793805],[29.30263831500639,0.3500005785639928],[29.30320943936431,0.3504764521267134],[29.303590188936255,0.35061932742019053],[29.30406618930334,0.35090482799557776],[29.30463706364975,0.35085732850308204],[29.304825155057017,0.3504810224813468],[29.305010427089712,0.34927773048303834],[29.305012384014503,0.34927528342774394],[29.305017939126742,0.3492392026272455],[29.305586497718878,0.3485283793813778],[29.305676676337725,0.3478976056900933],[29.305153050572983,0.34742173032873325],[29.304582051220848,0.34727885503531297],[29.304439301832474,0.34675548018140034],[29.304296426538997,0.3460417305415717],[29.30424892614718,0.3454229807861111],[29.303677926795046,0.3450423553206292],[29.303677926795046,0.344471230063391],[29.303685438832076,0.3444670545111421],[29.303685438832076,0.34443270310691787],[29.304113688795894,0.34419470202402636],[29.304970313729143,0.34376645206026524],[29.30573168876657,0.34329045259249824],[29.30677868938517,0.34281470313618456],[29.30725456474653,0.34219595338072395],[29.307920813994542,0.34100620337375176],[29.308491814245997,0.34010195304284707],[29.309396063677582,0.3400544526510316],[29.31010981421673,0.3401497025469098],[29.31072856397219,0.3400544526510316],[29.310956257025794,0.3392804880043059],[29.310387926861495,0.3385702304319693],[29.310387926861495,0.33804660556654653],[29.3103954397979,0.33803851436613286],[29.3103954397979,0.3380080786100734],[29.31101406364826,0.33734182846279737],[29.311442313612076,0.3362473274523836],[29.311870815385987,0.3356763281002486],[29.312536938728897,0.33524795223138426],[29.312949244612128,0.3346983711330722],[29.31267217608024,0.33414435547780386],[29.31268344998142,0.3341133477529752],[29.31267968901659,0.33410582852133075],[29.312870064701883,0.33358220275658823],[29.31348881355808,0.33339195207707917],[29.314155063705414,0.33320157819042606],[29.31467843855927,0.3326782033365703],[29.315106813528814,0.332202202070107],[29.315337176669516,0.33151099213876023],[29.315337176669516,0.33090823053055374],[29.315344688706602,0.3308998875199336],[29.315344688706602,0.33086970267481774],[29.31577306367609,0.33039395231918434],[29.316391690224464,0.330013077741512],[29.317153189368355,0.32953720238015194],[29.3179144394,0.32910895331571055],[29.31820006408185,0.32953720238015194],[29.318580688648012,0.3300608272455179],[29.31900918862334,0.32982282706200294],[29.319770563660768,0.32925170270408444],[29.3204368138081,0.3291565787133095],[29.32129343874135,0.328918577630418],[29.322102439176376,0.32872832785022865],[29.32272106482543,0.3282523274830851],[29.32319693928747,0.327776452121725],[29.323387314073443,0.32725295226208573],[29.324005938823177,0.3271578282713108],[29.3247135640799,0.3269669525629979],[29.325181925605534,0.3264985901379873],[29.325181925605534,0.3260537305953335],[29.32503917711648,0.32505435537433414],[29.324848802330507,0.3245308555147517],[29.32486126063884,0.32450593170352704],[29.324856314367594,0.3244923285582786],[29.32514181404366,0.3239212024017206],[29.325522563615607,0.3231598282636128],[29.32670990973469,0.322637510113168],[29.326847550973866,0.321627855641168],[29.326657177087213,0.32100922999211434],[29.326676544886823,0.32100922999211434],[29.326664689124243,0.32097070213637835],[29.327806814632936,0.32097070213637835],[29.329472564107732,0.32092307763809913],[29.329995938961588,0.3208279536473242],[29.331090439072682,0.32068507745452735],[29.33180443872402,0.32011420220879927],[29.332089940198728,0.3195430778509376],[29.33370793927014,0.3192099536765909],[29.333660313872542,0.3202093279982705],[29.333654378347035,0.3202147706952587],[29.333652801835512,0.3202478558540065],[29.333134870577965,0.32072270149166116],[29.33394581354861,0.32054245217261723],[29.335278313843276,0.31959057824275305],[29.33594456399061,0.3200665786098966],[29.336230064565996,0.32073282785785295],[29.336563188740342,0.3213990771058661],[29.33792170911977,0.320040558525136],[29.337412425743025,0.31943885541898],[29.336936552180305,0.31934360552315866],[29.336746175595692,0.31853460508813214],[29.336841302284427,0.31777310504492107],[29.336844191806165,0.3177715752981385],[29.336848814321513,0.31773457808844796],[29.337637643862365,0.31731700577535094],[29.337412425743025,0.31682148022730416],[29.33745992613484,0.3163454807594803],[29.33746481305087,0.31633326976475473],[29.337467439071247,0.31630695200436776],[29.337657813857163,0.3158312025481109],[29.338419314799694,0.3158787038392461],[29.339323439225495,0.3158787038392461],[29.340084814262923,0.3158787038392461],[29.341036689092107,0.3157358276465061],[29.341369814165773,0.31559320236453914],[29.341988438915507,0.31644970319143795],[29.34255956417269,0.31706832704179533],[29.34336843870267,0.31749670201133995],[29.3442251886417,0.3177823284918304],[29.344653438605462,0.3184960772323393],[29.34474869029998,0.31906720248957754],[29.344735172590333,0.3190697367791131],[29.34474117736363,0.31910573034531353],[29.34399318513755,0.3192459481421679],[29.344082314247544,0.3197810780345094],[29.34536718914461,0.3203519532801806],[29.34593831440185,0.32063757886135136],[29.34631893896801,0.3212087023198933],[29.34712806440882,0.3211610778216709],[29.34803231384035,0.32101832843329703],[29.34855568959358,0.3217798275771315],[29.34850818920171,0.32273157829985166],[29.348365438914016,0.32363582863075635],[29.34850818920171,0.32473032784253064],[29.348413064311615,0.32582482705430493],[29.348406680923745,0.3258503507132673],[29.348405551375265,0.32586335580936066],[29.348176876262016,0.32677781704279596],[29.3490791885539,0.32739520342607875],[29.34969793920868,0.3277283276004255],[29.350506938744388,0.32782345338983987],[29.351030438604027,0.32829945285760687],[29.351553814357203,0.3287753273196472],[29.352220188611,0.32891820351244405],[29.352743564364175,0.3291084532926334],[29.353695439193302,0.3291084532926334],[29.354409188833188,0.32920370318851155],[29.354599563619104,0.3302030784095109],[29.354647189016703,0.33058370207635335],[29.354599563619104,0.3311073287404156],[29.355123064378063,0.33148795240725804],[29.35578943863186,0.33186870377784317],[29.35636031387753,0.33272532871109206],[29.35636031387753,0.3335343273474791],[29.35712181392074,0.3346764528561721],[29.357502564392007,0.3356280785731087],[29.358263938530115,0.3362944528269054],[29.358501938713687,0.337341452546184],[29.359215689252835,0.3383883281589988],[29.3597393141182,0.33962570356351307],[29.36031018936393,0.34081532766538203],[29.361785564052695,0.3419575781798585],[29.362356690209253,0.34248107714017806],[29.362356690209253,0.3432900784745243],[29.362213814016457,0.34433695228869965],[29.362356690209253,0.3450032033353523],[29.36283243876619,0.34571720298669106],[29.362975314059668,0.34657370381353303],[29.36326093874152,0.34728757845914515],[29.36406981507008,0.34881045264046406],[29.364307814354333,0.3498098287607263],[29.36511681478936,0.35114220225096915],[29.36511681478936,0.3522369523736302],[29.36511681478936,0.3534265782741386],[29.365497439355522,0.3541880774179731],[29.366687189362437,0.35447345298763366],[29.367686563684117,0.35466382867292623],[29.36840043922905,0.3553777024192186],[29.369542563838422,0.35623432825178725],[29.369780564021994,0.35732882836288127],[29.37049443866755,0.35770957883414667],[29.371208189206754,0.3583282026845609],[29.37173181407212,0.3586138273664119],[29.372588313999643,0.3578999536201195],[29.373206939648696,0.35804270210917366],[29.37382556439843,0.35851857747053373],[29.37439668875635,0.35894695244007835],[29.37437789832154,0.35897702127266484],[29.37438917582,0.35898548029581434],[29.37368522159585,0.3601119297219384],[29.373778064006615,0.36104082867149145],[29.374158688572777,0.36175470331704673],[29.37430143886047,0.3622305786784068],[29.37506293890368,0.3625160783544743],[29.376157439014776,0.3628968288257397],[29.37748993930944,0.3630395782141136],[29.378870189108113,0.3629920787216179],[29.379679063638036,0.3630395782141136],[29.38039293918297,0.3636107034713518],[29.38115443922618,0.3643245772176442],[29.382106064043796,0.36541907732873824],[29.382677189301035,0.3660853283753909],[29.38339106394659,0.36646595384087277],[29.384247688879896,0.3670370772994147],[29.385247064100895,0.3666088282349733],[29.38566239080683,0.36610112586640753],[29.38542992684978,0.3651244801108078],[29.385442520955735,0.36510730216042475],[29.385437438886868,0.3650859522550718],[29.385960813740724,0.3643720785087794],[29.386526160853805,0.3639953030409515],[29.386572052358474,0.3630781051705867],[29.386572052358474,0.3618408556711188],[29.38657956529488,0.36182475600782027],[29.38657956529488,0.3618023287146457],[29.386906363637934,0.3611020095502795],[29.386952676924693,0.3601276058045073],[29.38700042732802,0.35912823058350796],[29.387006316988106,0.3591236476383983],[29.38700794026437,0.35908970272777196],[29.387864439292628,0.35842345258043906],[29.388292814262115,0.35908970272777196],[29.388768688724156,0.3597559537744246],[29.388911314006123,0.36042220302243777],[29.38986318883525,0.36099332827961916],[29.390613364615263,0.3607120743029668],[29.390521926945553,0.35988960562099237],[29.390521926945553,0.3591758559811069],[29.390617175942054,0.3581764807601644],[29.390617175942054,0.3571294801415661],[29.390188800972567,0.35560660506092745],[29.390188800972567,0.3542266052737659],[29.390188800972567,0.35284635547509424],[29.39009367698179,0.35179948076159917],[29.389712927409846,0.351180730106762],[29.389236927042703,0.3505146058645323],[29.389094301760792,0.3488013550986011],[29.389141801253288,0.347897105667073],[29.389046677262513,0.34704048073376725],[29.38895155237242,0.3462791056963397],[29.388332926723365,0.34527973047534033],[29.388285302225086,0.3446134803280074],[29.388293174890293,0.34458000486347373],[29.388292814262115,0.3445749533715343],[29.38847795229583,0.34378781455615126],[29.388618427298752,0.3428051055713013],[29.388621008353027,0.3428010712126479],[29.388625939335782,0.342766578614885],[29.38937980233618,0.34158856745858657],[29.38937980233618,0.3403781051655983],[29.3888563006779,0.33952148023229256],[29.38886688210107,0.3394879732915115],[29.38886381361425,0.33948295327581945],[29.389139232789546,0.3386107511853993],[29.38880867617962,0.33776060586740186],[29.388816857312293,0.33772379571678357],[29.388816189116028,0.33772207801166587],[29.389006563901944,0.3368654521790404],[29.389330450240266,0.3358476111784512],[29.389141801253288,0.3348101056020596],[29.3888563006779,0.33409635506291124],[29.38880867617962,0.33352523070499274],[29.388094925640473,0.3328113551600609],[29.387714176068528,0.33209760552023226],[29.387476176784276,0.3310506058009537],[29.387333552401685,0.3305271050420515],[29.387047925921195,0.329955980684133],[29.386762426245127,0.32948010532277294],[29.386773365598515,0.3294472917592657],[29.386769939181534,0.32944157836629984],[29.386999625132773,0.3287526437196675],[29.386952676924693,0.3279573552479178],[29.386961724104424,0.3279448285911144],[29.386960188961723,0.3279188282914447],[29.387578813711457,0.32706220245881923],[29.38824506385879,0.3272049536458326],[29.388768688724156,0.32749045242258035],[29.38943493977081,0.32734770303420646],[29.389577564153456,0.3268718285721661],[29.39033906419661,0.32644345360267835],[29.39089108695424,0.32616750202873845],[29.390617175942054,0.3254826053381521],[29.389998427085914,0.32486398058841814],[29.38942742683446,0.3242452308329007],[29.389094301760792,0.3235789806855678],[29.38857067689537,0.32272248075804555],[29.38857067689537,0.3217707300353254],[29.38814242603229,0.3209616054938351],[29.387809301857942,0.3201051055663129],[29.387809301857942,0.3193912300214379],[29.387523802181875,0.31843935519225397],[29.38700042732802,0.31758285526473173],[29.386619551851027,0.3168691056249031],[29.386572052358474,0.31625035586938566],[29.3865805617437,0.3162248214185297],[29.38657956529488,0.3162118271142731],[29.38685755203454,0.3153777445874084],[29.38685755203454,0.3146323549993326],[29.38690517653282,0.3137757300660269],[29.386911166017683,0.31376460635163994],[29.386912688569907,0.3137372022102909],[29.387245813643574,0.31311845335409316],[29.387436189328866,0.31245220320676026],[29.387719297707577,0.3119332125478991],[29.38785692725554,0.3110156054859772],[29.387809301857942,0.3097306055831268],[29.387761800566807,0.30854085557621147],[29.387769636359792,0.30851038474662573],[29.387769314402476,0.30850232861973836],[29.388197564366294,0.3068367023520864],[29.390005939122943,0.30460007853093884],[29.390519043719053,0.3031540001571216],[29.390284050868445,0.30240185576121803],[29.390426677049675,0.30135498014840323],[29.390431844554143,0.30133366531657657],[29.390434189986024,0.3013164531919301],[29.390806196349047,0.2997820182256987],[29.390284050868445,0.2987374808502068],[29.390046051584193,0.2979284804151803],[29.38937980233618,0.29726223026784737],[29.3893958156645,0.2972322046027216],[29.38938731437321,0.2972237024121114],[29.389755323249744,0.29653371735730616],[29.389522550825234,0.2958821054749592],[29.389522550825234,0.29502548054165345],[29.38957005211637,0.29383585554046476],[29.389665302012247,0.2931219799955329],[29.389665302012247,0.2921702301721325],[29.389672814049277,0.2921481608091199],[29.389672814049277,0.29213170321571624],[29.390426677049675,0.2899170228524781],[29.390426677049675,0.2875539804319942],[29.390434189986024,0.2875397090904812],[29.390434189986024,0.28751545347557794],[29.391862064283032,0.2848029533937506],[29.39276606370305,0.28132882826298555],[29.39386068881987,0.27937770231926606],[29.394812563649054,0.27761695206083914],[29.395618867017276,0.27586180098148816],[29.3958995508238,0.2739911050056776],[29.39590169121027,0.2739883881537253],[29.39590706376015,0.27395257714988475],[29.397667814018575,0.2717159524294175],[29.398619563841976,0.27028820223893035],[29.400094938530742,0.2683369521887471],[29.40080868906989,0.26681420211389195],[29.402188813862836,0.2644347021000044],[29.402664689224196,0.26243595255732544],[29.403902063729447,0.2604848275129257],[29.40494906524731,0.2584384525727046],[29.406471813523524,0.2558687027785709],[29.40837374385336,0.255096816465084],[29.40606605110753,0.25264773050849954],[29.40501905138825,0.25240985533071125],[29.403448676815174,0.25007798071442267],[29.40144980136739,0.24765098030866284],[29.39911805175683,0.24574735565607853],[29.398356675820082,0.24431973047131805],[29.396167425586384,0.24255885520716447],[29.394930176986236,0.24227335553109697],[29.394073677058714,0.24075048045045833],[29.39321692711968,0.23937035565757014],[29.392217551898682,0.2381331052587825],[29.390980300600575,0.23641985539217103],[29.389552676315134,0.2339928549864112],[29.388267677311603,0.2304236058648712],[29.387982176736216,0.22733023030605182],[29.38807730072699,0.2232852308288784],[29.387982176736216,0.2221907307177844],[29.38712555180291,0.2188118554828975],[29.387791801050923,0.2166227302549828],[29.38807730072699,0.214719230608182],[29.388695927275364,0.213291480417638],[29.38960017670695,0.2124824799826115],[29.390456801640255,0.21181635574038182],[29.391694052039043,0.21205410501312372],[29.392598302369947,0.21229210519663866],[29.3933598024131,0.2119589801229722],[29.393264551617904,0.21091210540947714],[29.39321692711968,0.2097222303967783],[29.392741175864728,0.20867535568328321],[29.3933598024131,0.20781873074997748],[29.394454300725556,0.2076284800704684],[29.39535855195578,0.20681935552897812],[29.39507292727393,0.20548685523436916],[29.394977802383835,0.2045826058027842],[29.394026051661115,0.20348810569169018],[29.39435917673478,0.2025838553607855],[29.39435917673478,0.20182248032335792],[29.393788050578223,0.2012514800719032],[29.39416880194881,0.20025210575022356],[29.393454927303196,0.1982533553082817],[29.393454927303196,0.1973014804790978],[29.39316942672781,0.19606423008031015],[29.393074300938395,0.19501723036103158],[29.393026675540796,0.19377998086156367],[29.39297892603679,0.1931137307142876],[29.392883802046015,0.19263785535292755],[29.392360302186376,0.1917812304196218],[29.393074300938395,0.19106735577400968],[29.394026051661115,0.19106735577400968],[29.394311427230775,0.19035360523486133],[29.394311427230775,0.1892589801179838],[29.39440680213238,0.18859272907133118],[29.395453675946555,0.18873548025834452],[29.39631030177918,0.18844998058227702],[29.396643426852847,0.18806923011106846],[29.396929050635322,0.18754572935210945],[29.39735730239778,0.18664148081984422],[29.39811867653583,0.18692710550169522],[29.399022925967415,0.1866891044188037],[29.399546426726374,0.1870222303917899],[29.399165552148702,0.1874028558572718],[29.39868980089375,0.18792648072269458],[29.398547052404695,0.18859272907133118],[29.39911805175683,0.18892585504431736],[29.40006980068091,0.1893064805098561],[29.400450551152176,0.18973485547934388],[29.401402301874896,0.18968735508752843],[29.4022589268082,0.1898776057670375],[29.40278242666784,0.19040110562667678],[29.403067927243228,0.19059135540686611],[29.403591426203548,0.1897824799776231],[29.404067426570634,0.18959210519165026],[29.404781177109783,0.18940173040567743],[29.40539992596598,0.18897335543618965],[29.40582817682906,0.18844998058227702],[29.406446800679475,0.18783135583254307],[29.40725580201382,0.18783135583254307],[29.407874426763556,0.18849760508055624],[29.40868355220431,0.18902110583951526],[29.40968292652599,0.18944935580327638],[29.410444301563416,0.18954448069337104],[29.411443676784415,0.18959210519165026],[29.41277617617976,0.1899251052595332],[29.413394801828815,0.19011560505128955],[29.414584551835787,0.190163105443105],[29.415917051231077,0.19059135540686611],[29.417868177174796,0.19054385501505067],[29.41905792628245,0.19059135540686611],[29.420438051974656,0.19059135540686611],[29.42205605194539,0.19035360523486133],[29.422817426982817,0.19049622961745172],[29.42334105094892,0.19021073084070395],[29.424197551775762,0.19021073084070395],[29.42519705200249,0.1903058557307986],[29.426910176863316,0.1903058557307986],[29.428147552267887,0.19025823033319966],[29.429480051663234,0.1903058557307986],[29.429908301626995,0.1898776057670375],[29.43100280083877,0.19021073084070395],[29.432430551029256,0.19025823033319966],[29.433858176214017,0.1903058557307986],[29.436523176803348,0.19035360523486133],[29.43785555209223,0.19021073084070395],[29.438379176957596,0.19011560505128955],[29.438807426022038,0.18940173040567743],[29.43942605077177,0.1888307301542227],[29.439616427356384,0.187736105037402],[29.440377927399595,0.1864988555379341],[29.440853801861635,0.18568973009712408],[29.440853801861635,0.18478548066553913],[29.440853801861635,0.18416698002226894],[29.441091677039424,0.1828821051252021],[29.441091677039424,0.18197785569367397],[29.44137717671549,0.1812163556504629],[29.44213880176443,0.18050248010553105],[29.442614551220743,0.1800266056434907],[29.4431856773773,0.1801693550318646],[29.44399467691295,0.17993135574761254],[29.444327801986617,0.17878935524470307],[29.445374801705896,0.17840860477343767],[29.44646930181699,0.17817060548918562],[29.448277801579422,0.177837480415576],[29.44899155121925,0.17778998002370372],[29.45046680180161,0.1777423555254245],[29.45198967688225,0.17759960523773088],[29.453607676852982,0.17726648016406443],[29.455273302221258,0.17712373077569055],[29.456605801616604,0.17660023001678837],[29.45751005194751,0.17626710584244165],[29.45846180087159,0.17669548081192943],[29.45993705235327,0.17640985523081554],[29.460746051888975,0.1758388549793608],[29.461935926901674,0.17560085569510875],[29.46345867607721,0.17560085569510875],[29.46493392665957,0.17545810540741513],[29.466076052168262,0.17536285551153696],[29.466885176709695,0.1746014804741094],[29.46698030070047,0.17288823060749792],[29.467027801991605,0.1715082308203364],[29.46698030070047,0.17055648009761626],[29.466742302315538,0.16969973015858386],[29.466742302315538,0.16865285454576906],[29.467313425774137,0.1677486051141841],[29.468598301570523,0.16689198018087836],[29.470073677158666,0.1662734804369279],[29.470739802300216,0.16589260585925558],[29.471739176621895,0.16479810574816156],[29.472119927093104,0.16384635502544143],[29.47221505108388,0.16237098033661823],[29.47221505108388,0.1609909805494567],[29.472357927276676,0.1602771050045817],[29.472738551842838,0.15951573086647386],[29.473690425772702,0.15894460560923562],[29.474166177027598,0.15770735521044799],[29.47483242717493,0.15685060527135875],[29.475022926966687,0.15575610516026472],[29.47540355063353,0.1550423555204361],[29.475593927218142,0.1544712302632547],[29.47564155171642,0.15370985522582714],[29.475784302004115,0.15318635536618785],[29.476212676973603,0.1528532302925214],[29.475802926963695,0.15199135511710438],[29.47542217739175,0.1514678552574651],[29.475394158114057,0.15127135339042752],[29.47537462663786,0.1511347364790936],[29.474946375774778,0.15070648651527563],[29.474280125627445,0.15032586104979373],[29.47389942012228,0.1501829902529721],[29.47374312874257,0.1503913613723853],[29.473471126091738,0.15075411101355485],[29.47347105324667,0.15075411101355485],[29.472804875944462,0.15080160600945192],[29.472804802200017,0.1508016087074111],[29.471710302088923,0.1508016087074111],[29.471710250827584,0.15080161140542714],[29.471805376617,0.15018298665569318],[29.47194337218906,0.1500105713309381],[29.472186176550963,0.14970710499903817],[29.47251929622871,0.14932648762749068],[29.47185312702038,0.14937398172401117],[29.471853053275936,0.14937398622066667],[29.47104405194159,0.14942160712161012],[29.470806051758075,0.15008785547030357],[29.47080601668449,0.15008782039677726],[29.47080600229532,0.15008786266491825],[29.470425376829837,0.14970711219365285],[29.47066337611409,0.14889811265794606],[29.470604055033277,0.1486607743754007],[29.470520552981327,0.1483269775081908],[29.46990200107666,0.14823186430925261],[29.469552821305797,0.14848568266830853],[29.469378426573314,0.14861248078153722],[29.46937837711056,0.14861248707677532],[29.46871217552666,0.14870772977809565],[29.468712126963226,0.14870773607333376],[29.467903125628936,0.14846986269418494],[29.467605479709277,0.14826375336969022],[29.467284427134757,0.14804147963076275],[29.466895883138648,0.1477986321013418],[29.46652300173531,0.14756561146396052],[29.466139034389073,0.14729450273927114],[29.465714051662303,0.1469944808108039],[29.46546387106099,0.1468807993095993],[29.465190502339965,0.14675661282757346],[29.465238126838244,0.1458048612055336],[29.46528562633074,0.14504323615659587],[29.46528562633074,0.14428198612489496],[29.465238126838244,0.14390123655300613],[29.465809251196163,0.14356811147933968],[29.466618143712537,0.1431874923090959],[29.466618176987424,0.14318748061788256],[29.46747487206784,0.14342522179669004],[29.467236876380923,0.14261636165593927],[29.466951251699072,0.1418549866185117],[29.466618126625406,0.14114098606779635],[29.465951875578753,0.1403321124371928],[29.465832335893765,0.13995333507853047],[29.465666426264704,0.13942785581105],[29.465782859691387,0.13902037658925792],[29.465856751587978,0.1387616110596923],[29.465912462790072,0.13848324750404117],[29.46599955133837,0.13804773011878524],[29.46604717583665,0.137286230075631],[29.46604717583665,0.136715230723496],[29.465761677059902,0.13600135517856415],[29.465310326210727,0.13567547144600667],[29.464905010757832,0.1353828671257702],[29.46414367708917,0.13571598050828015],[29.464143633921708,0.1357159823069196],[29.463525052339435,0.13571598410555907],[29.463525001977416,0.13571598680351826],[29.463239376396245,0.13562061280117632],[29.462620802008587,0.13571597960896042],[29.462620750747192,0.13571598680351826],[29.462287625673525,0.13557311151004114],[29.462382752362316,0.13452611179076257],[29.46257312624897,0.13381236125161422],[29.46257312624897,0.13281298782931117],[29.462534158624692,0.13252050221956324],[29.46247792581579,0.13209898008403798],[29.46234181792073,0.13179951303726511],[29.462240001175303,0.13157561242474003],[29.461716502214983,0.13100448626818206],[29.461383377141317,0.13038586241776784],[29.461383426604016,0.13038585342457054],[29.46200200279037,0.1302431148280334],[29.46204962728865,0.1298147371605296],[29.46157375102797,0.1292913614073541],[29.460384051383016,0.1294341053998096],[29.460384001920318,0.12943410450048987],[29.459860626167142,0.12938648629744876],[29.459860551523377,0.12938648000221065],[29.45950217258735,0.12919540014775066],[29.459146627415066,0.12900586263060632],[29.45862325076257,0.12862511126002119],[29.458307613905447,0.1283995630895447],[29.457957050977313,0.12814910549695924],[29.457628447694844,0.12789639420338972],[29.457338375865504,0.1276733623359405],[29.456908129406827,0.12753886962332217],[29.456576927083688,0.12743535585713062],[29.455910676936355,0.12643598063613126],[29.45569067938152,0.12585854123886975],[29.45552987610307,0.12543661171042686],[29.454911251353337,0.12477036246241369],[29.454530500882072,0.12438973609761206],[29.453769125844644,0.12410411231508078],[29.453578826601756,0.12387148737940379],[29.453340801237175,0.12358060526088366],[29.45276980188504,0.12339035548069432],[29.452386350749634,0.12323246150907607],[29.451960751087938,0.12305723670226598],[29.451532502023497,0.1228192365186942],[29.451340368163642,0.12260574286091241],[29.451104052410244,0.12234323075563225],[29.45094450008878,0.1221304250792059],[29.45081862737794,0.1219626115854453],[29.450295126618983,0.12177223949743166],[29.45014346764708,0.12180792549554553],[29.449486126183956,0.1219626115854453],[29.449486065929364,0.12196259809559251],[29.448772301001043,0.12177223050417751],[29.44810605085371,0.12129635514281745],[29.447806155729666,0.12066935140961732],[29.44758250153137,0.12020186132701838],[29.44758250153137,0.11948798668140626],[29.447436528073467,0.11927932777894057],[29.44724942681978,0.11901197911970485],[29.446907221291383,0.1186171533590823],[29.44663075080865,0.11829823667443407],[29.44639275062508,0.11777473681479478],[29.446107303109727,0.11710848037222377],[29.445683999417213,0.11677595244839267],[29.445441001701056,0.11658511181360609],[29.44467962576431,0.11591886256559292],[29.444060888599267,0.11544287119170349],[29.443442301621076,0.11577598007755796],[29.443442252158377,0.11577598097687769],[29.4429188764052,0.11572836097525396],[29.442918801761436,0.11572835557933558],[29.442695661076073,0.11557959422304975],[29.442490500536337,0.11544286129918646],[29.441729176760248,0.11553810579908941],[29.44158789956208,0.11574990513418015],[29.441348376826284,0.1161091123458391],[29.441300877333788,0.11691811098216931],[29.441300877333788,0.11758436112950221],[29.44030150211279,0.11815548638674045],[29.43959614314764,0.1184913175204656],[29.43930205134876,0.11863135545286241],[29.43910375623352,0.11875333769654617],[29.43868337623701,0.11901198631426269],[29.438683312385137,0.11901197372378647],[29.438392888021554,0.11893457087393244],[29.437969500692077,0.11882173653407335],[29.437801489347407,0.1185976236815236],[29.437683927271564,0.11844085566110607],[29.437398427595497,0.11806010339120121],[29.43725211779116,0.11804063127027575],[29.43668462759365,0.11796511699668599],[29.43606592460293,0.11820310009318291],[29.436065878737452,0.11820311807957751],[29.435209501117754,0.11853623685800585],[29.435209456151654,0.11853621887155441],[29.435209427373366,0.11853623056276774],[29.434985513270988,0.11844661761745101],[29.434733375744884,0.11834573616692978],[29.434628922187187,0.11819951269751527],[29.43449542682265,0.11801273250176791],[29.433591427402632,0.11796511070144788],[29.433591377040557,0.11796511250008734],[29.433250622118692,0.11779470356287902],[29.43292492724379,0.11763185522607955],[29.432877425952597,0.11706073086821789],[29.432766759878234,0.11675628877185318],[29.43268712581039,0.11653736141028048],[29.432594402110112,0.11645491875964353],[29.432258677096456,0.11615660464377697],[29.431728530347584,0.11623824959571039],[29.431640251096894,0.11625186173421298],[29.430593251377616,0.11653748641600714],[29.430202587679446,0.11676535124013299],[29.430022177381773,0.11687060429511575],[29.430022127919017,0.11687061328831305],[29.42940355173272,0.11701335368348964],[29.429403501370643,0.11701335907940802],[29.428642127232536,0.11701335907940802],[29.428642052588827,0.11701335368348964],[29.428474674366896,0.1169854351298909],[29.428071003773994,0.11691811637814453],[29.42730962603855,0.11720373656334004],[29.426948378265195,0.11740074924534838],[29.426786176540986,0.11748923084348917],[29.426786133373525,0.11748923264212863],[29.426214926277964,0.11748923354144836],[29.426062446225103,0.1175584795403779],[29.42569150106209,0.11772698641146917],[29.425691468686523,0.11772696123045989],[29.4256914273177,0.11772698011617422],[29.425437501939314,0.1175238268633052],[29.42521562570073,0.117346361845307],[29.424834876128784,0.11691811278086561],[29.424501801417193,0.11696572918521042],[29.424349860957477,0.11713447347733563],[29.424073501990677,0.11744148673540167],[29.423614606728904,0.11752498159279412],[29.423550051593793,0.11753672943666515],[29.423550001231717,0.11753673663127984],[29.423365713956684,0.11742154247036751],[29.423169177016064,0.1172987301524131],[29.422836051942397,0.11682285569037276],[29.422533760125077,0.11659608624057682],[29.422265127234027,0.11639461112258687],[29.42164637567987,0.11587123716799397],[29.421389737946242,0.11576853998627712],[29.421170559673783,0.11568085968406194],[29.420266426254727,0.11568085878474221],[29.42026637769135,0.1156808659793569],[29.419457299914598,0.11596635036693215],[29.419457254049178,0.11596636655474413],[29.418791040774067,0.11625197774674234],[29.418791001203886,0.11625198673993964],[29.417506126306876,0.11591885986763373],[29.416697244582338,0.11591885716967454],[29.416697177133187,0.11591885537103508],[29.41631630075682,0.11572835557933558],[29.416052615036335,0.11543813446252216],[29.415840500938543,0.11520473610983117],[29.415459751366598,0.11510961121973651],[29.415420684816922,0.11485555184242457],[29.415364551832738,0.11449098017476445],[29.41514071956874,0.11440143647729428],[29.41488862700868,0.11430060898607053],[29.413936925748715,0.11430073399185403],[29.41393687628596,0.11430073399185403],[29.412985176824634,0.11434835759081352],[29.41298512556324,0.11434836118809244],[29.412684548753077,0.11416332657643125],[29.412366608732157,0.11396764039443497],[29.412157696220845,0.11432546354944861],[29.41203330199545,0.1145386055723634],[29.411938177105355,0.11506210543200268],[29.411938125844017,0.1150621090292816],[29.411176870416398,0.11510960402517867],[29.411176802067928,0.11510960402517867],[29.411049789916035,0.11500807506280353],[29.410938751522337,0.11491936143954717],[29.41060562824731,0.11449098287272363],[29.40970155058625,0.11444348427954765],[29.40970150112355,0.1144434860781871],[29.40926957652988,0.1142275246807003],[29.408844926552263,0.11401523071850761],[29.408226175897482,0.11339648006367042],[29.407893050823816,0.11306347999578747],[29.40760800080875,0.11280423153021957],[29.407369625607885,0.11258748682320174],[29.406989001041723,0.11215923685944063],[29.40703650053422,0.11111223624089916],[29.4069572091081,0.11087420458102315],[29.40684617611032,0.11054110558774255],[29.40676322354409,0.11031992272643265],[29.40670337635987,0.11016048731681849],[29.406989001041723,0.10958936116026052],[29.406989001041723,0.10863761133686012],[29.407084125931817,0.10740023773092844],[29.407655126183272,0.10659123639658219],[29.407616315940402,0.10618350086804185],[29.40755992575015,0.105591853981025],[29.40755992575015,0.1045926055644486],[29.407676092977454,0.10412816957949644],[29.40775037607915,0.10383098681074898],[29.407806279736178,0.10349556576790064],[29.407893050823816,0.10297448058798864],[29.407893050823816,0.10235585583825468],[29.408226175897482,0.10187985547111111],[29.408226175897482,0.10073785586752138],[29.408254715882606,0.09999831547003168],[29.40827387593879,0.09950048675824519],[29.408321376330605,0.0986914872225384],[29.40770275068155,0.09821548685539483],[29.40775037607915,0.0972637361326747],[29.408083501152817,0.09664498637715724],[29.408987625578618,0.09531261198759466],[29.408987625578618,0.09469386133281432],[29.40893406735347,0.09439914360575585],[29.408797302053983,0.0936469803240243],[29.40874106834582,0.09316873704773343],[29.40870212590255,0.09283798618429273],[29.40827387593879,0.09202898664858594],[29.408035875755218,0.09141023599374876],[29.407826920076445,0.09111768743150606],[29.40755992575015,0.09074398045049747],[29.407476037889012,0.09026822020234704],[29.407417251005484,0.08993511131649257],[29.40716856417805,0.08958271287207253],[29.40684617611032,0.08912598047976417],[29.406179925962988,0.08841223083993555],[29.405612755924096,0.08792238900718985],[29.40513287588169,0.08750798680432581],[29.404735704689188,0.08717695265443126],[29.404276302209723,0.08679410586347558],[29.4039276521396,0.08663138163313988],[29.403562502207876,0.0864609861857275],[29.403443136091994,0.0860630676565961],[29.40327692698878,0.08550923006708899],[29.402860899710902,0.08509320368858653],[29.402515501589278,0.08474786132489953],[29.402301968361314,0.08451283519934805],[29.4020398006964,0.08422435517002214],[29.402068314601195,0.08376731970622586],[29.402087250726197,0.08346298642783267],[29.40217849684035,0.08322576505719326],[29.40232517626606,0.08284423037707711],[29.402705801731543,0.0822254806216165],[29.40232517626606,0.08179722975853565],[29.402383017062732,0.08150817686100709],[29.402420375799863,0.08132123658594992],[29.402420375799863,0.08075023723381491],[29.402277501405706,0.08032198547141434],[29.4017066135695,0.08036960277513572],[29.401706552415646,0.08036960547309491],[29.401452380623027,0.08025411273729333],[29.40118300219399,0.08013173659054473],[29.400945001111097,0.0795606113333065],[29.40064557003717,0.07943577823874648],[29.40037405212098,0.07932260575381633],[29.400707177194647,0.07841847952937542],[29.400707247341757,0.07841835902019056],[29.401135501802116,0.07760948628890674],[29.40111609713034,0.07743443954791474],[29.401087926766593,0.07718097911907762],[29.400707052188864,0.07660998066626235],[29.40008842653981,0.07603885540902411],[29.399953929330536,0.075823717790513],[29.399850501000003,0.07565836124456382],[29.39918425175199,0.07508722969203063],[29.398803752191554,0.07503961328768582],[29.398375377222067,0.0752298612692357],[29.398375352041,0.0752298324909475],[29.398375301678982,0.07522985587331732],[29.39811125802828,0.07491303101176072],[29.397899375955603,0.07465886101778096],[29.397851875563788,0.07404023626804701],[29.39723312670759,0.07394511137795234],[29.39723312670759,0.0728029867685791],[29.39732823810789,0.07194622244037419],[29.39664335490704,0.07186065464566127],[29.396566926022956,0.07185111104007547],[29.3959957908732,0.0720891004318105],[29.39599575130302,0.07208911122364725],[29.395424751051564,0.07180361154757975],[29.395329501155743,0.07108961099692124],[29.39496998997322,0.07081999334815237],[29.39456811712506,0.07051865301360749],[29.39444937154144,0.07106466829998226],[29.394330177196082,0.0716131054605853],[29.3939495517306,0.07237460460447664],[29.3939495022679,0.07237461449705052],[29.393426049173,0.07251735039557161],[29.393426002408262,0.07251736118740837],[29.393178274258105,0.07214568847291503],[29.393045302299015,0.07194623053425175],[29.3927576091765,0.07165853831105551],[29.392521751178037,0.07142273607058769],[29.392426626287943,0.07070898643075907],[29.39221291319558,0.07045249618590788],[29.391950677182194,0.070137853978963],[29.3917228789079,0.06996065785824612],[29.391522378654997,0.06980474329441222],[29.390903674764957,0.07004259958648618],[29.390903627100897,0.07004261127764266],[29.390856125809705,0.06932873663203054],[29.391035235687752,0.06898866879220122],[29.391332176538867,0.06842472911813502],[29.39090380156938,0.06804398044550908],[29.390499541920462,0.06788236148196347],[29.390427875845944,0.06785373606123812],[29.39038037635345,0.06737761158768762],[29.390362819788493,0.06707944136326205],[29.39033267631214,0.06656872986314966],[29.389951925840876,0.06561698003974925],[29.389813014759,0.06517212949034956],[29.389714126206115,0.06485561129755979],[29.38969481776178,0.06446970141576003],[29.38966642616481,0.06390373017319462],[29.389237528689137,0.06326034978548023],[29.388905000765362,0.06276161185905949],[29.38867169504283,0.06248579068687832],[29.38838155216706,0.06214285580830392],[29.387762927417327,0.06157185555684919],[29.38739609485407,0.061442398148301436],[29.386953875720963,0.06128636127670006],[29.385954501399283,0.06062011112936716],[29.385335752543085,0.06038223235429996],[29.384622052366012,0.06033461145329966],[29.384622002003937,0.06033461145329966],[29.38440013026195,0.060157032221411555],[29.38414605199887,0.05995373058038922],[29.383527552254918,0.059668355010728646],[29.383479801851536,0.05852610539562875],[29.38319055829777,0.058357358405544346],[29.382908751238062,0.058192986617200404],[29.383622625883618,0.057383986182173885],[29.38367012627549,0.05681286182425538],[29.3834590032306,0.05654883616000461],[29.383289551172027,0.05633697926833747],[29.383289507105246,0.05633685965852919],[29.383051500626436,0.05557561142546774],[29.382992713742908,0.05541381079888197],[29.382861177101802,0.055052104371270616],[29.383099177285374,0.05457623080855001],[29.383043180098866,0.05426839736878719],[29.383003876128157,0.05405261133910244],[29.382195001598234,0.053909989654471246],[29.38219492605515,0.053909979761897375],[29.382138417154408,0.05348645573548083],[29.382099626696572,0.053196111411580205],[29.38176662662869,0.05286298633791375],[29.381694488410062,0.05285267201338684],[29.381100426843375,0.052767854253204405],[29.380576926983736,0.052482230470729974],[29.38033475574457,0.052337004349453764],[29.380101001260357,0.05219686119636435],[29.37972025168841,0.05172086172854051],[29.379614445550374,0.051689713709492935],[29.37891130161546,0.05148285435041089],[29.378149926578033,0.05114973017606417],[29.377090163680293,0.05119403167935843],[29.37700775070732,0.05119748237808608],[29.377007676063556,0.05119748057944662],[29.37648430210902,0.05114973017606417],[29.375604179689333,0.05090984051690839],[29.375437252027723,0.050864361801018276],[29.3748987451811,0.05061950968280371],[29.3743903017712,0.05038835963523525],[29.372772375544855,0.05043598233487501],[29.372772300901147,0.05043598323419474],[29.371249426719828,0.05043598323419474],[29.37124937725713,0.05043598323419474],[29.370202617656844,0.050435856429771775],[29.370202552006333,0.050435855530452045],[29.369821737683196,0.05029312232989014],[29.36931468192722,0.050673330509937387],[29.369060302391233,0.05086410549421316],[29.369060252928477,0.050864116286106764],[29.366680925584433,0.051625725147232515],[29.366680877920317,0.051625740435724765],[29.36434900060607,0.052387110976553686],[29.364006079217347,0.052547834215317835],[29.36282617678677,0.053100980226190586],[29.36196955185352,0.053100980226190586],[29.360593056724326,0.05330958067276015],[29.36039912691831,0.05333898670505732],[29.35906662572438,0.05424311113085878],[29.35809415102443,0.05441235364736485],[29.357972050969522,0.054433604627320165],[29.357972004204782,0.05443361631847665],[29.35644917498962,0.05500447447707302],[29.35644912822488,0.055004490664885],[29.355069051095995,0.0554328512452571],[29.35416480166441,0.05590860519811258],[29.35364150415228,0.05666998832947456],[29.353641426810555,0.056670105241323654],[29.352832427274848,0.057431605284534726],[29.35183305205385,0.05800260553598946],[29.35092880082368,0.05843098050553408],[29.35007230179548,0.058906854068197845],[29.350072252332723,0.05890686126281253],[29.34897775132231,0.0590497365562328],[29.3489776766786,0.05904973205963415],[29.34797830235692,0.05900211025931412],[29.347978251994903,0.05900211025931412],[29.346836176848228,0.05904973385827361],[29.34683612738553,0.05904973116031442],[29.346754762122714,0.059041962816479554],[29.345836676621502,0.058954355359389865],[29.345225910147803,0.05894651506974924],[29.346342133382905,0.06267429668162094],[29.347462754302853,0.06513966486380696],[29.347938646751288,0.06799501775600447],[29.35103194586776,0.07132626219743088],[29.353411407210842,0.07132626219743088],[29.358482110461182,0.07085037064825883],[29.360311843217175,0.07085037064825883],[29.362215412111766,0.07132626219743088],[29.362215412111766,0.0751333999865551],[29.363405143232967,0.08203383779152773],[29.365370323781576,0.08443572462914517],[29.367926118795538,0.08679275957837262],[29.370781471687735,0.08893427469718063],[29.373398879255035,0.09059989646823396],[29.373636824579933,0.09155168136516068],[29.371608097935564,0.0943918995666877],[29.371257364136227,0.09488292670584997],[29.37203336394873,0.09588092236685952],[29.372866698239704,0.09879758923750614],[29.371200030557134,0.10129758941241107],[29.36970221688398,0.10242094966724835],[29.36453336432345,0.10629758976210724],[29.3628666975402,0.10546425637051016],[29.36036669826467,0.10713092225444143],[29.3587000305821,0.11046425672020632],[29.354533363624,0.1137975893873886],[29.354533363624,0.12046425652039261],[29.353110800723016,0.12259810132150051],[29.35286669774007,0.12546425687014562],[29.349089102680125,0.12861225185412195],[29.346200030607065,0.13213092220445333],[29.345366698114788,0.1346309223793014],[29.345366698114788,0.13796425684512315],[29.346200030607065,0.13879758933745734],[29.345366698114788,0.14629758986205843],[29.342964714150412,0.15270287803554083],[29.340950650052605,0.15469139329331938],[29.340437608409047,0.1555952623116923],[29.339533364373438,0.16379758928746924],[29.33703336419859,0.16629758946231732],[29.33703336419859,0.17046425642047325],[29.334533364023684,0.17379758908765552],[29.334533364023684,0.1796309228290056],[29.333700030632087,0.18129758961225662],[29.331200031356502,0.18213092210453397],[29.333034706786464,0.1839819544038619],[29.33389982671582,0.18720601134850767],[29.333530738652826,0.19562203163161485],[29.331758311596957,0.20386223805201098],[29.328075243377953,0.20990288800805956],[29.32444146969823,0.21594989976824763],[29.324374847021716,0.21608064230792934],[29.324234723653717,0.21635562800997832],[29.323870565674213,0.2170702670793503],[29.323553515982155,0.21769245764096468],[29.322348678049195,0.220064099378817],[29.320571915361768,0.22282284260029428],[29.318697661667898,0.2246332920929035],[29.319533363873802,0.2204642563205539],[29.32203336404865,0.21796425614564896],[29.321346303589223,0.21555954363816454],[29.320366698164776,0.21213092240429887],[29.31606597286651,0.20854698555507412],[29.312866697640175,0.2062975895622685],[29.312866697640175,0.2046309227790175],[29.311200030856924,0.2029642559957665],[29.31041666739543,0.19625000033738615],[29.30791666722058,0.19458333265481542],[29.307083332929608,0.19541666694578907],[29.305416667045733,0.19379758958723414],[29.305366698014893,0.19463092207956834],[29.303700031231642,0.19546425637048515],[29.301200031056737,0.19379758958723414],[29.299533364273486,0.19379758958723414],[29.29703336409864,0.19629758976213907],[29.295366698214707,0.19629758976213907],[29.294953397681297,0.19588428832940963],[29.29245003134406,0.19338092199211587],[29.28889943506107,0.1878222142239565],[29.286073077210915,0.18202074166407556],[29.283275030918105,0.18005258975534844],[29.280868598007544,0.17932458945841745],[29.27233777207067,0.17781073547723736],[29.263556742150115,0.17679632988688354],[29.26117733116905,0.1765028891971383],[29.260939384944834,0.1765028891971383],[29.259842211149305,0.17598019602939985],[29.25914973767044,0.17557554607475367],[29.25848788430858,0.17518878903155155],[29.257807767514635,0.17455588124909127],[29.257452910323707,0.17422565558968017],[29.257285086038053,0.17406948112181908],[29.25720138433661,0.1739915890407815],[29.25618363866414,0.17359324783029706],[29.255086384828985,0.1731637891776927],[29.253721834495252,0.17242724262331421],[29.252031284416432,0.1716264898707891],[29.250327584450645,0.17192238930698522],[29.24856518483557,0.1725139894292056],[29.246979084717168,0.1739336897881003],[29.246391884977697,0.17594468899636695],[29.246098484757454,0.17866538909657947],[29.245491375826475,0.17807736827609233],[29.244972925660136,0.17587476131132007],[29.241334495290914,0.1776509592245361],[29.23852180893448,0.17714975265914745],[29.237956719027522,0.17796190072130003],[29.231795417824458,0.1746309224792526],[29.232569265559334,0.17213092230440452],[29.230962084432804,0.17046425642047325],[29.234295417999306,0.16796425624556832],[29.234295417999306,0.16713092285397124],[29.233553109488582,0.16527515022818307],[29.232628752115374,0.1629642567951919],[29.230245252816303,0.16010405745646494],[29.228741511711576,0.15829956777099596],[29.228462085157275,0.15796425644543888],[29.22382417704432,0.16054435563768266]]]},"properties":{"nom":"Vuhovi","province":"Nord-Kivu","zscode":"CD6107ZS07"}},{"type":"Feature","geometry":{"type":"Polygon","coordinates":[[[28.065927019316632,0.30405764074765784],[28.06681926999346,0.3035222662397814],[28.067711519770967,0.3044146410230155],[28.06913926996151,0.30600793481852406],[28.071102268754885,0.3067218085647596],[28.073422394627983,0.3069001845960315],[28.075385269314893,0.3065433093264005],[28.07770539518799,0.30600793481852406],[28.07824064379082,0.3040448092207271],[28.07824064379082,0.30114282378247026],[28.07824064379082,0.30083256037454476],[28.07886807110475,0.29874069322858077],[28.07931132086094,0.2972633184475626],[28.079490071010127,0.29494344258597494],[28.080203820649956,0.29369419343242953],[28.08216682124197,0.2929803178874977],[28.084665196341916,0.2903034426499289],[28.087163820554053,0.2876266924180868],[28.088003113752848,0.2857798257784907],[28.088055946225097,0.28566356771960955],[28.087520570817844,0.28370056802697263],[28.08555757112515,0.28262969310600283],[28.084888070827958,0.28162550201545855],[28.084843695580275,0.28155894319081654],[28.08520057084985,0.2795958175930764],[28.08520057084985,0.2779898181757403],[28.0868069461838,0.2758481933395842],[28.08948369641564,0.274955942662757],[28.092160445748164,0.2758481933395842],[28.093231320669076,0.2760266925779433],[28.09519432126109,0.27531281793238804],[28.096424628893658,0.2735550768055077],[28.09644344630817,0.2735281933715896],[28.096265071176276,0.2708514431397475],[28.095773010716016,0.2685550872476483],[28.095729695769023,0.2683529430340741],[28.09644344630817,0.26656831757395594],[28.097692946372547,0.2647836930131575],[28.09804981984348,0.2637130681037547],[28.099655820160137,0.26264219318284177],[28.101262071387623,0.26050069335246917],[28.101975946033235,0.2578238181149004],[28.102689569768017,0.2562176927924611],[28.10483132140854,0.2547900676077006],[28.108578945661975,0.25389769282440966],[28.110720319587244,0.2547900676077006],[28.11321869558651,0.2562176927924611],[28.114468070645103,0.2569315674380732],[28.115360196316146,0.25639619293013993],[28.116074144706204,0.2547901818215905],[28.116074195967542,0.2547900676077006],[28.116074195967542,0.2538509613529527],[28.116074195967542,0.2535408175548355],[28.11696644574505,0.25157769285641507],[28.118929446337063,0.24943619302604247],[28.120000321257976,0.24818694297317734],[28.12032275698982,0.2467358131074775],[28.12035719562823,0.24658081765079487],[28.120000321257976,0.2449746932276753],[28.120000321257976,0.24332174380361948],[28.120000321257976,0.2430116926356618],[28.12035719562823,0.24158406835022106],[28.12214182108835,0.23979931788437625],[28.125353945828124,0.23855019283729462],[28.127317196431648,0.23872869297497346],[28.12928019612434,0.23979931788437625],[28.130886445553188,0.24087006779956255],[28.133563069879926,0.24140544320681556],[28.13499082007047,0.24265469325962385],[28.13623994601687,0.24319006776755714],[28.13784632135082,0.24229781799004968],[28.140879945053598,0.2401564431654606],[28.142843070651338,0.23908556824454763],[28.143913820566524,0.23712244264675064],[28.144627571105673,0.2333749433990988],[28.14480607124335,0.23159031793898066],[28.14712619621713,0.22944881810860807],[28.148553946407674,0.22748569341018765],[28.14889758185808,0.22490812401088078],[28.148910820777928,0.22480881817256204],[28.14874938977266,0.22222660467423339],[28.14873232064025,0.22195356780309794],[28.149802946448972,0.2196335678350465],[28.15230157066111,0.2176704431366261],[28.15332572040586,0.2149391409287773],[28.153372195570512,0.21481519276710515],[28.152658445930683,0.21195969328539377],[28.15250097104314,0.21022791198868163],[28.152479944893685,0.20999669269338028],[28.15319369633221,0.2073198183550744],[28.15319369633221,0.20428594284214796],[28.153550570702464,0.20303669278928282],[28.153550570702464,0.2005383176893929],[28.153550570702464,0.1979930762196318],[28.153550570702464,0.19768281820768152],[28.152479944893685,0.19589831775334687],[28.15087382136994,0.19464919270626524],[28.147304571349025,0.1932215684208245],[28.146656048637908,0.19273520516577491],[28.14659069580415,0.19268619301357148],[28.14712619621713,0.19054444317168873],[28.14873232064025,0.18983069263254038],[28.15230157066111,0.1900090677644357],[28.155692321443667,0.19054444317168873],[28.157119820723324,0.19054444317168873],[28.161045946013758,0.18911681798692825],[28.163366070987536,0.18804606807174196],[28.166399570583906,0.1848338183262399],[28.169076695832985,0.18144306844300218],[28.170861320393783,0.17787394342792595],[28.17157507093293,0.175018693058405],[28.17335969639305,0.1721631926773739],[28.17407357103866,0.16877256779991967],[28.175144195948064,0.1659171933239918],[28.1778213211972,0.1625264416421146],[28.180676445661618,0.1598494431974018],[28.182266777090263,0.15578530704647164],[28.182282570984,0.15574494277507256],[28.182104195852105,0.152711068161409],[28.181033570942702,0.14932044328401162],[28.179248821376177,0.14735731768621463],[28.17585807059362,0.14592969340077389],[28.17371644575752,0.14414506794071258],[28.16979044637219,0.14343131830088396],[28.168005820012752,0.1437881926711384],[28.166259093782344,0.14256547171930833],[28.166221196351273,0.14253894261827327],[28.16657827037102,0.13986245139119546],[28.166578320733095,0.1398620682799674],[28.166578320733095,0.13754206741265307],[28.165150444637447,0.13575744285185465],[28.164066346984498,0.13395031995145246],[28.163911195945104,0.1336916929174663],[28.165239196032246,0.13324906729076247],[28.166358069569412,0.13287606807625707],[28.167103694779883,0.13138469264958985],[28.167196821376365,0.1298931931165157],[28.167663071293873,0.12830856788627898],[28.169061195118218,0.1272833182706563],[28.170366320949142,0.12830856788627898],[28.17232369628175,0.12812206827896944],[28.17353544640389,0.12886794260163015],[28.17418819592865,0.13007969272382525],[28.17418819592865,0.13147806835831943],[28.174188144667312,0.13147823922952284],[28.173908320612668,0.1324100681702589],[28.173721820106095,0.13296944288566692],[28.17381173432426,0.1330102999855285],[28.17474732063249,0.13343544279160824],[28.176145446255532,0.1333421929879819],[28.17800994500311,0.13138469264958985],[28.17838282101053,0.13007969272382525],[28.181085945660016,0.13035944303402403],[28.182316926884823,0.12939231840096],[28.1823910696923,0.1293340684126747],[28.18192494478052,0.12774931817665447],[28.181320680405236,0.12669172714163324],[28.181179321368745,0.12644431825083302],[28.18201832138857,0.12607144314273455],[28.183696071416705,0.1271900666683905],[28.184441695727855,0.12914756700678254],[28.18436396012885,0.12925358358614858],[28.18341644611229,0.13054581763555007],[28.183043445998408,0.13185081666199494],[28.183107690867416,0.13193648608012154],[28.183602695708032,0.13259656777756845],[28.184814570835954,0.13259656777756845],[28.18621294557113,0.1319440682643176],[28.18751794639627,0.13231681836663256],[28.18863644581546,0.13222369266946998],[28.18910867442594,0.13112175696369377],[28.189195696424406,0.13091869274364853],[28.187983945402948,0.12942706820479088],[28.187238320192478,0.1275629426758087],[28.186678946376446,0.12597831744557197],[28.186010869706024,0.1251429147138765],[28.185933321165976,0.12504594261633883],[28.18694979609637,0.12225032179509299],[28.18705169468012,0.12197006696516155],[28.18546694624274,0.12150394295275646],[28.1836182818584,0.12150394295275646],[28.183602695708032,0.12150394295275646],[28.183696071416705,0.11963956831158384],[28.18462832124021,0.11702944255489456],[28.186678946376446,0.11609731683785185],[28.18701377296742,0.11526002373125266],[28.18705169468012,0.11516519291950544],[28.18681872530408,0.11384436312704338],[28.186772196180073,0.11358056768921188],[28.18772363393873,0.11262891589188939],[28.187890695599265,0.11246181735913297],[28.187238320192478,0.1119025676495653],[28.1869851817209,0.10886604183451709],[28.1869585707816,0.10854681668240573],[28.18807707110011,0.10891981769560743],[28.18854332101762,0.11013156781774569],[28.189661696330404,0.10994519231695676],[28.192271821187774,0.11152981844651322],[28.19376344572663,0.11050444292584416],[28.195254696147458,0.10845369278388262],[28.19534801969553,0.10659033977253785],[28.195348070956868,0.10658931814265316],[28.195348070956868,0.10587435801539868],[28.195348070956868,0.10556406672844787],[28.196466571275437,0.10630981694464481],[28.198500818857895,0.10483019475782385],[28.1985173214174,0.10481819330516373],[28.198438718871955,0.10340198681240054],[28.198424195720236,0.10314031827124381],[28.198703696018924,0.1022081925542011],[28.199356196431495,0.10071669302112696],[28.200288571260728,0.09978469320918748],[28.20084769506525,0.09931856829746266],[28.20084769506525,0.09792031766869513],[28.201779820782292,0.09670856844581976],[28.202805321308688,0.09633569243840157],[28.203923820727937,0.0968949430473458],[28.20532194635092,0.09614919283114887],[28.206067695667798,0.0954965683121145],[28.206813695895505,0.0926069422567366],[28.207378500717425,0.09123476207474823],[28.207465946296566,0.0910223179258196],[28.205881321066272,0.08925119218895361],[28.203923820727937,0.08841219306839321],[28.202432571206373,0.08757344216076035],[28.201989438362034,0.08661361912339771],[28.20187307058592,0.08636156793215832],[28.20336469602404,0.08561581771596138],[28.20522881975438,0.08449719239166598],[28.20578819626843,0.08309894266221818],[28.206067695667798,0.08179394273645357],[28.208025321011917,0.08076856811510424],[28.20877094622233,0.07955681799290915],[28.209423695747148,0.07769244335173653],[28.210728695672913,0.07610781722212323],[28.212592821201895,0.0762943177287525],[28.213618320829028,0.07620094291934265],[28.214923320754792,0.07582806781124418],[28.21660107078293,0.07666706783106747],[28.21790607070875,0.07610781722212323],[28.218465446323478,0.07415031778310777],[28.22359244623459,0.07405706708016169],[28.223965196336906,0.07554844340609179],[28.225363446066353,0.07564169320971814],[28.225829570978078,0.07703994293916594],[28.22638894569343,0.07834494196566766],[28.22778707131647,0.07881106687739248],[28.228905570735662,0.07862469317518617],[28.230397071168056,0.07797206775688892],[28.23142257079519,0.07638731842018842],[28.232914071227583,0.07517569330377682],[28.234219071153348,0.07508231759504724],[28.235337570572597,0.07368431697778988],[28.23608319578301,0.0737773176692258],[28.236363071098992,0.07526881720229994],[28.23776107081693,0.0762943177287525],[28.238600070836753,0.07657381802744112],[28.238600070836753,0.07688404905979951],[28.238600070836753,0.07806544256629877],[28.238600143681822,0.07806546504934886],[28.23981207097046,0.07843831767439724],[28.241489820998595,0.07797206775688892],[28.242608321317164,0.07759931765457395],[28.243820196445085,0.07834494196566766],[28.24484544606065,0.07964994279080884],[28.24475380424485,0.07984345711003016],[28.244006696052338,0.0814210676283551],[28.24354044613483,0.08272606755411971],[28.24354044613483,0.08375144307478877],[28.243540518979955,0.08375145566532183],[28.24465919556559,0.08393794268209831],[28.245684446080475,0.0847768176961381],[28.246709820701824,0.08580219321680715],[28.247175820607822,0.0865479434330041],[28.248014820627645,0.0847768176961381],[28.24941319626214,0.08291244305496548],[28.253514570641073,0.08281944236352956],[28.254819570566895,0.08114144322320271],[28.256031445694816,0.08253956704754728],[28.257149946013385,0.08309894266221818],[28.25752294612721,0.0842174420814672],[28.259294070964756,0.08431081779019678],[28.2619040708164,0.083565067573943],[28.263675195653946,0.08459044309461206],[28.264793695972457,0.08570906841890746],[28.264793695972457,0.08601924998856703],[28.264793695972457,0.08757344216076035],[28.264793769716846,0.0875735563747071],[28.265819070593807,0.08915806829037365],[28.26609869589828,0.09064956692412807],[28.266057075273977,0.09073742169482557],[28.2652596958784,0.09242056675589083],[28.264886945776084,0.09307306806778115],[28.265054575808165,0.09308983772598367],[28.265819070593807,0.0931663178714075],[28.266471571006377,0.09381869327825143],[28.266405085026804,0.09406252736391707],[28.266191945701905,0.09484419290532742],[28.265539446188654,0.09568306791942405],[28.265539446188654,0.09652206793924734],[28.265539519033723,0.09652203286566419],[28.267683571140083,0.0954965683121145],[28.270013695675686,0.09428494229638318],[28.27159857091749,0.09428494229638318],[28.274301695566976,0.09409856769491398],[28.275140570581016,0.09521706801342589],[28.276072821303842,0.09586956662735702],[28.276538821209783,0.09642869312983748],[28.27803019573713,0.09624231762899171],[28.279148821061426,0.0981066931695409],[28.2805471957966,0.09931856829746266],[28.28119969620917,0.09987769300130367],[28.28119969620917,0.10018801036852665],[28.28119969620917,0.1014624432373239],[28.28119976995356,0.10146248190818596],[28.282597820932835,0.1022081925542011],[28.283809696060814,0.10239469306077353],[28.287072321330754,0.10547081782414125],[28.288284070553573,0.10556406672844787],[28.28865694566167,0.10630981694464481],[28.28977569599175,0.10612331823671184],[28.290707820809473,0.10696219325075162],[28.291266946412634,0.10742831816253329],[28.29120691127008,0.10768847494330203],[28.29098732110816,0.10864006828467154],[28.29103479002373,0.10874448856748131],[28.291453446019887,0.10966544290602087],[28.291919695937395,0.11059756772374385],[28.29331782066106,0.11106381764125217],[28.294063445871473,0.11013156781774569],[28.295648071101766,0.10864006828467154],[28.296393821317963,0.10873331808829789],[28.297139445629057,0.1092926928037059],[28.297325946135686,0.11069081662805047],[28.297419195939312,0.11199581655387192],[28.297978445648937,0.11274156766938859],[28.30012257060031,0.1136738165935185],[28.303851070770463,0.11432631790540881],[28.304596945992444,0.113860192993684],[28.30618157122268,0.11553794302182041],[28.30606767388423,0.11572777731521455],[28.305342571202857,0.11693631775699487],[28.30552868410166,0.11693631775699487],[28.30730007064193,0.11693631775699487],[28.309071196378795,0.11749556656729965],[28.309910071392835,0.11824131768281632],[28.311028570812084,0.11768194296746515],[28.312427070553042,0.11516519291950544],[28.313545570871554,0.1152584427231318],[28.313545570871554,0.11665656744679609],[28.314571071398007,0.11684294294764186],[28.31475732099375,0.11824131768281632],[28.315689445811415,0.11935994300711172],[28.316155695728924,0.12019894212761528],[28.316435196027612,0.12094456823740529],[28.317367320845335,0.12057169312930682],[28.319697821297552,0.1202919428190512],[28.32063007112106,0.11917344339985902],[28.3211891958249,0.1187074416952214],[28.321841821243197,0.11945306780501141],[28.323519696277117,0.1197328181152102],[28.32417232079615,0.12346144239182877],[28.32412542744669,0.12350406576018713],[28.32314682116902,0.12439356810881463],[28.32193507104688,0.12430031740586855],[28.321375696331472,0.1248595680148128],[28.3215308149953,0.12501468667858262],[28.322028195844723,0.12551206842738338],[28.323985821188842,0.12607144314273455],[28.325197446305253,0.1271900666683905],[28.32594319562213,0.127376443068556],[28.326036446325077,0.12607144314273455],[28.327434571048798,0.12663069285235906],[28.32799414541364,0.12616473611382162],[28.32799419577566,0.1261646929463609],[28.32799419577566,0.12442405512621235],[28.32799419577566,0.12411394280439936],[28.32873982098613,0.12383431839924697],[28.3293923213987,0.1261646929463609],[28.33032432121064,0.12663069285235906],[28.330883570920207,0.12774931817665447],[28.330976945729617,0.12942706820479088],[28.332188713838264,0.12709023472672243],[28.33228194565544,0.1269104422632381],[28.331942519931488,0.12643530074871023],[28.331815820743714,0.12625794185072436],[28.333739082093132,0.12424293886067517],[28.33377332108205,0.1242070676022422],[28.33353174699272,0.12227448028318122],[28.333493695777577,0.12197006696516155],[28.335917446033477,0.12159706685133642],[28.33768844586524,0.12290206767642076],[28.33843432108722,0.1242070676022422],[28.340112071115357,0.12411394280439936],[28.34124673135176,0.12210666678942061],[28.34132394624328,0.12197006696516155],[28.340703984201696,0.12057499723852061],[28.34057819602708,0.1202919428190512],[28.342722070966943,0.11982594201379015],[28.345052446413433,0.12001244341968231],[28.34502987882604,0.12032088839845301],[28.34477282110896,0.12383431839924697],[28.344794903062507,0.12384377836781368],[28.345425445627995,0.12411394280439936],[28.346543820940724,0.12271569307495156],[28.348221695974644,0.1197328181152102],[28.349620070709875,0.11852094298728844],[28.3500861956216,0.12001244341968231],[28.350738571028387,0.12019894212761528],[28.35260294566956,0.11926669230416564],[28.35315682192993,0.11808001168333249],[28.353255571087914,0.11786844257471785],[28.352136820757835,0.11674994315552567],[28.35148493997815,0.11580824865188788],[28.35129782073801,0.11553794302182041],[28.35260294566956,0.1152584427231318],[28.353348695885757,0.11358056768921188],[28.35502669592546,0.11404656759515319],[28.356051821434562,0.11255519216854282],[28.35782294627211,0.1130211929738607],[28.35950082130603,0.11395344279731034],[28.359473999925342,0.11424875587556471],[28.359314570810966,0.11600419293932873],[28.359334545652928,0.1160940990635595],[28.35968732091328,0.11768194296746515],[28.360805946237576,0.11842781729006902],[28.362576946069396,0.11842781729006902],[28.36388194599516,0.11889394310117041],[28.365280320730392,0.11749556656729965],[28.367237821068727,0.11805494308134712],[28.36882269631053,0.11740244266877653],[28.370220821034252,0.11852094298728844],[28.370220821034252,0.11963956831158384],[28.371339321352764,0.12103781714171191],[28.372644446284312,0.12206306765659747],[28.373296820791836,0.12103781714171191],[28.374508820925485,0.1216903175542825],[28.3746018207176,0.12280894197925818],[28.375720446041896,0.12224956816322674],[28.37683907136619,0.12159706685133642],[28.37786444598754,0.12271569307495156],[28.379262820722772,0.12402069210139643],[28.379449071217834,0.12504594261633883],[28.381126946251754,0.1242070676022422],[28.381779570770732,0.12206306765659747],[28.38261844578483,0.1189869428932866],[28.38345732079887,0.11674994315552567],[28.384109946217222,0.11665656744679609],[28.38569457144746,0.11796169327766393],[28.38709294618269,0.11805494308134712],[28.387592083408094,0.11747245039344989],[28.38765207088653,0.11740244266877653],[28.387279195778433,0.11591094313570238],[28.387050571926522,0.11446295819911256],[28.38699957137328,0.11413994330388277],[28.388864071020237,0.11460581820409743],[28.38951632142124,0.11516519291950544],[28.39128757126457,0.11469919301350728],[28.393524696008058,0.11395344279731034],[28.39510932123835,0.11255519216854282],[28.395575321144293,0.11097044283184232],[28.39678719627227,0.11162294324441291],[28.39911769582517,0.11171619214871953],[28.400061155697927,0.11124435744130778],[28.40023619614368,0.11115681743331152],[28.39921082062301,0.10985181660822718],[28.399138239038678,0.10876210808498854],[28.39911769582517,0.10845369278388262],[28.40023619614368,0.10836044298019942],[28.40238032109511,0.10891981769560743],[28.402473320887225,0.11041119222289808],[28.403591821205737,0.11152981844651322],[28.40489682113156,0.11171619214871953],[28.40787994610281,0.11078394322458962],[28.40881219592626,0.10985181660822718],[28.41011719585208,0.11106381764125217],[28.410955945860394,0.11236881756701678],[28.41226094578616,0.11311444277748706],[28.414684571036275,0.11441944180393193],[28.41720144609002,0.11311444277748706],[28.418972570927565,0.1130211929738607],[28.419438570833563,0.11395344279731034],[28.419361060065057,0.11410848591805234],[28.418972570927565,0.11488556761503332],[28.419085434045712,0.11497021540327523],[28.420091071246134,0.11572444262907311],[28.421582571678528,0.1149788183179794],[28.42298082140792,0.11591094313570238],[28.423726570724796,0.11684294294764186],[28.425031570650617,0.11712281826362414],[28.427921445818242,0.11721594216214726],[28.428667019767317,0.11553805723571031],[28.428667071028656,0.11553794302182041],[28.428667071028656,0.1137043899457808],[28.428667071028656,0.1133941921883661],[28.4292916717734,0.1126802087248393],[28.429319572340546,0.11264831786576224],[28.42915765300347,0.1110296730811342],[28.429133070934654,0.11078394322458962],[28.42987882115085,0.10882644198687785],[28.43137019567814,0.10854681668240573],[28.433234696224417,0.10724181765590401],[28.43444657135234,0.10705544215511509],[28.43528519635487,0.10593681773013941],[28.43690346971954,0.10593681773013941],[28.436963196394572,0.10593681773013941],[28.436497195589254,0.10351319158070282],[28.435937820873903,0.10230144235782745],[28.434912571258337,0.10136931843948105],[28.433887195737668,0.09997106781071352],[28.433887195737668,0.09906948127172654],[28.433887195737668,0.09875919268273492],[28.43519219566349,0.09959819270261505],[28.4370565721033,0.10053031841960092],[28.437335945597567,0.09857269307548222],[28.438701011242813,0.09754918095012499],[28.43882769604153,0.09745419275697031],[28.438035069563,0.09610707757974524],[28.437895321212295,0.09586956662735702],[28.44022569575941,0.09465769329807472],[28.440211919044998,0.09497527538883332],[28.440132695967293,0.09680156823793595],[28.440145609332546,0.09681349144960905],[28.441344321083704,0.09792031766869513],[28.441220518612226,0.09811632131135184],[28.44022569575941,0.09969131839977763],[28.43864119643422,0.10043706771665484],[28.43854782072549,0.10164881783884994],[28.438567283853217,0.1017072081212973],[28.43901394563727,0.10304719167470466],[28.440132695967293,0.10314031827124381],[28.44153069568523,0.10360644318296863],[28.442276695912938,0.10435219339916557],[28.447216946205288,0.10211506775635826],[28.448801696441308,0.10230144235782745],[28.4502930709686,0.1014624432373239],[28.45122519578632,0.10239469306077353],[28.45215744560977,0.10351319158070282],[28.453928571346637,0.10323369308065367],[28.454860821170143,0.10295381776461454],[28.45579294598781,0.10379281778449467],[28.456649323607564,0.10319326136010432],[28.45672494579975,0.10314031827124381],[28.456310432080954,0.1017307658623281],[28.456258945893808,0.10155569214163052],[28.45691897992714,0.09982289820834467],[28.45700457110422,0.09959819270261505],[28.455979195583552,0.09857269307548222],[28.454819786903784,0.0975025061359247],[28.454767446360734,0.09745419275697031],[28.45514019556373,0.09558994312152436],[28.45691144630638,0.09531019281132558],[28.458123196428517,0.09633569243840157],[28.460546945785097,0.09605594302752252],[28.462318070622644,0.09633569243840157],[28.46332994731938,0.09504755929759767],[28.463343196131746,0.09503069341195669],[28.463264247347297,0.09329212133451392],[28.463250071333903,0.0929799432699383],[28.465300945582328,0.0932595676750907],[28.46679219600321,0.09279331775758237],[28.467538071225192,0.09419156658771044],[28.467462800667874,0.09436090263369579],[28.46679219600321,0.09586956662735702],[28.466819815082545,0.09611773004934321],[28.46688557081262,0.09670856844581976],[28.468563320840758,0.09764069326354274],[28.469215946259055,0.09605594302752252],[28.469942429399737,0.0951476259623405],[28.469961570570206,0.0951236923046963],[28.469795402835757,0.09263217093808862],[28.469775070962896,0.09232731785158421],[28.471173320692344,0.09195456774926924],[28.472851195726264,0.09055619301403794],[28.47462232056381,0.09036981841256875],[28.475088446374855,0.09130194233091515],[28.474993014815936,0.09142121491731814],[28.473969696044776,0.09270019295968268],[28.47416069855757,0.09277181856475636],[28.47471569627254,0.0929799432699383],[28.476207195805614,0.0943780679936026],[28.477884821727287,0.0931663178714075],[28.478071321334596,0.09120869342660853],[28.479003446152262,0.09111556772944596],[28.48012219558302,0.0926069422567366],[28.480588321394066,0.0945645676008553],[28.480532531950928,0.09464062776294213],[28.47956282086767,0.09596269322389617],[28.479720158158955,0.09605845933060664],[28.481706821712635,0.09726769314966077],[28.48319832124571,0.09698806694586892],[28.484876196279572,0.09605594302752252],[28.485366131641854,0.0958382009723664],[28.485715196299452,0.09568306791942405],[28.484147311949073,0.09498620395032731],[28.484037321265532,0.09493731770322711],[28.484782945576626,0.0931663178714075],[28.48664732111712,0.09363231777740566],[28.487486322036318,0.09279331775758237],[28.49074869639537,0.09027656770956582],[28.49224032093423,0.09120869342660853],[28.49410444736253,0.09167481833833335],[28.493987384410445,0.09195579442450708],[28.493638445657893,0.09279331775758237],[28.49374709904953,0.09284273010808874],[28.49466369617278,0.0932595676750907],[28.495316445697597,0.0940051919861844],[28.496155320711637,0.09270019295968268],[28.49652807171333,0.0910223179258196],[28.498112696044245,0.09148844283754443],[28.49857882095597,0.09288656756120872],[28.500443070591416,0.09232731785158421],[28.50146857111781,0.09120869342660853],[28.503985446171555,0.09223406804795786],[28.503909269996996,0.09251331383853767],[28.503705695861356,0.0932595676750907],[28.503742951176434,0.09343335716386036],[28.503985446171555,0.0945645676008553],[28.503985446171555,0.09568306791942405],[28.504544571774716,0.09633569243840157],[28.50538357089522,0.09475094310170107],[28.50538357089522,0.09344594317587962],[28.50668857082104,0.0932595676750907],[28.508459695658587,0.09363231777740566],[28.510044195883097,0.09270019295968268],[28.51228169564388,0.09148844283754443],[28.514425570583796,0.09176806724269682],[28.51656957142876,0.09139519303391808],[28.51852694586205,0.0926069422567366],[28.519459070679716,0.09195456774926924],[28.520950696117893,0.09335269337225327],[28.520890851631634,0.09360701355296897],[28.520577821009795,0.09493731770322711],[28.520645854722602,0.09495825302110461],[28.524005262333162,0.09599199583408335],[28.524213072275643,0.09605594302752252],[28.523401940447343,0.09459586310873647],[28.52328094565928,0.0943780679936026],[28.524865821800404,0.0931663178714075],[28.526357072221288,0.0943780679936026],[28.527289321145417,0.09531019281132558],[28.527289321145417,0.09642869312983748],[28.528967071173554,0.09605594302752252],[28.52952644678828,0.09465769329807472],[28.530272071998695,0.09419156658771044],[28.530831445814727,0.09531019281132558],[28.531483946227297,0.09596269322389617],[28.532882195956745,0.09614919283114887],[28.533161946266944,0.09698806694586892],[28.534280395324174,0.09652209042229742],[28.534280445686193,0.09652206793924734],[28.534280445686193,0.09524756222538144],[28.534280445686193,0.09493731770322711],[28.53586507091643,0.0945645676008553],[28.537449946158233,0.0954965683121145],[28.538009071761394,0.09605594302752252],[28.539407320591522,0.09484419290532742],[28.5409920708276,0.09531019281132558],[28.542390197349903,0.09531019281132558],[28.543975070793067,0.09605594302752252],[28.5443476958896,0.09764069326354274],[28.544293126826517,0.09771863570665573],[28.543695196376405,0.09857269307548222],[28.543728135844958,0.09883612338853709],[28.543881695983657,0.10006419260855637],[28.545559571017577,0.1014624432373239],[28.547330695855067,0.10258106766229957],[28.549474645438693,0.10211507764887529],[28.54947469580071,0.10211506775635826],[28.54947469580071,0.10046754034488004],[28.54947469580071,0.10015744331150245],[28.550313445809024,0.0975475666670036],[28.552271197058246,0.09670856844581976],[28.552506480389923,0.095375014145759],[28.55255082236272,0.0951236923046963],[28.551991445848728,0.0943780679936026],[28.550686394661568,0.0943780679936026],[28.550686320917123,0.0943780679936026],[28.550686320917123,0.09307306806778115],[28.55178881600125,0.09230979366219572],[28.5518981960451,0.09223406804795786],[28.551347320822344,0.09105347044146583],[28.551245820638258,0.09083594332429357],[28.553389695578176,0.0888784420865818],[28.555254071118668,0.08925119218895361],[28.555254071118668,0.08956143401314876],[28.555254071118668,0.09120881843239204],[28.55469469640326,0.09223406804795786],[28.55476797586158,0.0924099475611797],[28.55516082131504,0.09335281657939731],[28.55693194615253,0.09465781830385822],[28.55805044557178,0.09419169339207656],[28.558982571288823,0.0940051919861844],[28.559914821112272,0.09465781830385822],[28.559805657805043,0.09489167890802719],[28.55926219569392,0.09605594302752252],[28.559334231389812,0.09621200508013317],[28.559821572207966,0.09726781725612454],[28.559821572207966,0.09757791428950213],[28.559821572207966,0.09866606788489207],[28.559821645053034,0.09866609036794216],[28.562338321356606,0.09941181720176928],[28.564109446194152,0.09950494289893186],[28.56522819562491,0.09792031766869513],[28.566999196355994,0.09745419275697031],[28.567372070564772,0.09586944342021297],[28.568583945692694,0.09493731770322711],[28.570541321924622,0.0957763177230504],[28.571566695646652,0.09736106795907062],[28.57152419278742,0.09760552077830198],[28.571193946443657,0.09950494289893186],[28.57122574017592,0.09963210343897799],[28.571753321159008,0.10174219264825979],[28.57361744578867,0.10314031827124381],[28.575761445734315,0.10388606758812102],[28.576973320862237,0.1039793182910671],[28.578702091228706,0.1039793182910671],[28.57874432159332,0.1039793182910671],[28.578502105387997,0.10220292432563838],[28.578464696288847,0.10192856814904871],[28.580888447444067,0.09959819270261505],[28.583311820883978,0.09959819270261505],[28.585483250152038,0.09914580673375895],[28.585549195639032,0.09913206689151366],[28.585207319262565,0.09759368120359113],[28.585176321430254,0.09745419275697031],[28.585549195639032,0.09540331760916843],[28.5877862700205,0.09531019460996504],[28.58778632128184,0.09531019281132558],[28.58778632128184,0.09381881738465836],[28.58695089606715,0.09290752895947207],[28.586760820755444,0.09270019295968268],[28.58899819640982,0.09148819282597742],[28.59058269573501,0.09232731785158421],[28.591701321059304,0.09176806724269682],[28.592913196187226,0.09176806724269682],[28.594031697405057,0.0924204426494839],[28.59394552796391,0.0926804033780968],[28.593772571247314,0.09320219272717623],[28.593558321259707,0.09405894266620862],[28.593630526927427,0.0940805884485485],[28.594272195905262,0.09427294174304279],[28.59627094634726,0.0941301923546689],[28.59648507132914,0.09334494301486984],[28.596913321292902,0.09234544188876725],[28.59777007213131,0.0913461916735514],[28.59834891716895,0.09059348969793746],[28.59848382087182,0.09041806793965179],[28.597627320944298,0.08956169301785621],[28.59679563870793,0.08885783232324229],[28.596699321316805,0.08877631777301076],[28.59727032066894,0.08742006818175696],[28.597912695614582,0.08584956770357621],[28.59962607138624,0.08492181808759369],[28.600625571613023,0.08492181808759369],[28.60126782065356,0.0840650681485613],[28.603409321383253,0.08413644284274824],[28.60469419628032,0.08413644284274824],[28.604979695956388,0.08299444323910166],[28.605051072449214,0.08199506801815915],[28.605479447418702,0.08063856841533834],[28.605907820589607,0.07799744212843507],[28.605907820589607,0.07637999344211721],[28.605907820589607,0.07607006817926276],[28.605679085221766,0.07504110436366318],[28.605622195907756,0.0747851932821959],[28.60726407108018,0.07321469280401516],[28.607609063607583,0.07223749936127888],[28.607692446049725,0.0720013176068619],[28.606407446146875,0.070859067991762],[28.60469419628032,0.07043081802800089],[28.604316799380967,0.06978375671513959],[28.604194570723052,0.06957419309469515],[28.60540819593166,0.06857481697437606],[28.60697844729765,0.06936006811281459],[28.6070499460983,0.06821794260412162],[28.608334695989583,0.06900319194392068],[28.609191445928673,0.06864619256788274],[28.60926282062286,0.06757544265269644],[28.610179708227122,0.06659743712219779],[28.61033357143731,0.06643331804338004],[28.60890582124682,0.06507694344634274],[28.607620946349755,0.06343494326819155],[28.607421050441303,0.06278536924952505],[28.607335445774368,0.0625071927528893],[28.60847757128306,0.06207881778340152],[28.611118820777108,0.062007442189894846],[28.612403695674175,0.0627926924289568],[28.613403071794494,0.06407744321961673],[28.614116821434322,0.06493419315864912],[28.615259196055206,0.0655766931100743],[28.616686696234183,0.06443444259559783],[28.617024649767927,0.06364591702561029],[28.617115071203727,0.06343494326819155],[28.616423229948282,0.06267417167583744],[28.616401195658796,0.06264994214126318],[28.616472571252302,0.06172194341314707],[28.617543446173272,0.06165056781958356],[28.618185947024017,0.06207881778340152],[28.619141220391157,0.0613964787646637],[28.619185197239233,0.061365067244196325],[28.61897094725157,0.06000881765299937],[28.617900196437063,0.05843831807408151],[28.61737268919842,0.05754137113751767],[28.617186445897914,0.05722469286541809],[28.6192565710341,0.057296067559605035],[28.620327195943503,0.05843831807408151],[28.621398070864416,0.05908081802550669],[28.622611571067296,0.05829556778638789],[28.6234681960006,0.05786719191752354],[28.6234681960006,0.057010692889321035],[28.6234681960006,0.05572581799225418],[28.625395571748413,0.05622544265020224],[28.626394946969413,0.0567251923139338],[28.628179570630834,0.055868443274221136],[28.629036072356996,0.05444081808946066],[28.63074944633007,0.0550118183409154],[28.632748070866967,0.053584193156154925],[28.634675445715402,0.053798442244499256],[28.635817571224095,0.05401231811413254],[28.638387446923275,0.05386969283222243],[28.639815071208716,0.053370068174274365],[28.64138544578185,0.05351281666332852],[28.64288457066658,0.053798442244499256],[28.64366982180502,0.053798442244499256],[28.645382946665848,0.05372706844963204],[28.646525196280948,0.05372706844963204],[28.64766732089032,0.05401231811413254],[28.648309820841746,0.05444081808946066],[28.64973744602645,0.05486906805322178],[28.65073682124745,0.054940442747408724],[28.651664945880725,0.05515469273501594],[28.65230744673147,0.056368192937895856],[28.653306696946686,0.056796442901656974],[28.654163320980672,0.05686781759584392],[28.655234195901585,0.05579706678139473],[28.655947822334326,0.05479781656612204],[28.657660947195097,0.05386969283222243],[28.65908869738564,0.05351281666332852],[28.66058769636527,0.053798442244499256],[28.66215819594413,0.053798442244499256],[28.66315757206445,0.05351281666332852],[28.664870696925277,0.05372706844963204],[28.66579869655277,0.05279906792281963],[28.666941072072973,0.053084567598887133],[28.668439946946137,0.05315594229307408],[28.66922532129172,0.054226693107580104],[28.669582196561294,0.055083318040829],[28.670652820571377,0.05622544265020224],[28.67129532232144,0.05593981706908835],[28.67229469664312,0.05593981706908835],[28.673793820628475,0.0569390672843042],[28.675364322006033,0.05822406718709772],[28.67607807074654,0.059294942108067517],[28.67722032126096,0.0591520668145904],[28.678576570852215,0.06008006824072254],[28.680646570982617,0.06043706761676049],[28.681788820597774,0.06186481780724762],[28.683573321951428,0.06364931826158227],[28.684786947160035,0.06471994227166533],[28.685928945864305,0.06514844224699345],[28.686928321984624,0.06550531841588736],[28.687285321360662,0.0663616933376261],[28.688213320988154,0.06700419328905127],[28.68906994682078,0.06857481697437606],[28.689997946448216,0.06957419309469515],[28.69178244690255,0.06871756726206968],[28.694566571690075,0.06778956673525727],[28.696493820633464,0.06793231792227061],[28.698349945793552,0.06778956673525727],[28.69970619628407,0.0669329427013281],[28.70177619641447,0.06571944339776792],[28.703489447180402,0.06450594229556827],[28.704845695872336,0.06372069295576921],[28.705131196447724,0.062435693052975694],[28.70634482075701,0.06207881778340152],[28.707629696553397,0.06207881778340152],[28.709057321738157,0.06150781663257021],[28.71005682106562,0.061579193125396614],[28.711341570956904,0.06129369344932911],[28.712483820572004,0.06072256729282799],[28.71376869636839,0.06129369344932911],[28.71505369717056,0.06079394288633466],[28.715981696798053,0.0602943182283866],[28.71728752499945,0.05938020413327649],[28.717409321982814,0.059294942108067517],[28.71659039393171,0.05778294972350295],[28.71648132235532,0.05758156723567254],[28.71769482165888,0.056368192937895856],[28.71876557067469,0.05686781759584392],[28.720571574818507,0.055864495250432356],[28.720692946422503,0.05579706678139473],[28.720230882849137,0.054872941433245614],[28.720193320865235,0.05479781656612204],[28.720478821440622,0.05301306789891669],[28.722120695713727,0.051585442714156216],[28.724333446131823,0.0511571927503951],[28.725404321052736,0.05229931825908807],[28.726260820980258,0.05322731788658075],[28.726903320931683,0.05187106739600722],[28.728116821134563,0.05258481793515557],[28.729330571348953,0.05265619262934251],[28.729901571600408,0.05122856744458204],[28.73125782119166,0.05194231798373039],[28.73239982169457,0.05194231798373039],[28.733756197190928,0.05172806799612317],[28.736040446409618,0.05194231798373039],[28.738895820885602,0.05215656797139445],[28.740680446345664,0.052442067647461954],[28.742322445624552,0.0539410684257291],[28.743107445852104,0.05593981706908835],[28.744106821972423,0.057510318446588826],[28.745820071839034,0.05872381775014901],[28.747319070818605,0.058866568037842626],[28.748818195703336,0.05936631770157419],[28.749674697429498,0.06050831820448366],[28.75153082169021,0.060651192598641046],[28.753529447126425,0.060865317580521605],[28.75617069662053,0.06193619340075429],[28.758312197350165,0.06300681831015709],[28.761024820639136,0.06407744321961673],[28.761738696184068,0.06529119163536734],[28.762880821692704,0.06564806780426125],[28.764593946553532,0.06679019331295422],[28.76616444613245,0.06778956673525727],[28.767806321304874,0.06800369261645756],[28.76816319657445,0.06893169314326997],[28.769305322083085,0.07000256806423977],[28.769662320559803,0.07150156794318718],[28.770019196728697,0.0725009431641297],[28.771446821014138,0.07300069192854153],[28.772017947170696,0.07435694241911506],[28.772017947170696,0.0746670241640004],[28.772017947170696,0.07592731789156915],[28.772017947170696,0.07799744212843507],[28.772018020015764,0.07799767325417406],[28.772589070629294,0.07978206758849637],[28.774016695813998,0.0811384430848534],[28.775230196016878,0.08156669304861452],[28.775587072185772,0.08285156704636165],[28.775587072185772,0.08316155885898979],[28.775587072185772,0.0850644433695038],[28.775230196016878,0.08727744289984685],[28.774801946952437,0.0885623177969137],[28.774801946952437,0.08887241662887391],[28.774801946952437,0.0902041929692814],[28.77494469634081,0.09170294283671865],[28.775570571424907,0.09425456679497302],[28.77593069594502,0.09677019179105173],[28.77589365107133,0.09682205299549196],[28.77499182081607,0.09808456804853449],[28.774522446653748,0.10033744261903621],[28.772738821239784,0.1005250672781699],[28.771894071854092,0.10212106803300003],[28.771706322189175,0.1039984432737242],[28.7715186957314,0.10503106733006007],[28.769828821043404,0.10493694338538262],[28.768514696596128,0.10606356817930873],[28.768514696596128,0.10728394279988152],[28.767482070741153,0.11047544338714488],[28.766167947193196,0.1118835676726917],[28.764853695941497,0.11282231779591712],[28.76344557165595,0.11516906809816874],[28.76100494562189,0.11573206798072988],[28.75847057066045,0.11685869277459915],[28.757437945704794,0.11864231818861981],[28.757512122686478,0.11882437784294098],[28.75847057066045,0.12117681815578862],[28.75847057066045,0.12148689270611612],[28.75847057066045,0.12324181805564649],[28.75725032104566,0.12455606840796918],[28.756686947045125,0.12643356775510028],[28.756738289340717,0.12657292580001922],[28.757344070872364,0.12821719226974437],[28.758001195598865,0.12934356795148005],[28.758282946900636,0.13103319262791047],[28.758564446392256,0.1329106928743613],[28.75865819621896,0.1346943173890054],[28.758643400572623,0.1347220587761626],[28.75790732076638,0.1361021916629852],[28.75640532074914,0.13769806831135156],[28.756029822318624,0.1404201929377109],[28.755654446195877,0.14267319341331586],[28.75570023427855,0.14270841805921464],[28.756874695810723,0.14361194263722155],[28.75725032104566,0.14548944288361554],[28.757719572000838,0.14652194283354447],[28.757676507964618,0.14673730798051565],[28.75725032104566,0.14886869313585294],[28.757294608159782,0.1489572745587111],[28.757813446833268,0.14999506791821204],[28.759127571280544,0.15140319220370202],[28.75997244657134,0.15309281777945216],[28.76006632230309,0.1548764422941531],[28.76062957219716,0.15778644338979575],[28.760723446130328,0.1599454431278673],[28.762037822387754,0.16116569274271342],[28.76222532204116,0.1626676927599533],[28.762208135097524,0.16283977533549887],[28.762037822387754,0.16454506800067747],[28.762056396085995,0.16466895141115856],[28.762319320980055,0.16642256734775174],[28.76363344632665,0.1668919433087126],[28.765041447405054,0.1679244432585847],[28.765041447405054,0.16823464371401542],[28.765041447405054,0.1694264432758814],[28.765041520250122,0.1694285791657535],[28.765135322237484,0.17214869290802426],[28.765698572131555,0.1744014433720622],[28.766261822025626,0.17543419243418157],[28.76738832091445,0.17646669328343023],[28.767951446702057,0.17759319307157284],[28.767842003705653,0.17768441580329863],[28.767951520446502,0.17790344838562078],[28.767531492984176,0.1782534708211756],[28.76823307119946,0.17918894291551624],[28.76945332081425,0.18031544270365885],[28.76945332081425,0.1806256296692368],[28.769453394558695,0.18062569801770678],[28.769453394558695,0.18162983964555224],[28.770298196105045,0.1833193177324688],[28.770392070937476,0.18416406801748053],[28.77076757206595,0.18538444263805332],[28.771800197021662,0.18651094242619592],[28.771673442075837,0.1866829593512307],[28.771800144860947,0.18682119774024386],[28.770725213997594,0.188279967346773],[28.770715330448297,0.1882933807351037],[28.776824894553386,0.18792676580773104],[28.78134577029124,0.18530939061605523],[28.78658064478111,0.18197814077871044],[28.794194895178407,0.17983676595412135],[28.79990564502964,0.17507776592634627],[28.81085114526428,0.17079476626560108],[28.820606894592686,0.17031889090424102],[28.824414019791334,0.17031889090424102],[28.831076520365286,0.17008101572645273],[28.835835395387335,0.16746339142252964],[28.840356395231595,0.16698764106695307],[28.843687770074666,0.16341839104609335],[28.849398394920172,0.16246664122269294],[28.85534714495492,0.16222864103912116],[28.860819769616853,0.16032514139232035],[28.867958145552166,0.16032514139232035],[28.872241145212854,0.1586595160239881],[28.87961752133168,0.15651801619367234],[28.88889752030451,0.15532826618670015],[28.898891144810648,0.15390064100193968],[28.911264396135152,0.15080726634244002],[28.913560520002136,0.1490583907323071],[28.9137747699898,0.14805901641062746],[28.91448851962963,0.14713101498449532],[28.91448851962963,0.14598889127449866],[28.91448844588524,0.14598880134224146],[28.91448844588524,0.14597606784144546],[28.913850876017307,0.14519696716644148],[28.914559895223135,0.1442042658143805],[28.915273644862964,0.1428480162231267],[28.915844770120202,0.1428480162231267],[28.9168441453412,0.14213414067819485],[28.91784351966288,0.14020676582975966],[28.91784351966288,0.14019404222142384],[28.91784357092422,0.1401939432960262],[28.91784357092422,0.13863620329829018],[28.918771520189694,0.13749426574793233],[28.919057144871488,0.138136640693574],[28.920056395086704,0.13792251571169345],[28.920056395086704,0.13656626612043965],[28.920841770331606,0.13606651555738836],[28.921841144653285,0.13478151565459484],[28.92262626988662,0.13513864093567918],[28.923554270413433,0.13620926584508197],[28.92569577024375,0.13713726637189438],[28.926980645140816,0.13849364096893169],[28.928693895007427,0.13849364096893169],[28.929907395210307,0.13899326562687975],[28.931834770058742,0.13977851586599854],[28.93361939461954,0.14056364109933384],[28.9350470198043,0.14142039103836623],[28.9350470198043,0.14140753702838538],[28.93504707196496,0.14140756760531303],[28.93504707196496,0.13927861241819528],[28.935332645385415,0.13842226627474474],[28.936617520282482,0.13720864106608133],[28.93768827019767,0.1358523905755078],[28.93775976989764,0.13456751567844094],[28.93940152006428,0.13471026596613456],[28.94040089528528,0.1339250157270726],[28.94039507667162,0.1339167059913393],[28.940400820641514,0.13391219319333914],[28.939901144722228,0.13319854787482655],[28.939901144722228,0.13185476558510345],[28.939972520315735,0.13099826565758121],[28.941328894912715,0.13014164072427548],[28.941828519570663,0.12928514079675324],[28.942328270133714,0.1283571411693174],[28.94297077008514,0.12707214126646704],[28.943755895318475,0.12657239070341575],[28.944469769964087,0.12657239070341575],[28.945326395796712,0.12692939097877343],[28.94532529232856,0.12691613766975252],[28.945326322052267,0.12691656844503996],[28.94525494555944,0.126060067618198],[28.94418419744295,0.12506069329651837],[28.943830634376468,0.12414130917426291],[28.94411276968873,0.12378851592740148],[28.945255020203206,0.12300326568833952],[28.945754644861154,0.12186114107896628],[28.946111520130728,0.12086176585796693],[28.946254396323525,0.11971964034927396],[28.947110895351727,0.1192200156913259],[28.94772952010146,0.11864889133340739],[28.94891939511416,0.11745914132649204],[28.949990020023563,0.11579351595815979],[28.950703894669175,0.11507964131254766],[28.95082289476096,0.1135330160360013],[28.951465394712386,0.11162939138347383],[28.952321896438548,0.11020176619871336],[28.95289301989709,0.10863139072625927],[28.954606144757918,0.10827439135022132],[28.95553414528473,0.10684664115973419],[28.956890520781087,0.10591876563870528],[28.957104645762968,0.10413414107790686],[28.957103769823277,0.10412800770154718],[28.957104572018523,0.10412131674553393],[28.956890572042425,0.10262231776590625],[28.956176697396813,0.10140881756302633],[28.955034446882394,0.10076631671228142],[28.954325961873792,0.09984500264494045],[28.95510589532097,0.0989231408904061],[28.956319519630313,0.0978523909752198],[28.956395896353683,0.09514964134302772],[28.958923395098793,0.09444751633998294],[28.96145101974895,0.0954305158058446],[28.962012769573846,0.09388589062149322],[28.962010739803986,0.09387844693293346],[28.9620126958294,0.09387306808775975],[28.961593470562377,0.09233528674423042],[28.962134270680224,0.09071264087583586],[28.962293644935926,0.0902348913273272],[28.962291866976273,0.09022718323808476],[28.962293572090857,0.090222067894274],[28.961873193892927,0.0883996817001389],[28.962012769573846,0.08672414130626294],[28.96439989583871,0.08630289076597819],[28.96622551959223,0.08630289076597819],[28.96706801977348,0.08419651575673015],[28.967208395850946,0.08209014074753895],[28.969595645322954,0.08026464110048437],[28.97156164515394,0.07872001591618982],[28.971560828569523,0.07870777614311919],[28.971561571409552,0.07870719338245635],[28.971421197130724,0.07660081837320831],[28.969314822121532,0.07463494264862902],[28.968051072299318,0.07421356710261762],[28.967067946928353,0.0730901933578707],[28.966927570850885,0.07112419262756475],[28.966578662675317,0.06891181992472184],[28.966792144641943,0.06731039086201918],[28.968576771001324,0.06659664122219056],[28.96964752001719,0.06731039086201918],[28.97143214637663,0.06731039086201918],[28.97285977066207,0.06623964094683288],[28.975001269593065,0.06552589130700426],[28.976428894777825,0.06540689121521837],[28.977142770322757,0.06671564131397645],[28.978094521045477,0.06861926596650392],[28.97857051961398,0.06933301560633254],[28.978927394883556,0.07135551624423897],[28.97928427015313,0.07290226562719226],[28.980355020967636,0.07397301644169829],[28.98202064543659,0.07528163973603341],[28.98356719696875,0.0757576176201269],[28.98356719696875,0.07741044293777577],[28.98356726981382,0.0774107010431635],[28.98356726981382,0.07742326637082897],[28.984043270180962,0.07908888994046492],[28.984876019912576,0.0808733912941193],[28.985352021178983,0.0818251411175197],[28.986303770103063,0.0830148911244919],[28.987850270373826,0.08432364122324998],[28.988205529561696,0.08574380833027817],[28.987612447356753,0.08740394333744916],[28.986184822171992,0.08978356835717705],[28.986185584797056,0.0897950320152745],[28.986184770910597,0.08979639089091052],[28.986302973303737,0.09156893575794811],[28.98570882180485,0.09228181665270085],[28.985113946351703,0.09347169256471943],[28.98511589158528,0.09348077301939384],[28.98511402009609,0.09348451599777263],[28.985470896265042,0.09515014136610489],[28.986303770103063,0.09717264110469159],[28.98713644698961,0.09955192977787419],[28.98713644698961,0.1010859429620723],[28.987017571903607,0.1029894426088731],[28.987018233804633,0.10299297334722723],[28.987017644748676,0.10300239104765296],[28.98737452001825,0.10490589069445377],[28.987493395104252,0.10680951624635782],[28.987969394572076,0.10811826544573933],[28.988207395654968,0.10942689143803364],[28.989397019756836,0.11002176599185987],[28.99040826962613,0.1109140148700476],[28.991360145354577,0.11162789131429918],[28.993501521078485,0.11162789131429918],[28.996119020376682,0.11186589059855123],[28.999495396395616,0.11344589061553734],[28.999884020431352,0.11422301637924193],[29.001049645225123,0.11422301637924193],[29.001826770089508,0.11393164143225931],[29.003866769735794,0.11393164143225931],[29.004740896375438,0.1144172663439349],[29.005518020340503,0.1144172663439349],[29.006683770140057,0.1132515156451177],[29.008043769904248,0.11354314060361048],[29.008820894768633,0.11422301637924193],[29.009015144733326,0.11470876629670101],[29.00920939469796,0.1155828911377057],[29.00979227139635,0.11587439109041497],[29.011249396142887,0.11519439030900003],[29.012512145918947,0.1150001403443639],[29.01348364485449,0.11529151619066624],[29.014940644595242,0.11626301602552758],[29.015815020347077,0.11538876617879623],[29.016980645140848,0.11509739123175677],[29.018631894846237,0.114805766273264],[29.020380521344123,0.114805766273264],[29.02125477029159,0.11490301626133714],[29.022129021037642,0.11422301637924193],[29.023780394849496,0.11412589139695228],[29.02446039563091,0.1155828911377057],[29.02582039629442,0.11509739123175677],[29.027374645123928,0.11393164143225931],[29.02795739501795,0.1144172663439349],[29.0290260198351,0.1130573897868885],[29.029803145598862,0.11189164088665393],[29.03164877027467,0.11247464079218616],[29.032620146003126,0.11189164088665393],[29.034077145743822,0.11082314107528646],[29.034465769779615,0.10994889032917854],[29.03446321480567,0.10994165078670903],[29.034465696934546,0.10993606689612534],[29.03388642202094,0.108294538862026],[29.034660144750035,0.10761751573591027],[29.035631394573386,0.10645189094219631],[29.036602896206887,0.10567476607775461],[29.036598104618975,0.1056657170993276],[29.036602821563122,0.10566194264470141],[29.035732531431336,0.1040179225892075],[29.03650577122454,0.10295476565005401],[29.03689427025455,0.10208051580332267],[29.03689007491721,0.1020769670785171],[29.036894197409424,0.1020676932695892],[29.035631446734044,0.10099919255884515],[29.03524282179893,0.1001246927005468],[29.03514582182237,0.09905619288917933],[29.034952668131268,0.09702926578813731],[29.035922895425472,0.09702926578813731],[29.037282895189605,0.09625214002437588],[29.037574270136645,0.09537789017764453],[29.038934270800098,0.09498939114763516],[29.0404885214283,0.0942122662832503],[29.041362770375713,0.09382364044881797],[29.04281989602157,0.09382364044881797],[29.043597019986635,0.09285226561974014],[29.044762644780405,0.09275501473229042],[29.0464140203909,0.09265801565504717],[29.047579770190396,0.09294938970271005],[29.049231019895842,0.09294938970271005],[29.04932814487813,0.0918808907906623],[29.049327309407943,0.09187782320316273],[29.049328196139527,0.09186806825692884],[29.0490397161102,0.09081018134497754],[29.04981389569491,0.09022951518016953],[29.050688271446745,0.09022951518016953],[29.051368145423737,0.08896664129764531],[29.05136597176238,0.08895794755142106],[29.051368196685075,0.08895381786459211],[29.051176745410658,0.08818788776096653],[29.052533895223235,0.08741239066944217],[29.053699520916325,0.08731539069287919],[29.0543795198991,0.08614964089338173],[29.056322271355896,0.08614964089338173],[29.057973770173533,0.08653826582849433],[29.059430769914286,0.08731539069287919],[29.06001351980825,0.08789814058690126],[29.0601107706957,0.08925814125035458],[29.060887894660766,0.08925814125035458],[29.062053520353857,0.09052089102647187],[29.06283064611756,0.0911037659262206],[29.063899145029666,0.09120089090856709],[29.064967769846874,0.09120089090856709],[29.066036269658298,0.0907152659968915],[29.068076271103166,0.09052089102647187],[29.069533395849703,0.09052089102647187],[29.071573269590886,0.09013226609135927],[29.07225327127162,0.08877239133295234],[29.073516146053464,0.08848101638596972],[29.07487602081187,0.08731539069287919],[29.07584739474163,0.0876067656398618],[29.076430271440017,0.08857801636253271],[29.076818769570707,0.08974376616203017],[29.076818769570707,0.0907152659968915],[29.07769314532254,0.09100664094387412],[29.079344395027988,0.09090939095580097],[29.08051002072102,0.09100664094387412],[29.081967269574022,0.0918808907906623],[29.082744396237047,0.09226938982067168],[29.084104270995454,0.09236664070806455],[29.08614426974242,0.09324076644838897],[29.087407145423583,0.09353214139537158],[29.08954414594575,0.09411501629512031],[29.089835519993414,0.09489214115956202],[29.09070749905203,0.09624860658806256],[29.090224071184082,0.09818206804817464],[29.0902249732041,0.09819108015437905],[29.090224019922744,0.09819489058190811],[29.090417518054153,0.10012887364877088],[29.090224071184082,0.10099919255884515],[29.08866994736036,0.10235919322235532],[29.08798982157316,0.10381631796883539],[29.087993347814916,0.10382174178010928],[29.087989896216925,0.10382914140188859],[29.08925277099877,0.1057718910601011],[29.09158414469266,0.10635464095406633],[29.09255539541533,0.10732614078892766],[29.09255539541533,0.10857624519769615],[29.09168119593062,0.10945031787804282],[29.09168412682118,0.10946028416492481],[29.091681269675007,0.10946314131109602],[29.092166896385322,0.11111451602226907],[29.09235989269507,0.11285062755456465],[29.091778320912965,0.11304456725315504],[29.09109832193019,0.11391881799920611],[29.09061257111341,0.11508456779870357],[29.090614252845683,0.11509353403954492],[29.090612645757176,0.11509739123175677],[29.090904145709942,0.11665151595485668],[29.09226402136767,0.11801151571904711],[29.093526896149513,0.11908001642979116],[29.09391552018525,0.1209257652120641],[29.09449827007927,0.1228685157695395],[29.09585827074278,0.12374264061054419],[29.096635394707846,0.125102766279781],[29.09673239468441,0.12655976602053443],[29.098092520353703,0.12655976602053443],[29.09984089504144,0.1258798911442227],[29.1008123948763,0.12646264103818794],[29.101880894687724,0.12733689088497613],[29.10256089636846,0.12889113971448296],[29.102947399802815,0.1306307873811079],[29.10226944587839,0.13198681843709892],[29.10227318795745,0.13199205608867715],[29.102269394617053,0.1319996409708324],[29.103240895351178,0.13335951572923932],[29.103726520262853,0.13510814132780524],[29.105086520027044,0.13510814132780524],[29.1065436456729,0.13442813964707057],[29.107709269567295,0.13355389069965895],[29.109069270230805,0.1332625148533566],[29.110332020006865,0.13355389069965895],[29.111205595362094,0.13452437609925028],[29.111076322314602,0.13633519341459532],[29.111077172173907,0.13633713505089418],[29.11107639605899,0.1363480159483288],[29.111439446973066,0.13717797328502002],[29.111439446973066,0.13794344293569338],[29.111439520717454,0.1379437082356958],[29.111439520717454,0.13795626636874658],[29.111698895987445,0.13889014126715438],[29.112113896239464,0.13935689120773986],[29.113203395220694,0.13920139123138142],[29.11403339482547,0.13925314091989094],[29.11450026977178,0.13925314091989094],[29.11481151973601,0.138423140415739],[29.11558977055165,0.13863064099143685],[29.11626414607366,0.13977201556622276],[29.116990396289907,0.14055014137608168],[29.11813164495959,0.14163951625084792],[29.118754394899554,0.14221026559147276],[29.11906564486378,0.1429365149083992],[29.119688144792235,0.14376664131759753],[29.120206895332103,0.14433714064671221],[29.120777520566264,0.14501164117444887],[29.12119252081834,0.14542664142652484],[29.121555771381907,0.14599739076714968],[29.121710891844373,0.1468771183844524],[29.121659447026047,0.14868219262922366],[29.1212961973618,0.14925281786344158],[29.121300136392335,0.14925956817467068],[29.12129627110619,0.14926564129649478],[29.121659520770436,0.14988814122489202],[29.12217827131036,0.15045889056551687],[29.12280077033944,0.1505626408533658],[29.12347514496213,0.15128889017029223],[29.124097644890583,0.1513926413574609],[29.124979645094697,0.15128889017029223],[29.126328396138717,0.15108139139323384],[29.126951021072955,0.15134064075812148],[29.127573520102032,0.15113314018242363],[29.12793651975477,0.15061439144119504],[29.128663019982525,0.149628765954958],[29.12985614604446,0.14926564129649478],[29.130634270955,0.14921376570288203],[29.130945520919227,0.14869501606227686],[29.13130864557769,0.14776126616965257],[29.132086894594693,0.14739801560608612],[29.13270939542241,0.14755364058822806],[29.133435644739393,0.14755364058822806],[29.133954520285045,0.14744989119969887],[29.1343695196378,0.1470348909476229],[29.135095770753367,0.14677551567768887],[29.135873895663906,0.14677551567768887],[29.135873895663906,0.14750176589393504],[29.136288895016662,0.14770926557031316],[29.136755894968758,0.14828001581025774],[29.13691139494506,0.1488505160386353],[29.1372165214255,0.149895889783636],[29.138321771133008,0.1500338898522955],[29.13970339509575,0.15017214083178487],[29.141085145862974,0.15017214083178487],[29.142328519745547,0.14961951642771965],[29.143157521102864,0.14961951642771965],[29.143710144607667,0.1475470161819885],[29.145368144624342,0.1475470161819885],[29.14702601963529,0.1475470161819885],[29.14860339543054,0.14659526635864495],[29.150744895260857,0.1446916408067409],[29.154314145281717,0.1415983911529679],[29.156217645827837,0.1415983911529679],[29.156693520289878,0.14350201580555222],[29.160024771026542,0.1439778911669123],[29.16145252121703,0.14207426561500824],[29.162661771223952,0.14099939140896822],[29.16267339586068,0.14098901593052915],[29.16353352005609,0.14158664061113768],[29.164578395576655,0.14271864065290174],[29.1657103947191,0.1438506406946658],[29.166494144889043,0.145766390906374],[29.166580817051226,0.1476720417314823],[29.166406946623454,0.14897544266273144],[29.166407937676354,0.14898138718143628],[29.166407021267162,0.14898826609578464],[29.16666826982498,0.15055564142988942],[29.167362037428234,0.15220322639794404],[29.166842321915794,0.15332919288812263],[29.166842321915794,0.1555933179773774],[29.166842394760863,0.15559545296792976],[29.166842394760863,0.15560614141048745],[29.166929093003432,0.1581188849787054],[29.165884571815695,0.15942469339506715],[29.165449195624035,0.16168869257927554],[29.16396894660977,0.16290781804150356],[29.162140321818583,0.16377844272113862],[29.161443572063376,0.1647363178269643],[29.16144511619933,0.16474711958403532],[29.161443644908445,0.1647491412600175],[29.16161789485011,0.16596826582298263],[29.161966144721987,0.16788401603469083],[29.162313382856496,0.16996768496085224],[29.162053197297382,0.17161544259874972],[29.162054659595015,0.17161946616556634],[29.16205327104177,0.17162826603180292],[29.162401520913647,0.17258601613190194],[29.16266277127005,0.17467589127954852],[29.163272394705416,0.17598214126297762],[29.16492676955494,0.1764173906502151],[29.16623289633128,0.1780718914048407],[29.16666826982498,0.17972639036076998],[29.167277770053204,0.18103251623779215],[29.16788739618653,0.18312239138543873],[29.168061521122468,0.18512514111250766],[29.168235770164813,0.18704089132421586],[29.168584020036633,0.18930489140780082],[29.169019395328974,0.19139464065028733],[29.170458271032544,0.19329226592549276],[29.172127895686003,0.19125164125040328],[29.17359239577263,0.18539364090395338],[29.17359239577263,0.17953551555177683],[29.17603327001956,0.17514201619127334],[29.178962270192756,0.17123664095839786],[29.184820269639886,0.1678193907524701],[29.19263114511142,0.1663548906658434],[29.198001021330242,0.16586664063311218],[29.202882769824157,0.16586664063311218],[29.208740896075653,0.16537851560616446],[29.215087144656138,0.16342576458754365],[29.22045702087496,0.16049676621292974],[29.22387414607516,0.16049676621292974],[29.228750000412333,0.1579166670207428],[29.228750000412333,0.1562500002374918],[29.230416667195584,0.15458333255492107],[29.230416667195584,0.15208333327939272],[29.229583332904667,0.1512499998877388],[29.227244277201805,0.1512499998877388],[29.221249999887732,0.1512499998877388],[29.219752013544735,0.15141867942867293],[29.218749999712884,0.15041666739546145],[29.2154166670457,0.15041666739546145],[29.211346117829237,0.14835175113256582],[29.21011923391569,0.14791666722055652],[29.207279150612464,0.14373331154325797],[29.205416667245572,0.14125000008760935],[29.206087000314994,0.1383769997988793],[29.20786300037736,0.13442500011382208],[29.21083399978943,0.13134900035623787],[29.211997000361464,0.12994100017715482],[29.214652102113007,0.12887556525527089],[29.21564031135148,0.12851896607759272],[29.216085644836824,0.12815388989025678],[29.217924566865406,0.12788099960857835],[29.21920856762148,0.12822099999931424],[29.221639567312366,0.12723500039510327],[29.223447999625648,0.12720099972653998],[29.224973567276493,0.12640699998320315],[29.222541466815414,0.12361120019687633],[29.222090866900146,0.12064460026823554],[29.221327630266103,0.12003969467633624],[29.221377871791503,0.1184698021398276],[29.22256802019814,0.11778226503963651],[29.223477567535895,0.1174242997917645],[29.223896999646968,0.11631589975911538],[29.223553699643674,0.11512970027558822],[29.22417499987648,0.11315699959601488],[29.22388256732677,0.112604000174656],[29.223495567466614,0.11154499990198019],[29.222436999767865,0.11001500039213852],[29.22077899975119,0.10933000027944217],[29.220719999728374,0.10862800028212405],[29.220774000419965,0.1060300000846155],[29.220626999936258,0.10477299967436693],[29.22210607893254,0.10281508025190078],[29.22348565513903,0.09981027442478307],[29.224042160117733,0.09716569384187324],[29.22487345564565,0.09494059033613667],[29.22582034013675,0.09538205044145798],[29.228785133327392,0.0963258898281083],[29.229482396595472,0.0967567082556684],[29.231354665485583,0.09729991855652997],[29.23209367258511,0.09748429936109915],[29.234285900474106,0.0979642567452288],[29.238452567432205,0.10046425602075715],[29.24386221257123,0.09859240891267973],[29.24291666717062,0.09624999963796199],[29.2462499998378,0.09208333267980606],[29.251646461814914,0.09293903221072242],[29.25208333267983,0.09296425639547579],[29.25390050010816,0.0947338326004683],[29.25458333285468,0.0954166671456278],[29.25874999981278,0.0954166671456278],[29.259583333204432,0.09458333285471099],[29.265416666945782,0.09958333320440715],[29.264880822092437,0.08725794289989608],[29.264880834682913,0.08190427965894287],[29.264880844575487,0.0809246472548466],[29.264880844575487,0.07506664780771644],[29.264880822092437,0.07506631955516241],[29.264392595442075,0.06823214739586092],[29.264393277128192,0.06822919222361179],[29.26585709642802,0.06188589701667979],[29.26976259486804,0.058468771816535536],[29.27025072079431,0.05163427230399975],[29.273179720967505,0.04675264701722881],[29.27806147036074,0.044799896897870894],[29.28001421958072,0.041870771718890865],[29.28001421958072,0.03698889731992949],[29.28343146978665,0.031619147006210824],[29.288313220978523,0.031619147006210824],[29.296123846438547,0.03454814717940735],[29.296611969666856,0.030154521913800636],[29.296611201645817,0.030148393933416173],[29.296611947183806,0.030141693084829058],[29.29534082741742,0.019996337661041252],[29.29715447040263,0.017577897002524878],[29.297145168714735,0.01757744014690843],[29.29715444702026,0.017565068173496456],[29.294607822393232,0.01743981689418206],[29.293465821890322,0.01743981689418206],[29.292823321938897,0.017368443099314845],[29.29196669700565,0.016654567554382993],[29.290753071796985,0.016654567554382993],[29.28975382158177,0.017082941624607884],[29.28846882167892,0.017368443099314845],[29.287540822051483,0.018082317744926968],[29.285827697190655,0.018439193014501143],[29.285113821645723,0.018367693314530698],[29.284257196712417,0.017868067757262907],[29.283757697060253,0.016868816642727325],[29.282829572426976,0.01658319196087632],[29.281473446942186,0.016868816642727325],[29.280545322308967,0.016868816642727325],[29.279331697100304,0.01701144282401401],[29.278760571843065,0.01751119338700846],[29.278046822203237,0.018367693314530698],[29.2772616969699,0.019010192366636147],[29.27554844710329,0.019153066760793536],[29.27426357220628,0.019153066760793536],[29.271907822388243,0.01922444325361994],[29.27019457162237,0.01929569294202338],[29.26919519640137,0.020009691694099274],[29.268124572391287,0.020509318150686795],[29.267125197170287,0.020794817826754297],[29.265911571961624,0.020223816675979833],[29.26484094705222,0.020723567238974283],[29.264126947400882,0.020009691694099274],[29.263484447449457,0.01950994203036771],[29.262628071628342,0.019081692965926322],[29.261414447319055,0.019081692965926322],[29.260129447416205,0.019438568235500497],[29.259272946589363,0.019438568235500497],[29.258273447261956,0.02015244288111262],[29.257845197298195,0.020723567238974283],[29.25679832168538,0.02172281835356671],[29.255865571838854,0.02111931840198622],[29.25480446985057,0.020500331225491664],[29.25480446985057,0.01927527203633872],[29.25542359642202,0.01759514689865682],[29.25542359642202,0.015384396572812875],[29.25542359642202,0.01343927180511173],[29.25542357214033,0.013439192664748134],[29.25542357214033,0.013426442976140152],[29.254981447436023,0.011923317007642709],[29.2536550706252,0.010420066932681493],[29.252770697110122,0.008916817757096851],[29.25153282168253,0.00812106793307521],[29.249056946720884,0.007236817625198455],[29.2477305717087,0.005998817191823491],[29.246227446639523,0.005379943329899106],[29.24516632216819,0.004141942896524142],[29.244724889941892,0.0019347826642501786],[29.244812721330163,0.0007062718771067011],[29.245077845066646,-0.0015927280218193118],[29.2461389704373,-0.002388477845840953],[29.247023219845858,-0.0033612277383099354],[29.24711172032977,-0.004952853291399606],[29.24719996990285,-0.006279228303583295],[29.24719996990285,-0.00698672765520314],[29.24773059509107,-0.008489977730107512],[29.248172845700424,-0.01008147827741368],[29.24817102637195,-0.01008784367888893],[29.248172822318054,-0.010094307106442102],[29.247821646052273,-0.011323177622386993],[29.248349594858098,-0.012115102629707053],[29.24958747028569,-0.012115102629707053],[29.24958747028569,-0.013883728251300909],[29.24958744690332,-0.013883753432310186],[29.24958744690332,-0.013896557979592217],[29.248614822016577,-0.014957557445143266],[29.247553821651707,-0.0153996821494502],[29.246846322300087,-0.016637681683505434],[29.24628107231382,-0.01711005688343903],[29.245995571738433,-0.01789518301609405],[29.245210322398634,-0.018323432080592283],[29.2444251971653,-0.019108683218973965],[29.243782697213874,-0.018823181744267004],[29.243782697213874,-0.017466932153013204],[29.24299732196897,-0.01739555655950653],[29.242283572329143,-0.01760955833429989],[29.24171244707196,-0.01789518301609405],[29.241355571802387,-0.0185376820681995],[29.240784571550876,-0.019037306726147563],[29.2402848218872,-0.019037306726147563],[29.239571072247372,-0.01925143170802812],[29.239142696378508,-0.02003680695293042],[29.23835744703871,-0.021036058067466],[29.237143821830102,-0.021178806556520158],[29.23593044663295,-0.021107431862333215],[29.23550207166346,-0.021749932713078124],[29.23464557173594,-0.02239230675940007],[29.23329538357524,-0.02317397499876961],[29.233860219873407,-0.024021353102796184],[29.233856437324903,-0.024028542283247134],[29.233860197390356,-0.024034181931767762],[29.23314644595189,-0.02539043332166102],[29.232932195964224,-0.02674668201359509],[29.23271832189323,-0.02781768194029155],[29.232075821941805,-0.029031058036764534],[29.231076321715022,-0.030030433257707045],[29.229648572423855,-0.03074443200978294],[29.22836369662747,-0.031815056919185736],[29.227007447036215,-0.032029181901066295],[29.22586532242684,-0.032957058321414934],[29.224651697218235,-0.03331418180385981],[29.223152697339287,-0.03324268210394621],[29.22208194562546,-0.03395643174377483],[29.22146832200565,-0.03452905707018772],[29.220397572090462,-0.035480806893588124],[29.219207719560757,-0.036670659423236884],[29.219207719560757,-0.037966478170289975],[29.22146834538802,-0.03844222762654681],[29.22539434477335,-0.03832335343986415],[29.228725594610694,-0.037490477803146405],[29.230748096147863,-0.037371602717144015],[29.231699845071944,-0.037490477803146405],[29.23169495815597,-0.0375026995897656],[29.231699821689574,-0.03750330843075744],[29.231224071333997,-0.03869305663909017],[29.23003419722062,-0.03988268343891832],[29.229796447048557,-0.04095355656124866],[29.22920157159541,-0.04238118264532886],[29.228964183850167,-0.04392395072960653],[29.229082469880268,-0.0456996027543255],[29.22908188442159,-0.045703994143877935],[29.229082447397218,-0.045712431583297075],[29.228844572219373,-0.04749705704335838],[29.228011696582712,-0.04868680705033057],[29.227776359291738,-0.049510676876082016],[29.228606720423954,-0.05081547805173159],[29.229320470063783,-0.052005228058646935],[29.229320470063783,-0.05367085342697919],[29.229320446681413,-0.05367093706394144],[29.229320446681413,-0.0536836831552705],[29.228726567677143,-0.055821843802903004],[29.22896359479421,-0.05807272817372677],[29.22896359479421,-0.05926260318642562],[29.229439345149842,-0.0605712282794002],[29.229439345149842,-0.061285102925012325],[29.229439321767472,-0.061285216239582496],[29.229439321767472,-0.0612979317539839],[29.228668294306487,-0.06503539366832456],[29.23033184493886,-0.06717422790813998],[29.230807595294436,-0.06931597775002274],[29.23271121994702,-0.07002960328338759],[29.23580459460652,-0.0697917281055993],[29.238184094620408,-0.0697917281055993],[29.2391357203374,-0.07336085312073237],[29.243418845003873,-0.07383685258849937],[29.24746384538031,-0.07336085312073237],[29.24746266636913,-0.07337381774732421],[29.24746382109862,-0.07337368194970395],[29.24722594682015,-0.07599105714143661],[29.24603622109487,-0.07837051128990424],[29.24603622109487,-0.08026122797315338],[29.249843345394254,-0.07978547761751997],[29.2526985948644,-0.07978547761751997],[29.253650469693582,-0.08216485262568085],[29.254126345954262,-0.08644785318568893],[29.254126345954262,-0.08977935303454387],[29.255553970239703,-0.09311047786610516],[29.25983696990039,-0.09430022787307735],[29.261978594736547,-0.09477597822865391],[29.262692345275696,-0.09763147771036529],[29.262692332685162,-0.10167647988549788],[29.262692321893326,-0.10168930691583],[29.259106321999298,-0.10231843304910626],[29.25637007172162,-0.10350805715097522],[29.252800821700703,-0.10398405661874222],[29.251254197323533,-0.10279430841046633],[29.249231571679843,-0.1032703069789136],[29.247090071849527,-0.10255655733908497],[29.245305572294512,-0.10148568331749175],[29.24352082182861,-0.10041493160366599],[29.242752947390784,-0.09917430784787484],[29.24197419655212,-0.09791643239725545],[29.23959482244328,-0.09696455666880865],[29.237215320630696,-0.09648880721249498],[29.23566869715279,-0.09589393175940586],[29.234954821607914,-0.09470405674665017],[29.234958628438108,-0.09469753216524168],[29.234954844990284,-0.09469122791767859],[29.23578269611471,-0.09327199970283573],[29.234478947145874,-0.09208668335361381],[29.23257532159397,-0.09149193200687478],[29.22948219694598,-0.09137293281440861],[29.228887197386427,-0.09303855728342114],[29.22781644657192,-0.09506118202779135],[29.226507822378267,-0.09601280774472798],[29.224009321373273,-0.09660768319787394],[29.22317819671656,-0.09670555731543118],[29.221986821634687,-0.09684568338144572],[29.221282322421416,-0.0964665570857619],[29.220440072251677,-0.09601280774472798],[29.218060696344253,-0.09565593157583407],[29.215800197321414,-0.09577493166761997],[29.214134571953082,-0.09553693328268764],[29.21282582185438,-0.09387143292013889],[29.211755071939194,-0.09244380773537841],[29.210327446754434,-0.09244380773537841],[29.208304947015847,-0.09208668335361381],[29.206163322179748,-0.0922058066524869],[29.205687445919068,-0.09375230782256949],[29.204378821725413,-0.09470405674665017],[29.20318907171844,-0.09613193284224053],[29.201642322335488,-0.09732168194989299],[29.19950094661158,-0.09732168194989299],[29.19700244740517,-0.09732168194989299],[29.194741946583747,-0.09732168194989299],[29.192362570676266,-0.09660768319787394],[29.191291696654616,-0.09553693328268764],[29.190220945840167,-0.09446630657464539],[29.1891501968243,-0.09387143292013889],[29.187841571731326,-0.09494205693022195],[29.186294822348316,-0.09529905810489936],[29.18510507144208,-0.09470405674665017],[29.185110521333684,-0.09469394117229513],[29.18510509482445,-0.09469122791767859],[29.18593359615869,-0.09315308234869235],[29.185224072433186,-0.09244380773537841],[29.183915447340212,-0.09196780736823484],[29.183201446789496,-0.09208668335361381],[29.182487697149668,-0.09291955719163525],[29.181654947418053,-0.09410930809792717],[29.18106019697069,-0.09446630657464539],[29.178680446945236,-0.09387143292013889],[29.177252821760476,-0.09387143292013889],[29.176301071037756,-0.09518005711379374],[29.17427857219849,-0.09506118202779135],[29.17261307183594,-0.09470405674665017],[29.170233570922733,-0.09446630657464539],[29.16880582163151,-0.09494205693022195],[29.167735196722106,-0.09625080702898003],[29.166545321709407,-0.09708368266564094],[29.165355696708218,-0.09684568338144572],[29.165362401154027,-0.0968341900456835],[29.165355720090588,-0.09683285275377784],[29.166188469822202,-0.09540535257480087],[29.16761619663032,-0.09433436973523612],[29.16761619663032,-0.09339543165367559],[29.165355696708218,-0.09315755737520703],[29.162738072404295,-0.09339543165367559],[29.161905446779087,-0.09422830729039333],[29.160477571582817,-0.09506118202779135],[29.159406945774094,-0.09565593157583407],[29.158931072211374,-0.09577493166761997],[29.1577413222044,-0.09565593157583407],[29.156670572289272,-0.09482318274353929],[29.15631369612032,-0.09315755737520703],[29.154885945929834,-0.0925626828213808],[29.154648071651366,-0.0945851825599675],[29.15452907155958,-0.09577493166761997],[29.154410197372897,-0.09684568338144572],[29.153696321827965,-0.09839230775861552],[29.152387571729207,-0.10029605831630306],[29.15084094735198,-0.1017235575959603],[29.149889070724214,-0.10231843304910626],[29.148818321708347,-0.10160468161058134],[29.147509695716053,-0.10148555831170825],[29.14608194642483,-0.10160468161058134],[29.143940445695193,-0.1017235575959603],[29.142155822033715,-0.10053380668966838],[29.140252195582548,-0.09946305677448208],[29.13822969674328,-0.09993905804094538],[29.137753947287024,-0.10100980795613168],[29.136207322010478,-0.10136668232638613],[29.132638071989618,-0.10136668232638613],[29.132162070723155,-0.09981993204405626],[29.130615447245248,-0.09886818311997558],[29.128355071429553,-0.09898743322332848],[29.1258565722232,-0.09910618330354737],[29.12442894703844,-0.10089068285856229],[29.122644195673274,-0.10100980795613168],[29.121216571387833,-0.10338918296423572],[29.11990794719418,-0.10493580824078208],[29.11776632235808,-0.10457893207188818],[29.1157439467259,-0.1046979330629938],[29.11407819725116,-0.10541168180350269],[29.112531571974614,-0.10529280761682003],[29.111103946789854,-0.10493580824078208],[29.1095571974069,-0.10374605733449016],[29.108367447399928,-0.10255655733908497],[29.106582946945593,-0.10255655733908497],[29.104322447023492,-0.10315118188140104],[29.101942947009547,-0.10315118188140104],[29.100515320925467,-0.10279430841046633],[29.097957446679004,-0.10035530655198954],[29.097719447394752,-0.09726205689827339],[29.094864072019448,-0.09559655833436409],[29.09272244718335,-0.09321693241531648],[29.09248457110624,-0.08988580668449231],[29.09248457110624,-0.08774430685411971],[29.09058107235876,-0.08679268203650281],[29.085822071431608,-0.0858408072073189],[29.083680570701915,-0.0829853068262878],[29.081777196960218,-0.08155755663574382],[29.078921696579187,-0.07941618181115473],[29.078445821217827,-0.075846931790295],[29.077494072293746,-0.0748951819668946],[29.075352446558327,-0.0748951819668946],[29.071783320643874,-0.07370543195997925],[29.067738197060294,-0.07275355713079534],[29.062979321138926,-0.0713259328453546],[29.059172071833814,-0.0713259328453546],[29.056316697357886,-0.0713259328453546],[29.054889072173125,-0.07037418212263447],[29.05108194697442,-0.06942243229923406],[29.04798882232643,-0.06918443211566228],[29.044181572122,-0.06728093156959858],[29.042040072291684,-0.06585318317769406],[29.03989857156199,-0.06537743192279777],[29.03704307208028,-0.06371193335888847],[29.034425695989228,-0.062046057079726324],[29.03201057113114,-0.06027330806654163],[29.03101119591014,-0.05984505720346078],[29.030939822115272,-0.05905993197012549],[29.030940674672536,-0.0590562348571666],[29.030939844598322,-0.05904710314115391],[29.031154094585986,-0.0581191026143415],[29.031366490171536,-0.056631224651141565],[29.030654322439204,-0.05591893191302688],[29.03029744627031,-0.054848182897160314],[29.029869072200086,-0.05449130762758614],[29.028227322033445,-0.05456268232177308],[29.026371445985603,-0.0525639327790941],[29.025015071388623,-0.05299218184353549],[29.023944197366973,-0.05363468179496067],[29.02323032182204,-0.05370605828778707],[29.02208832131913,-0.0525639327790941],[29.02180269663728,-0.051207808193623805],[29.020446446146764,-0.05042243294877835],[29.019875446794572,-0.04992293239723722],[29.018661821585965,-0.0497085574038465],[29.0173769466889,-0.048709182182847144],[29.016234822079525,-0.04770980696184779],[29.014121195836708,-0.046529433286536914],[29.011293821752645,-0.04502955656863605],[29.007724571731785,-0.04312593191605174],[29.005345196723624,-0.042650183359114635],[29.00248982224764,-0.04312593191605174],[29.000110447239535,-0.04098455709146265],[28.99654119721862,-0.04050855762369565],[28.994399697388303,-0.04193630691486305],[28.993209822375547,-0.04360193318251504],[28.99059244718387,-0.04479168318948723],[28.988688821631968,-0.04479168318948723],[28.985833572161766,-0.043840058371813484],[28.98321619697009,-0.044553683005915445],[28.980836696056826,-0.04645743176490669],[28.97917107158787,-0.04740905658252359],[28.976315697111886,-0.0476469326596316],[28.97417419638225,-0.049550557312215915],[28.971556822089838,-0.049550557312215915],[28.969177321176574,-0.05050230713561632],[28.966559946884217,-0.053357683410183654],[28.964418447053845,-0.055737183424128034],[28.961563071678597,-0.05811668343801557],[28.95846969701904,-0.06049605664753699],[28.955376447365325,-0.06430343275707173],[28.953234946635632,-0.06668268186012938],[28.951331321983105,-0.06977593241316526],[28.95014374204021,-0.07262669876297423],[28.950855470004115,-0.07571185271967806],[28.950853102089127,-0.0757145174109155],[28.950855445722425,-0.0757246833472891],[28.948951946974944,-0.07786605727255846],[28.946572446961,-0.07786605727255846],[28.94349119696136,-0.07894880684182226],[28.94277732231575,-0.0787345568541582],[28.94184944679472,-0.0779494316208229],[28.940992570950527,-0.07837768158458402],[28.940849946567937,-0.07951993209900365],[28.939921946940444,-0.07887743304695505],[28.938779697325344,-0.07887743304695505],[28.93699519687101,-0.07894880684182226],[28.935852947255853,-0.07944855830413644],[28.93449669586596,-0.07902018333464866],[28.933568696238524,-0.07923430741720949],[28.93221244664727,-0.07987680736857783],[28.931355945820428,-0.07966255828029034],[28.930499321786442,-0.07944855830413644],[28.930070946816898,-0.07902018333464866],[28.929000070996665,-0.07902018333464866],[28.928357696950343,-0.08009105735624189],[28.927286946135837,-0.08037655793162912],[28.925930822449686,-0.08051918321359608],[28.925859320951076,-0.0799481829620845],[28.92528832159894,-0.07930568211139644],[28.92428882227148,-0.07944855830413644],[28.923432196438853,-0.07930568211139644],[28.923004072380195,-0.07809230691424318],[28.922254446985278,-0.07734268241870268],[28.92135019575511,-0.07696205785254051],[28.921017070681444,-0.07734268241870268],[28.92030319603583,-0.07762818209477018],[28.919541821897724,-0.07762818209477018],[28.918590071175004,-0.0776758065930494],[28.918018946817085,-0.07758055669717123],[28.91802633115043,-0.07756895544275721],[28.918018970199455,-0.07756772786819965],[28.91835209527312,-0.07704435301434387],[28.91887559513276,-0.07642560325882641],[28.919582791412836,-0.07571865519162202],[28.918732822362017,-0.0749631824047583],[28.917828571131793,-0.07443968164585613],[28.916305821956257,-0.07515355719073114],[28.91535394622781,-0.07515355719073114],[28.915163572341157,-0.07448730704339823],[28.91497332166165,-0.07339280783168078],[28.91435457100681,-0.07272643267856438],[28.913022071611465,-0.07272643267856438],[28.911737196714398,-0.07186993185172241],[28.910547446707483,-0.07186993185172241],[28.909690820874857,-0.07229818181548353],[28.908738946045673,-0.07267880818028516],[28.90850119677299,-0.07348793272177545],[28.908120447201043,-0.07434443174997796],[28.90769207133218,-0.07515355719073114],[28.907073446582444,-0.07581980823738377],[28.906597696226868,-0.07605780842095555],[28.90583607117793,-0.07543905776611837],[28.90478907055933,-0.0748680566153439],[28.903885071139314,-0.07463005733109185],[28.903266322283116,-0.07348793272177545],[28.902504822239905,-0.07244118211468731],[28.901362695831892,-0.07191743224353786],[28.900220571222576,-0.07220305692538886],[28.899459197084468,-0.07363068300946907],[28.898650071643658,-0.07339280783168078],[28.898031446893924,-0.07191743224353786],[28.89746044574315,-0.0710133078177364],[28.895747195876538,-0.07087055842936252],[28.894319570691778,-0.07044218166117844],[28.893700821835637,-0.06982355691144448],[28.892606321724543,-0.06953818314048021],[28.89241594693857,-0.0689194315863233],[28.890893220246085,-0.06811031963536607],[28.890893220246085,-0.068859103264856],[28.89094071973858,-0.07009622775854041],[28.891702094776008,-0.07004860326026119],[28.891892594567764,-0.0710004780894451],[28.891890341766043,-0.07100216791553748],[28.891892571185394,-0.0710133078177364],[28.89094069725553,-0.0717270565582453],[28.890797946068517,-0.07286930707272177],[28.889322696385477,-0.07310730725623671],[28.888323321164478,-0.0738210577954419],[28.88694319637159,-0.07448730704339823],[28.88589619575299,-0.0741066833765558],[28.885134820715564,-0.07244118211468731],[28.88470644574602,-0.07282168167512282],[28.883040821277064,-0.07305955775223083],[28.882089072352983,-0.07177480786094748],[28.881232697431187,-0.07048980705877739],[28.88037582158705,-0.07120368260370924],[28.879662071947223,-0.07196505674181708],[28.87837707114511,-0.07248855660145637],[28.878142119663266,-0.07314661932088029],[28.87885296988884,-0.07428410342845382],[28.878846487575515,-0.07428659724848785],[28.87885294740579,-0.07429693225748224],[28.878234446762463,-0.07453493244099718],[28.877092196248043,-0.07467755682364441],[28.87690182236139,-0.07543905776611837],[28.87599769613695,-0.07596255762575765],[28.874855445622472,-0.07667655817647301],[28.874379697065535,-0.07539155737430292],[28.873094696263365,-0.07615293331105022],[28.872476195620095,-0.07596255762575765],[28.871809821366355,-0.07529630657910502],[28.870715196249478,-0.07548668316371732],[28.87000144571033,-0.07643843208779799],[28.869431033615456,-0.07734155376954277],[28.86947797013238,-0.07813885312543789],[28.869620720420073,-0.07890035316859212],[28.869618596221414,-0.07890197734423054],[28.869620696138384,-0.0789131819975637],[28.868811696602677,-0.07953168174157099],[28.868727271846296,-0.08048959192097982],[28.868726196257114,-0.08050180741230406],[28.86761144611154,-0.08080580704222484],[28.866293945609243,-0.08070455776896779],[28.86558444616543,-0.08009655760986334],[28.8642671956747,-0.07979255708067967],[28.864269255122167,-0.07978019769780076],[28.86426721995639,-0.07977972825170809],[28.86446876432217,-0.07857008793905607],[28.8642671956747,-0.07736018322572136],[28.863355070880004,-0.07614405700246607],[28.86224019572859,-0.07553605684336162],[28.861125570588797,-0.07462393204866657],[28.860720195780573,-0.0735090568973078],[28.860722438689777,-0.07350232816975222],[28.860720220062262,-0.07349622806833622],[28.861021852676515,-0.07259095610760369],[28.860618697395125,-0.07148230786208387],[28.859808070985878,-0.07057018216801225],[28.859808070985878,-0.06874605758434882],[28.858591946561262,-0.06813793241946087],[28.857679696760783,-0.06925280667155675],[28.85707169570236,-0.07057018216801225],[28.856770886867082,-0.07157304585922475],[28.858085219057784,-0.07248297810679105],[28.858082271080093,-0.0724937825618781],[28.858085195675415,-0.07249580783508236],[28.857781071039767,-0.07361043207561124],[28.85636232216359,-0.07371193225969819],[28.854335447223264,-0.07371193225969819],[28.85271394619184,-0.07371193225969819],[28.851801947302192,-0.07482655829886653],[28.850484445900634,-0.07452255776968286],[28.849673696284242,-0.07421855813976208],[28.848761697394593,-0.07462393204866657],[28.847545446165554,-0.07472543223275352],[28.846937446905827,-0.07584005737260213],[28.846329320841676,-0.07705618269653769],[28.8449105719655,-0.07756293178368878],[28.84399857127721,-0.07695505663042468],[28.84399857127721,-0.07573868219424185],[28.842883696125853,-0.07543468166505818],[28.84217419578266,-0.07462393204866657],[28.841160969203543,-0.0741174437648624],[28.841160969203543,-0.07562460319269348],[28.841160969203543,-0.07704335296818954],[28.841160945821173,-0.07704337275328044],[28.841160945821173,-0.07705618269653769],[28.84055282155566,-0.07756293178368878],[28.83964069676091,-0.07756293178368878],[28.83923547034084,-0.07817089776852981],[28.83923547034084,-0.07967822806762115],[28.83923544695847,-0.07967827483236078],[28.83923544695847,-0.07969105689659273],[28.838525946615334,-0.08110980757140851],[28.837107070934735,-0.08110980757140851],[28.836904445583855,-0.08232618290685423],[28.836093821872566,-0.08313668161241594],[28.834674946191967,-0.08303530733343223],[28.83345882086803,-0.082832681982552],[28.83183732163525,-0.08415018338411073],[28.830621196311313,-0.08404880730643072],[28.82899969707853,-0.08333943286834256],[28.82737819604705,-0.08263018163739844],[28.824236570961148,-0.08313668161241594],[28.822412447276804,-0.08384618285487022],[28.820588320894444,-0.08526493263036627],[28.81825732221779,-0.08516368155846976],[28.8157238213974,-0.08394755713391078],[28.814203821449382,-0.08475830675030238],[28.81268357238912,-0.08556893226023021],[28.812379445954832,-0.08658243313260527],[28.81065657244301,-0.08617693241933466],[28.80873107178172,-0.08668380741164583],[28.807819071093434,-0.08759580720055737],[28.806400197211474,-0.08759580720055737],[28.8052854470659,-0.08749443202225393],[28.804474697449507,-0.08810255808640477],[28.804271946193523,-0.08931868341034033],[28.80417057101522,-0.09073743228651665],[28.803055820869588,-0.09205493188943592],[28.802549195888844,-0.09337243239167492],[28.801231697185244,-0.09286568240514725],[28.800218322217972,-0.09215630706773936],[28.79910357207234,-0.09246043260270653],[28.798397267020448,-0.09336832518789606],[28.798799469020423,-0.09447435280895888],[28.79879663525668,-0.09447945376359712],[28.798799445638053,-0.09448718343662676],[28.798292696550845,-0.09539918232621858],[28.797482071040918,-0.09681805710749813],[28.797380720144304,-0.09772997325950428],[28.797380702157852,-0.09862935376150972],[28.797380695862614,-0.09864218169116157],[28.795961821980654,-0.09874368277456824],[28.79504969718596,-0.09874368277456824],[28.7947456957574,-0.10016230664496106],[28.79464444738352,-0.10087180698815246],[28.79352957133284,-0.10198668303883096],[28.792212070830544,-0.10299993300031929],[28.791300071041633,-0.10330393263024007],[28.790185320896,-0.10401343297337462],[28.788867946298865,-0.10431743170397567],[28.788361071306554,-0.10350680799263046],[28.788364646111688,-0.10349965928168103],[28.788361093789604,-0.10349397826433915],[28.788969219853755,-0.10227797794618709],[28.789569831182916,-0.10147700036310425],[28.788766447014098,-0.1011758066180164],[28.78765182097493,-0.10056780825760825],[28.786638321901194,-0.09975705684252034],[28.78481419641821,-0.09985830701509713],[28.78380082055162,-0.09985830701509713],[28.783496820921698,-0.10107443233903268],[28.782179197212372,-0.10066918163727223],[28.781064572072523,-0.0996556816642169],[28.779949696921165,-0.09914905758279247],[28.77873357069791,-0.0988449320478253],[28.77761869644587,-0.09894630722612874],[28.776808071835205,-0.09823680688299419],[28.776808071835205,-0.09671668282851442],[28.776808095217575,-0.0967166396610537],[28.776808095217575,-0.09670385310016627],[28.77741609537668,-0.09558922796031766],[28.778226969998855,-0.09558922796031766],[28.778628585640888,-0.09438400691624338],[28.77711207056575,-0.09357505774255515],[28.775389196154663,-0.09357505774255515],[28.773666446749303,-0.09276443313194704],[28.772652946776248,-0.09246043260270653],[28.772247571068704,-0.09114293299978726],[28.77133544627401,-0.09023093321081888],[28.77133544627401,-0.08921730733271716],[28.77123419610143,-0.08820393326476506],[28.770321946300953,-0.0869878079408295],[28.770220696128376,-0.08617693241933466],[28.77022217731178,-0.0861757686965916],[28.770220718611426,-0.08616410269104335],[28.771639470185562,-0.08504947755119474],[28.772143408891395,-0.08434408710979824],[28.772078947285763,-0.08415105662578526],[28.771639446803192,-0.082832681982552],[28.770930195572248,-0.08181930791454306],[28.769207321161105,-0.08273130680419172],[28.768599321002,-0.08212330664514411],[28.76860516299803,-0.08211629732909387],[28.768599345283747,-0.08211047781611569],[28.769609385564877,-0.0808983535760035],[28.769004695810224,-0.07928568298774508],[28.767585821029,-0.0774615584040248],[28.766775071412553,-0.07604268182416263],[28.76647107178269,-0.07523193310709075],[28.764950820923787,-0.07421855813976208],[28.764140197212498,-0.07320505726744386],[28.763025447066866,-0.07219180820521842],[28.76262007135938,-0.07097568198196313],[28.76262259485702,-0.07097035439818455],[28.76262009384243,-0.07096285315299156],[28.763532095430037,-0.06903722838524118],[28.76424094106676,-0.06741734793212117],[28.764140072206715,-0.06560430839198261],[28.76231594672373,-0.06540168304110239],[28.7623180466407,-0.06538908443855007],[28.7623159701061,-0.06538885331275424],[28.76262009384243,-0.06356472782977107],[28.76342838381305,-0.0618468167770061],[28.762924196894346,-0.06013193194291944],[28.76282269581094,-0.05921993215400789],[28.762823783990598,-0.059216667614975904],[28.76282271919331,-0.05920710332497947],[28.76322643565163,-0.057996078955738994],[28.76282269581094,-0.05628080741314534],[28.761809195837884,-0.054760681560026114],[28.760694570698035,-0.054051308021314526],[28.75998507215354,-0.053139183226562636],[28.759376946089333,-0.052429806989835015],[28.75816094577118,-0.05212580735997108],[28.75795832131962,-0.0513151818499864],[28.75796138710848,-0.05131452534493519],[28.75795834470199,-0.051302353021014824],[28.759376970371022,-0.05099822838536738],[28.759881967578906,-0.05029130459985254],[28.75968107072498,-0.049085683357418475],[28.759377071095116,-0.047464058219532035],[28.758059570592877,-0.04584255718810937],[28.757654070778926,-0.045741182909125655],[28.755931322272886,-0.04604518343830932],[28.754512445692967,-0.04655205663192419],[28.753093820923254,-0.04695718232795798],[28.75178237735497,-0.048167840673158935],[28.753296468757185,-0.04998472841231205],[28.753291706846937,-0.049991870828023366],[28.753296446274135,-0.04999755724134047],[28.752485696657743,-0.05121368166589946],[28.751370820607065,-0.05182168182500391],[28.749850695653265,-0.053747308391393744],[28.747013196102273,-0.05445680783526541],[28.747014286979947,-0.054443711907595116],[28.747013218585323,-0.05444397810691726],[28.747114594663003,-0.05322760277147154],[28.747517636629766,-0.05181658356832486],[28.747215822352473,-0.051112307386915745],[28.747114572179953,-0.049794807783996475],[28.746101072206898,-0.04949080815413254],[28.745087572233842,-0.04959218243311625],[28.74478357080534,-0.05060568240617158],[28.743567446380723,-0.05060568240617158],[28.742858071942635,-0.05030168187693107],[28.74255407141345,-0.04898418317333153],[28.742249946777804,-0.047869307122653026],[28.741236570911155,-0.04756530659346936],[28.739817822035036,-0.04756530659346936],[28.738196321003556,-0.0468560571611647],[28.73616944606323,-0.046754556977077755],[28.734547946830446,-0.04584255718810937],[28.733534571863174,-0.04493043239335748],[28.732622571174886,-0.04493043239335748],[28.731406321744544,-0.04523443202327826],[28.730392946777215,-0.04523443202327826],[28.728974071096673,-0.04604518343830932],[28.72846744611593,-0.046754556977077755],[28.728366070937568,-0.04817343175830047],[28.7281633223796,-0.04949080815413254],[28.72735257186389,-0.050504307227811296],[28.725832446010713,-0.05060568240617158],[28.725224445851666,-0.0513151818499864],[28.723602945719506,-0.051720306646700465],[28.722589445746507,-0.05334180767812313],[28.722285446116587,-0.05516605726757007],[28.72137332132189,-0.05516605726757007],[28.720461320633603,-0.05455793210273896],[28.719954570647076,-0.055672807254097734],[28.719143821030684,-0.05658493294811251],[28.717623696976204,-0.056787558298992735],[28.71640757165227,-0.056990306857017003],[28.715698072208454,-0.05557143297511402],[28.714684696341806,-0.054051308021314526],[28.71438069671194,-0.05384880767616096],[28.713873945826094,-0.05486193263192263],[28.71275919568052,-0.054355307651178464],[28.711847070885767,-0.05384880767616096],[28.711340446804343,-0.05253118306745819],[28.7109350710968,-0.05141630701677968],[28.70961757059456,-0.05222718343759425],[28.707185321745385,-0.05273380661969895],[28.70525982108404,-0.05283518269737897],[28.703030320792834,-0.05283518269737897],[28.702219571176443,-0.05415280820534463],[28.702119535088627,-0.05505276607215137],[28.7031315952471,-0.055659978425126155],[28.703334344704388,-0.05778810263865353],[28.703333040687426,-0.05778749379766168],[28.703334321322018,-0.05780093236700168],[28.701814197267538,-0.05709155792891352],[28.699787197321484,-0.057395557558777455],[28.698672571282316,-0.05719293220789723],[28.69765907220858,-0.056990306857017003],[28.696037571177158,-0.056686307227153065],[28.69472007067486,-0.05709155792891352],[28.693605321428606,-0.056990306857017003],[28.69249057128303,-0.05617943313416163],[28.692389321110454,-0.05557143297511402],[28.691173071680055,-0.055672807254097734],[28.6900583224338,-0.05617943313416163],[28.688031446594152,-0.05597680688396167],[28.6871193217994,-0.055672807254097734],[28.685193821138114,-0.054760681560026114],[28.683673697083634,-0.054051308021314526],[28.682153571230515,-0.05394993194363451],[28.68093744590658,-0.054051308021314526],[28.678809320793675,-0.05394993194363451],[28.67809982134986,-0.05465930818036213],[28.67657969639606,-0.05486193263192263],[28.675768945880293,-0.055064807094993284],[28.67394482129663,-0.05465930818036213],[28.67282994614527,-0.05425393157349845],[28.67283177176904,-0.054241759249634924],[28.67282996862832,-0.05424110274452687],[28.67313239534394,-0.052224855092845246],[28.672525945616087,-0.0513151818499864],[28.672323321164527,-0.04989618206298019],[28.67151257064876,-0.04898418317333153],[28.671411196369775,-0.048072058378636484],[28.67141257772846,-0.048071453134866715],[28.671411219752144,-0.048059227751025446],[28.673032719884304,-0.04734972830715378],[28.67414747002988,-0.04694435259960983],[28.67424815362955,-0.04513265664661503],[28.672728695972694,-0.044221057055949586],[28.671005821561607,-0.044221057055949586],[28.669891072315295,-0.044018432604445934],[28.668472195735433,-0.0455384316531422],[28.666749447229392,-0.044829058114373765],[28.666040070992665,-0.04391693331967872],[28.66604569715139,-0.04391130716095404],[28.666040095274354,-0.04390410269201084],[28.666947804397807,-0.04299639356855778],[28.666445445800832,-0.04199143175901554],[28.66482394566873,-0.04128205732092738],[28.663810446594994,-0.04229543228819921],[28.662290320741874,-0.04229543228819921],[28.661479572024803,-0.04118093305345383],[28.66066882060977,-0.04067393215609627],[28.66036482187917,-0.03935655755890366],[28.660365456800548,-0.03934638083063646],[28.66036484526154,-0.03934372783061235],[28.660465420043238,-0.03773290624843639],[28.65955407136346,-0.03489743287008196],[28.659556331359795,-0.034891560297126034],[28.65955409474583,-0.034884603141733805],[28.660060843833037,-0.03356735265106181],[28.661378345234596,-0.033161852837054084],[28.661779922205824,-0.03225799371125504],[28.661378321852226,-0.03175580778412268],[28.659249945828492,-0.03165455671228301],[28.658135446593747,-0.03064105673922768],[28.656919196264084,-0.029931557295356015],[28.655703082631305,-0.02972893374311525],[28.65570309432252,-0.03164172788325459],[28.656209720202583,-0.0327563530231032],[28.65620553116048,-0.03276001776043813],[28.656209696820213,-0.03276918185207478],[28.6553989463045,-0.033478683094585904],[28.65357482082146,-0.03378268272444984],[28.652257321218542,-0.03428930770525085],[28.650838572342423,-0.03499880714906567],[28.64911569613264,-0.03510018232736911],[28.64678482156245,-0.03489743287008196],[28.646582071205785,-0.03358018327867285],[28.646582071205785,-0.03205980831336319],[28.645670072316136,-0.03195855724146668],[28.64364319737581,-0.031857182962482966],[28.643339196846625,-0.030843682090107905],[28.64334105844324,-0.03083698124152079],[28.643339220228995,-0.030830853261079483],[28.64384446385111,-0.029012147992091286],[28.64364319737581,-0.02800605663406941],[28.643645139012108,-0.028002819974005888],[28.64364321985886,-0.027993227805040988],[28.644551691607433,-0.026479191261501],[28.643845945933833,-0.02516843297661353],[28.6414136970846,-0.023952431759141746],[28.640906946198754,-0.02506705689899036],[28.64019744585562,-0.02597943170525241],[28.63999484388711,-0.027397893697695963],[28.63999484388711,-0.028905352599792877],[28.63999482140406,-0.0289054812028553],[28.63999482140406,-0.028918182328084185],[28.63979219605318,-0.03003305658012323],[28.63847469555094,-0.03064105673922768],[28.63695457059714,-0.029931557295356015],[28.63553569581586,-0.029931557295356015],[28.633508945881317,-0.02932355803562814],[28.63300219679411,-0.030235681931003455],[28.631279320584326,-0.029931557295356015],[28.63016457133807,-0.028816933054827132],[28.628745821562575,-0.028816933054827132],[28.627326945882032,-0.027904807360812356],[28.626009446279113,-0.027904807360812356],[28.62540144701933,-0.028614181798900518],[28.624996196317568,-0.03033705710936374],[28.624894821139264,-0.032161181693027174],[28.624387946146953,-0.03337730701696273],[28.622969196371457,-0.03459330733511479],[28.62215857176085,-0.035910807837353786],[28.621550320690915,-0.03763368314781701],[28.62033419716562,-0.03895130685714321],[28.618307446331755,-0.03824180831264812],[28.61830993925247,-0.03822984283283404],[28.618307469714125,-0.03822897768503708],[28.618814218801333,-0.035796727936485695],[28.62033419716562,-0.03407387870635148],[28.62033419716562,-0.032161181693027174],[28.62033421964867,-0.0321609721509617],[28.62033421964867,-0.032148352864055596],[28.620435719832756,-0.03123635307508721],[28.621651720150908,-0.032148352864055596],[28.622659894338824,-0.030938618122547723],[28.62124632196037,-0.029222181957948123],[28.6202329469931,-0.02800605663406941],[28.620131696820522,-0.025776558141501482],[28.620132245406978,-0.025775279305548793],[28.62013172020289,-0.02576372841315333],[28.6207397185633,-0.02434497773839439],[28.623982718827563,-0.025459727883969663],[28.625097468973195,-0.02464897826757806],[28.625902103199678,-0.02344215193357968],[28.624387946146953,-0.022533682883022266],[28.623779945987906,-0.021317431653983476],[28.622259821933426,-0.021317431653983476],[28.621550320690915,-0.02010130722936765],[28.621551419662467,-0.020090322010617],[28.621550344972604,-0.02008847840039607],[28.621752062907547,-0.01807216060154815],[28.621145071787794,-0.016554308234560722],[28.61962482092889,-0.01716230659502571],[28.618408695604955,-0.016858307864481503],[28.617091446013603,-0.016655681614281548],[28.616989946728836,-0.014527558300017063],[28.616989946728836,-0.013108682619417777],[28.615469820875717,-0.013108682619417777],[28.61445657091417,-0.011689931944658838],[28.61313894630547,-0.011791183016498508],[28.611517446173366,-0.011791183016498508],[28.61090944601426,-0.010575056793300064],[28.61030132084943,-0.008852308287259802],[28.609085196424815,-0.008142932050532181],[28.60797044627924,-0.00783880741488474],[28.60776782092836,-0.009358933268003966],[28.606652945777,-0.009967058432835074],[28.605335572079127,-0.009054931839443725],[28.60482882119328,-0.008345558300732137],[28.60341007141784,-0.007636182064004515],[28.6033086971388,-0.00621730818204469],[28.602396571444785,-0.005305306594436843],[28.601484445750714,-0.005507931945317068],[28.60067372041601,-0.006318659078715427],[28.60067372041601,-0.0076233532349760935],[28.600673696134322,-0.00762342877806077],[28.600673696134322,-0.007636182064004515],[28.60026844633188,-0.008953556661140283],[28.598748196372355,-0.010372432341739568],[28.598545571021475,-0.012601932632946955],[28.597734821405027,-0.01412205758674645],[28.596417320902788,-0.01614905663348054],[28.595505196108093,-0.016858307864481503],[28.59398519616002,-0.015541058273072395],[28.592464946200494,-0.015743557718849388],[28.591046196424998,-0.014831557030561271],[28.590235320903503,-0.01381805705750594],[28.5881071957906,-0.01381805705750594],[28.586485695658496,-0.013716681879202497],[28.585573570863744,-0.014527558300017063],[28.583648071101777,-0.014324807044033605],[28.582330570599538,-0.013919433135185955],[28.57959444622685,-0.013919433135185955],[28.57787144680998,-0.013919433135185955],[28.576655445592507,-0.014324807044033605],[28.575337945989588,-0.014527558300017063],[28.574425821194836,-0.014831557030561271],[28.572399072159612,-0.014527558300017063],[28.57098019557975,-0.014730182751577559],[28.57016946934567,-0.01604764458295449],[28.57016946934567,-0.017656352758308458],[28.570574845053216,-0.018872353076460513],[28.571689595198848,-0.018872353076460513],[28.573513844788295,-0.018872353076460513],[28.574020594774822,-0.01948047824129162],[28.575540718829302,-0.020493853208620294],[28.575945970430382,-0.021709977633179278],[28.575943932566588,-0.021716766615327288],[28.575945946148636,-0.02172280826084716],[28.575641945619452,-0.02273630733458276],[28.574425821194836,-0.02273630733458276],[28.573108320692597,-0.022837683412205934],[28.57189219626798,-0.022837683412205934],[28.569865446333438,-0.02243230680534225],[28.569567884950118,-0.02243230680534225],[28.57006821917315,-0.023432977949426004],[28.570270843624712,-0.02444622791091433],[28.570268255375822,-0.02444622791091433],[28.570270821141662,-0.024459056739942753],[28.568852071366166,-0.024459056739942753],[28.56763594604223,-0.024864432447429863],[28.566622446069175,-0.023546932844510593],[28.565203572187272,-0.023546932844510593],[28.56419019722,-0.023952431759141746],[28.562974070996745,-0.022330931627038808],[28.561859320851113,-0.021925556818814584],[28.56114994641308,-0.021216183280046153],[28.55942707110262,-0.02040530685928843],[28.55851870097746,-0.020607498736922025],[28.558819095225203,-0.021608603354195566],[28.559731220019955,-0.02231810279806723],[28.56003521964982,-0.023128978319505222],[28.56074471999301,-0.023736977579289942],[28.560738851916653,-0.023744798983102555],[28.56074469661064,-0.02374980730758125],[28.560136446440026,-0.024560431918246195],[28.558819071842834,-0.02537118243395753],[28.55760282061385,-0.02547255761226097],[28.556082695660052,-0.02476305726912642],[28.555272071049387,-0.024965807625733305],[28.55415719589803,-0.02537118243395753],[28.552535696665245,-0.02506705689899036],[28.551218321168733,-0.024661807995869367],[28.550914904299532,-0.026381253292072415],[28.551015594194496,-0.028094602983401273],[28.551014813582924,-0.028094549923366685],[28.551015570812126,-0.02810743181237285],[28.549495445858327,-0.02800605663406941],[28.547772571447183,-0.028208807889996024],[28.546049822041823,-0.02871555697720396],[28.545340445805095,-0.030134431758483515],[28.54422569565952,-0.030539681560867393],[28.54219869571341,-0.02972893194447579],[28.541085926774258,-0.02972893194447579],[28.541388093585795,-0.031844352334815085],[28.541386875903754,-0.0318488192674522],[28.541388071102745,-0.031857182962482966],[28.541085186632245,-0.03296784119277163],[28.54128672020613,-0.034580477606766635],[28.54128525700918,-0.03458179331494193],[28.54128669592444,-0.03459330733511479],[28.540273195951386,-0.035505557135593335],[28.539665220074028,-0.037025623633439864],[28.539665220074028,-0.03893847802817163],[28.539665196691658,-0.03893861832239054],[28.539665196691658,-0.03895130685714321],[28.539462571340778,-0.04016730717535211],[28.53804369566018,-0.040471307704535775],[28.5365235716057,-0.04036993162685576],[28.535307572186866,-0.04036993162685576],[28.533381947419116,-0.04128205732092738],[28.532267083059594,-0.04087668611003892],[28.532267093851488,-0.04258672809487507],[28.53257109527999,-0.043701603246233844],[28.53256818957044,-0.04370386234319312],[28.5325710709983,-0.04371443297452515],[28.531659071209333,-0.04442368240682981],[28.530544321063758,-0.04391693331967872],[28.52983494572635,-0.04503168166661453],[28.528720195580718,-0.04645055734715697],[28.52801082204195,-0.047159932684564865],[28.526591946361407,-0.04604518343830932],[28.52517319568659,-0.0451330577442377],[28.52315755597658,-0.04503225003816169],[28.524261095173586,-0.04633635333988195],[28.524260039369494,-0.04634796178885381],[28.524261070891896,-0.04634918216885353],[28.524159695713536,-0.047464058219532035],[28.52223419595157,-0.048072058378636484],[28.521119445805937,-0.04898418317333153],[28.52041007136785,-0.04726130696360542],[28.519193946043913,-0.04665318179871747],[28.51736982235957,-0.04665318179871747],[28.51645757165977,-0.04655205663192419],[28.516155851811277,-0.04816126572967505],[28.517876469823364,-0.04866722791007305],[28.51787568201729,-0.04867983190854375],[28.517876446440994,-0.04868005673904463],[28.51777507126269,-0.05030168187693107],[28.516761571289635,-0.051112307386915745],[28.514734946360875,-0.051112307386915745],[28.512606696242187,-0.05101105811365869],[28.511795820720693,-0.05161918237922691],[28.51017432238723,-0.05151768219513997],[28.50845157118323,-0.0513151818499864],[28.507438071210174,-0.0513151818499864],[28.50612069571372,-0.050200181692844126],[28.504499070575832,-0.050200181692844126],[28.50318169597864,-0.05090968203603552],[28.502877571342992,-0.049389557082236024],[28.502877571342992,-0.0476666817717728],[28.50257357081381,-0.046754556977077755],[28.500749446230145,-0.04655205663192419],[28.49973594625709,-0.04645055734715697],[28.497405195793306,-0.04645055734715697],[28.495783695661203,-0.04634918216885353],[28.494466196058283,-0.04705855660694169],[28.494265604074542,-0.04816224689000137],[28.495378345134668,-0.04907285272980744],[28.496188968846013,-0.049477978425784386],[28.496290344024317,-0.050795478028703656],[28.496289718995513,-0.0508004818565837],[28.496290320641947,-0.05080830685773208],[28.496087696190386,-0.052429806989835015],[28.49568232138222,-0.05324043160049996],[28.494162321434146,-0.05263243234071524],[28.492642070575243,-0.05273380661969895],[28.49041244617763,-0.05141630701677968],[28.488486946415605,-0.05141630701677968],[28.48757938028433,-0.052525610868087824],[28.488588219071232,-0.05413997757773359],[28.488583271001346,-0.05414492564761986],[28.488588195688862,-0.05415280820534463],[28.487372071264247,-0.055368806724914066],[28.48595332058943,-0.05587543260497796],[28.485243946151343,-0.054051308021314526],[28.484331946362374,-0.05344330786221008],[28.482913070681832,-0.053747308391393744],[28.481291695555456,-0.05334180767812313],[28.48058219611164,-0.05202443218161079],[28.478960820985264,-0.052429806989835015],[28.47794732101221,-0.05283518269737897],[28.47754182119826,-0.05425393157349845],[28.476933821039154,-0.05486193263192263],[28.475413696085354,-0.05425393157349845],[28.47429894593978,-0.05344330786221008],[28.4728800711585,-0.05344330786221008],[28.470669320832656,-0.05325030705586187],[28.469257196362662,-0.05452118310597598],[28.467639196391985,-0.0551398069563902],[28.466687445669265,-0.05494943217041737],[28.465497820668077,-0.054711557891948814],[28.46478382101668,-0.05552055742759876],[28.464022320973527,-0.0571385582976518],[28.463451320722015,-0.05866143337829044],[28.461404945781794,-0.06123130817815081],[28.46102419620985,-0.06204030681453787],[28.460691071136182,-0.06318243232323084],[28.460167696282326,-0.0635155573968973],[28.459120695663728,-0.06280168275128517],[28.458264071629742,-0.06332518171160473],[28.457550321090594,-0.06422943294182915],[28.45717572288146,-0.06465062502616092],[28.458406844400486,-0.06578710279239885],[28.458549719693963,-0.0665008533315472],[28.458547905761407,-0.0665047393021041],[28.458549696311593,-0.06651368216051878],[28.458216571237926,-0.06722743269972398],[28.45764557188579,-0.0684173068131031],[28.4571694456136,-0.06946418332523763],[28.457075748846876,-0.07021413157673351],[28.45774059425321,-0.07087897788238706],[28.45835934400867,-0.07159297843304557],[28.45835268902556,-0.07159815403144876],[28.4583593206263,-0.07160580816133688],[28.457507737292417,-0.07226804103709128],[28.457835720042624,-0.07283022793251348],[28.458549719693963,-0.07278260343423426],[28.459120719046098,-0.07292547782839165],[28.459406218722165,-0.0735441025781256],[28.460120094267097,-0.07401997793948567],[28.460643595026056,-0.07411510282958034],[28.461167093986376,-0.07492422827033351],[28.4612148443897,-0.07568560330776108],[28.461214061979547,-0.07568632906065886],[28.46121482100733,-0.0756984321367895],[28.460548445854272,-0.07631705778584319],[28.45983457120866,-0.07674530774960431],[28.458978071281138,-0.07731643300684254],[28.458216571237926,-0.07755443319035749],[28.457788196268382,-0.07807780714495038],[28.457312320907022,-0.07883930718810461],[28.456455695973773,-0.07969580801494658],[28.45593232111986,-0.0804098076663422],[28.45559919604625,-0.0809806820126937],[28.454837570997256,-0.0809806820126937],[28.453739883688854,-0.08035839432426428],[28.4537353214281,-0.0803558078740707],[28.451457195693195,-0.07964393242139067],[28.450744465884554,-0.08124719969833905],[28.450921718662528,-0.08266497820602581],[28.450920091788987,-0.08266497820602581],[28.450921696179478,-0.08267780703499739],[28.45020794564033,-0.08267780703499739],[28.447530946296297,-0.08321318334157013],[28.445924820973858,-0.08464068172190764],[28.444140196413116,-0.08428380825097292],[28.442712446222572,-0.08321318334157013],[28.439678820721156,-0.08499768289658505],[28.438968993024787,-0.08623963315238825],[28.4400357193731,-0.0876617284058625],[28.440392594642674,-0.08855397818336996],[28.440390385907733,-0.08856134183230324],[28.440392571260304,-0.08856680701239839],[28.43985719585305,-0.09035155657892346],[28.437894196160414,-0.09035155657892346],[28.43664494610755,-0.0908868078797127],[28.43468182140907,-0.09213605793257784],[28.432718820817115,-0.09213605793257784],[28.43129107062657,-0.0908868078797127],[28.430934196256317,-0.0883884318804462],[28.430577320986743,-0.08820993174276737],[28.429328070933877,-0.09070830684271414],[28.42790032074339,-0.0908868078797127],[28.426651320702035,-0.0905299317108188],[28.425580470062812,-0.09106529632617821],[28.42558045207636,-0.09337247465981591],[28.425580445781122,-0.09338530798538613],[28.42326044581307,-0.09302843181649223],[28.423082070681176,-0.09142218328696572],[28.421297446120434,-0.09070830684271414],[28.41933444642774,-0.09106530711807181],[28.418085196374875,-0.09231443306447318],[28.41773107303078,-0.09373117195588065],[28.418798969397074,-0.09444322817228112],[28.418796005231627,-0.09445409557986295],[28.418798946014704,-0.0944560570012527],[28.41826357060745,-0.09641918259904969],[28.417906696237196,-0.09838218229174345],[28.413445071433046,-0.09820368305338434],[28.411125195571458,-0.09802518201638577],[28.41005444565633,-0.0969545580063027],[28.409519071148395,-0.09570518204833434],[28.404879197117396,-0.09338530798538613],[28.403629946165267,-0.09409918173167853],[28.401845195699366,-0.09427755686357386],[28.39898994622922,-0.09106530711807181],[28.39898994622922,-0.08892368318129229],[28.39809757144593,-0.08820993174276737],[28.397027070642935,-0.0892808075630569],[28.395420696208305,-0.08945918269495223],[28.39470682066343,-0.09017305734056436],[28.394528446430797,-0.09302843181649223],[28.393457820622075,-0.09338530798538613],[28.39167307105555,-0.09392068339263915],[28.388460946315774,-0.09267130743472762],[28.387033196125287,-0.09267130743472762],[28.38649794572376,-0.09392068339263915],[28.385605445934743,-0.09356380722374524],[28.383999320612304,-0.09320680694844441],[28.38239319618924,-0.09392068339263915],[28.379716320951616,-0.09195755689557927],[28.37882419617989,-0.09320680694844441],[28.377039320708263,-0.095526806916439],[28.37347019569313,-0.09606205821722824],[28.372042696413473,-0.09606205821722824],[28.3716858211439,-0.09766830764613132],[28.369544071302016,-0.09909593193157207],[28.368473446392613,-0.09838218229174345],[28.367045821207853,-0.09856055742363878],[28.366331820657138,-0.10052368302137893],[28.366154432081544,-0.10247447441730628],[28.367402593954694,-0.10318772763133666],[28.36739899756583,-0.10319851679793146],[28.367402570572324,-0.10320055825900454],[28.366510320794816,-0.10587743259725357],[28.365617946011582,-0.10891118310445336],[28.364547446107906,-0.10926818337981103],[28.36365494631889,-0.10819743166598528],[28.36187032085877,-0.10623430696750802],[28.36187446763273,-0.10622601341964355],[28.36187034514046,-0.10622147813853644],[28.362405719648393,-0.10515072822335014],[28.36258307315046,-0.10337756102546791],[28.360978196087046,-0.10141593189956666],[28.360621320817472,-0.09980968157140069],[28.35847957097559,-0.09873905666199789],[28.357409071071913,-0.09980968157140069],[28.355624195600285,-0.09998818170907953],[28.353125821399715,-0.0992744320692509],[28.35187657134685,-0.09677605696930414],[28.34902132097733,-0.09677605696930414],[28.345987446363722,-0.09624055655626762],[28.344916820555,-0.09499143240850572],[28.342775320724627,-0.09392068339263915],[28.340990571158102,-0.09142218328696572],[28.33974144611102,-0.09035155657892346],[28.337959630133014,-0.09142049795747198],[28.338313720202166,-0.09283710284984181],[28.33831264191508,-0.09284571655643958],[28.338313695920476,-0.09284993167887023],[28.338135195782797,-0.09427755686357386],[28.33688594572999,-0.09499143240850572],[28.336351688180002,-0.09641620134647155],[28.336529093842785,-0.09801235318741419],[28.336527789825823,-0.09801365720437616],[28.336529071359735,-0.09802518201638577],[28.335458445551012,-0.09909593193157207],[28.332781446206923,-0.09891755769893962],[28.33171082129752,-0.09980968157140069],[28.328677070790377,-0.10070218225973804],[28.32724919559405,-0.10212980834381824],[28.324572446261527,-0.10284355798364686],[28.322430696419644,-0.1044498074124931],[28.320467695827688,-0.10266518285175152],[28.318326195997315,-0.10088068239741688],[28.317255571087912,-0.10159443293656523],[28.315113946251756,-0.10195130730681967],[28.31368646855583,-0.1042712704026485],[28.31368646855583,-0.10532922836102898],[28.314935468597184,-0.10639997827621528],[28.31493428508935,-0.10641181335432748],[28.314935446114134,-0.10641280800450659],[28.314756970258145,-0.10819719874154998],[28.314756970258145,-0.10943385288982199],[28.31654171892535,-0.11139685258251575],[28.317077219338387,-0.11353835331220807],[28.317075177877314,-0.11354311522245553],[28.317077195956017,-0.11355118214117965],[28.3165416964423,-0.11480043309336452],[28.314221820580713,-0.11480043309336452],[28.312615571151866,-0.11497893233172363],[28.311187820961322,-0.11622805737880526],[28.31011719605192,-0.11551430773897664],[28.30922482126863,-0.11372968227885849],[28.308153946347716,-0.11319430687160548],[28.30672644616874,-0.11408655664911294],[28.305834071385448,-0.11462205796146918],[28.30422782105728,-0.11480043309336452],[28.302621945746353,-0.11587118210923109],[28.30155107082544,-0.11640655841580383],[28.30048019590447,-0.11747730743161355],[28.298697066916247,-0.12015212591973068],[28.298874343975967,-0.12156897812565148],[28.29887285559795,-0.1215700950836549],[28.298874320593598,-0.1215818069546799],[28.298160320942202,-0.12211730736765958],[28.295305070572738,-0.12211730736765958],[28.29405569641341,-0.1215818069546799],[28.2928064463606,-0.12176030799167847],[28.291735969839294,-0.1222957949148622],[28.291735969839294,-0.12388897809370292],[28.29405571979578,-0.12460285273931504],[28.294048887646227,-0.1246135870472358],[28.29405569641341,-0.12461568336692608],[28.2928064463606,-0.1265788071660836],[28.2897726958534,-0.1292556833029721],[28.289594195715722,-0.13050493155719778],[28.288702070943998,-0.13193255764127798],[28.28763119602303,-0.134074056572274],[28.284775945653507,-0.134074056572274],[28.282991196086982,-0.1355016826563542],[28.281563695908005,-0.13496630814842092],[28.2796004462038,-0.13460943287884675],[28.27888657065887,-0.13514480828609976],[28.27763757061757,-0.13692943194757845],[28.2765666956966,-0.13764330839183003],[28.275674320913367,-0.1371079320852573],[28.274246820734334,-0.13728643312225586],[28.274069712747234,-0.13888102463943142],[28.275317469026163,-0.14030735300178776],[28.275674344295737,-0.14137810291697406],[28.27567087111396,-0.1413805832471553],[28.275674320913367,-0.14139093174594564],[28.274425195866286,-0.14228318242277282],[28.272462196173592,-0.14049868196843818],[28.271391321252622,-0.14032018273007907],[28.269249821422306,-0.14067705799965324],[28.267643696099867,-0.14174780791483954],[28.26585907063975,-0.14406780788289097],[28.26460982058694,-0.14496018176680536],[28.26353919567748,-0.142640057692347],[28.26353919567748,-0.14067705799965324],[28.26193307125442,-0.14067705799965324],[28.261576195984844,-0.142640057692347],[28.260148320788517,-0.14424630802051297],[28.2583638212335,-0.14478168342776598],[28.256222343886236,-0.14674466063740965],[28.256222343886236,-0.1486948530848622],[28.25729296879564,-0.1495872278680963],[28.257828344202892,-0.15047947764560377],[28.257823518440773,-0.15048430520636202],[28.257828320820522,-0.15049230737395192],[28.256936071043015,-0.15138468305650576],[28.25515157058868,-0.15138468305650576],[28.253902321435135,-0.14977843182902006],[28.25158232056782,-0.14906468308851117],[28.250333071414275,-0.15049230737395192],[28.248370195828045,-0.15138468305650576],[28.244087071161573,-0.15156318229486487],[28.239982570739187,-0.14870768191383377],[28.23837632131034,-0.14870768191383377],[28.23516407066552,-0.14817243241168399],[28.23409344575606,-0.14656618208346117],[28.23248707132143,-0.14656618208346117],[28.231951695914177,-0.14727993262260952],[28.23070269587288,-0.14870768191383377],[28.229631820951965,-0.14870768191383377],[28.22820407076142,-0.14745855686675213],[28.225884195799154,-0.14727993262260952],[28.22356419583116,-0.14745855686675213],[28.222672071059378,-0.14995693286601863],[28.221244195863108,-0.15031380723627308],[28.21981669568413,-0.14835093164998625],[28.219281321176197,-0.14531705793569927],[28.217496570710352,-0.14299705706838495],[28.21606908312185,-0.14281855783002584],[28.216069094813065,-0.14405497815454282],[28.216069071430695,-0.14405521197829785],[28.216069071430695,-0.14406780788289097],[28.215890571293016,-0.14585243244363255],[28.2151765707423,-0.14710155659139446],[28.213927320689436,-0.14620930771320673],[28.209644321028748,-0.14656618208346117],[28.20821682084977,-0.14817243241168399],[28.206432071283245,-0.14656618208346117],[28.204112071315194,-0.14603080667620816],[28.202327445855133,-0.14460318329008714],[28.200899820670372,-0.14228318242277282],[28.199115196109574,-0.14121243340690626],[28.198401320564642,-0.14228318242277282],[28.195724446226393,-0.142640057692347],[28.195545946088714,-0.1435323083691742],[28.19501057068146,-0.14406780788289097],[28.193047570988767,-0.1435323083691742],[28.190370820756925,-0.1435323083691742],[28.18840757105272,-0.14442480725887208],[28.186087696090453,-0.14424630802051297],[28.18341094585861,-0.14620930771320673],[28.1823400709377,-0.14870768191383377],[28.18037694623922,-0.14942155835808535],[28.178413945647264,-0.14852930768125816],[28.17716469469508,-0.14835093164998625],[28.176094070684996,-0.14942155835808535],[28.174666321393772,-0.15031380723627308],[28.172167946293825,-0.15067068340516698],[28.170918696241017,-0.15084918174420636],[28.170740814836904,-0.15262637790488043],[28.171097093855963,-0.15529797771932863],[28.171095602779985,-0.15529980064513893],[28.171097071372913,-0.15531080834693967],[28.16949550471395,-0.15726823584026306],[28.17038321921035,-0.15868872760250952],[28.170381525786922,-0.1586988854450624],[28.17038319582798,-0.15870155733085767],[28.170204695690302,-0.1597721831395802],[28.169847820420728,-0.1608429330547665],[28.168955694749684,-0.16209230721403856],[28.1669924459448,-0.16262768262129157],[28.165743195891935,-0.16209230721403856],[28.164315570707174,-0.16191380797567945],[28.163066320654366,-0.16191380797567945],[28.161281946105078,-0.16262768262129157],[28.16003269605227,-0.1636983084300141],[28.159675570771128,-0.16530443195381395],[28.159140196263195,-0.1661968067371049],[28.157891196221897,-0.1663753068747269],[28.157015070389377,-0.1663753068747269],[28.156285094281827,-0.16637530957274294],[28.15467884395366,-0.166018310196705],[28.152894219392863,-0.1642336838372671],[28.15093121880085,-0.1642336838372671],[28.149503468610362,-0.16459068411262479],[28.148254218557497,-0.16459068411262479],[28.148254218557497,-0.1658271026385023],[28.148254218557497,-0.16583993416548992],[28.147183593648094,-0.16637530957274294],[28.145577470124294,-0.16655380971036493],[28.14468509444174,-0.16780293385812683],[28.14254359371205,-0.16887355876758647],[28.14254359371205,-0.17028860333618923],[28.142722218855454,-0.17153772838327086],[28.14272034556768,-0.171537461284629],[28.142722218855454,-0.17155055901093874],[28.14147271879108,-0.1713720588732599],[28.139152843828867,-0.17030143486317684],[28.138617469320934,-0.16905205890520847],[28.137903593776002,-0.16655380971036493],[28.137598115660694,-0.1664100323969251],[28.136654343723137,-0.16600547777039765],[28.135306182634395,-0.165331302797199],[28.134869844168122,-0.16512593361477457],[28.13308521870806,-0.16441218397494595],[28.13147909428494,-0.1642336838372671],[28.12928021860739,-0.1629845596895052],[28.12928021860739,-0.16368485277359923],[28.12928021860739,-0.16369768519984973],[28.127140298885877,-0.16672949766802958],[28.127607479601693,-0.17018890269554277],[28.12760518543115,-0.17018474243172932],[28.127607479601693,-0.17020173422247353],[28.118637360026298,-0.15393676656833577],[28.118316240002628,-0.1335037092286484],[28.11365532003714,-0.11102281914764944],[28.113656666322242,-0.11101647802786374],[28.116337319611773,-0.09838483619108729],[28.11633565856397,-0.09837983236320724],[28.110325320257516,-0.0802736880800694],[28.10771243987739,-0.05686780300652572],[28.101982320427908,-0.050692809625275004],[28.101513240343934,-0.04770975929778842],[28.101514503891394,-0.047704966810613314],[28.103756400437703,-0.03920668464064647],[28.10375496961632,-0.03919927512629329],[28.10118852033412,-0.025902716836753825],[28.09887335961804,-0.01833685716007949],[28.0912874396638,-0.005053794996456418],[28.09129204509196,-0.005049026790970856],[28.100675520059383,0.004668204574159063],[28.100673707026147,0.004679159215982054],[28.09999151999284,0.008801149653493212],[28.099993173846087,0.008803985215934063],[28.102270320219247,0.012706279371457185],[28.10226855125279,0.01271607838447153],[28.101814200265267,0.015232258262244613],[28.097252280368593,0.01867616797090932],[28.09702332017025,0.022350236674242296],[28.09702406930552,0.022351054157979888],[28.102495319803324,0.02832228904259182],[28.102724280001667,0.033374245025527216],[28.102723725119972,0.033374833182165276],[28.09838843977485,0.037967327330477474],[28.09838843977485,0.03798015795808851],[28.09838843977485,0.041871194400243894],[28.10272032028672,0.049220229330273924],[28.106596439674092,0.06300019120601519],[28.106595393762575,0.06300930493563328],[28.10591136042109,0.06897115809260868],[28.09952351999459,0.07907632641149576],[28.099525200827543,0.0790864986431643],[28.10020643997541,0.0832101681149311],[28.106819279985928,0.09377529019764097],[28.10681726640388,0.09378490395033623],[28.105905239635263,0.09813928819772855],[28.102483439759112,0.10296125965459169],[28.102487330226268,0.10296860981367217],[28.104307200117375,0.10640714697240128],[28.12802940013688,0.11582525483180461],[28.13076647958951,0.1192713202154323],[28.13076225907116,0.1192788367490607],[28.12780043993854,0.12455324363742193],[28.127804896079283,0.12455814134528964],[28.130308200363345,0.12730919536323881],[28.135802820643846,0.12740019326446372],[28.136923199646105,0.1277691509257579],[28.139433479971274,0.1325921988710661],[28.13942962367838,0.13259762268228314],[28.138290480321587,0.1342002424473776],[28.138293493949732,0.13420883277154871],[28.13966027999811,0.13810517971046465],[28.152204479853026,0.14476624406705696],[28.15403040038285,0.1509682557805263],[28.15402852979298,0.15097473539589146],[28.151975519654684,0.15808819201663482],[28.14056640001951,0.1801371952755062],[28.13760036036848,0.18358325076656],[28.131212519941982,0.1867982470416223],[28.121860440307216,0.18496023063028133],[28.12026420033277,0.18679716605652175],[28.12027064667319,0.1868025781765823],[28.127105280184708,0.19254028880345686],[28.12824648029101,0.19713424524940137],[28.12824522483743,0.197142024385073],[28.126875239900585,0.205633305332924],[28.126876495354168,0.20563836042214234],[28.128015359921108,0.21022725638295015],[28.133718479924084,0.21619926738242157],[28.134174240149207,0.22079321663380824],[28.13417310520481,0.22079460518705218],[28.127784239551204,0.2286032341521036],[28.120027319805104,0.23411528329387465],[28.112955480211383,0.23434417784170591],[28.10793744036073,0.23204729584620054],[28.10177820040377,0.23342427211264294],[28.099952279874003,0.2348023302635056],[28.096756199938852,0.2451391954177211],[28.094246280241805,0.24651725176988748],[28.086946199907345,0.2449083178647129],[28.083296519918633,0.24743427337318735],[28.080328320096044,0.2552442747036707],[28.077362280445072,0.25800020484575725],[28.07621927989601,0.26512117260421064],[28.07462124037812,0.26604017631325405],[28.069603199628148,0.2648902950512593],[28.066179239580435,0.26971420364776577],[28.065950280281356,0.27293026292147715],[28.06595107887938,0.27293187270794306],[28.06845840043502,0.27798432421735697],[28.068456154827857,0.27799263125507423],[28.067775479554882,0.28051117275259685],[28.06206947992274,0.2848753038523455],[28.05841619994783,0.2968201541269764],[28.055221200098458,0.3021032790432514],[28.054535399589213,0.30738622139716654],[28.054536439205492,0.3073910462599656],[28.05681419981562,0.31796708970961163],[28.05771789436551,0.31725093528257275],[28.058074894640868,0.3145739350392205],[28.05914551865095,0.312075559039954],[28.060216270364776,0.3106479347545701],[28.06039476960308,0.3085191414454016],[28.06039476960308,0.30774582431052977],[28.06039476960308,0.3074355600032277],[28.062179394163877,0.3065561408533881],[28.063785520385636,0.3058423912135595],[28.065927019316632,0.30405764074765784]]]},"properties":{"nom":"Musienene","province":"Nord-Kivu","zscode":"CD6105ZS07"}},{"type":"Feature","geometry":{"type":"Polygon","coordinates":[[[29.29240569926378,0.12110492365349046],[29.292550676272867,0.12093095160230405],[29.29275082039419,0.12069077865669442],[29.29288313494891,0.12060256865379415],[29.293164965390986,0.12041468229193697],[29.293499686761322,0.11994607165405569],[29.29354743086941,0.11965142047682775],[29.293579108589142,0.11941383308209197],[29.293571857355516,0.11928331177557538],[29.293544597105665,0.11879261648624606],[29.293820692571046,0.11817139899102358],[29.294269349950696,0.11758469477803146],[29.29461447018184,0.11717055068055515],[29.294669889104284,0.117019407020166],[29.294994102795783,0.11613518818853663],[29.295201175294153,0.11544494772630287],[29.295304710644018,0.11482373023113723],[29.29527019916054,0.1143060489851564],[29.29511150569158,0.11392915390746339],[29.294896742191042,0.11343789744120159],[29.29461447018184,0.1128220327108238],[29.29430386233355,0.11206276748288246],[29.29416581370151,0.11151057475336756],[29.294096789835123,0.11099289350738673],[29.29430386233355,0.11040618839501803],[29.294454343193536,0.1102146669734907],[29.294753654657598,0.10985171138753458],[29.294861695610905,0.10974190146771434],[29.294962599544476,0.10963934547959298],[29.295151945506063,0.10944690045425887],[29.295363100027203,0.10923228983847366],[29.295395070925963,0.10911499216331322],[29.29554489977744,0.10856528965655343],[29.295637332996705,0.10843433307815076],[29.295814477856027,0.10821607661080179],[29.295970883449684,0.10801346834705328],[29.296094745276434,0.10789153556606834],[29.29622055503478,0.1077676854304741],[29.29645479964944,0.10753708936533712],[29.29648672018618,0.1074503533512825],[29.296525900050426,0.10734388980881704],[29.29648079994911,0.1071182894776257],[29.296283100185065,0.10698318972259813],[29.2960110777492,0.1069032831601362],[29.295553588127746,0.1067834700812682],[29.295261647507175,0.10673032554427664],[29.294718006431026,0.10660986315480159],[29.294549431211465,0.10646938365528058],[29.29430386233355,0.10626474382303286],[29.294131302217977,0.10574706257705202],[29.294131302217977,0.10516035746468333],[29.294476422449122,0.10443560461959578],[29.294970713227997,0.10320960563893777],[29.295373735409726,0.10205427358602037],[29.29290225273695,0.10058729226989271],[29.29209391600159,0.1001529404060193],[29.291511369354396,0.09986808464452679],[29.29025594275771,0.09927404915822535],[29.290092540438536,0.09920596418407968],[29.28993489288115,0.09885913973766947],[29.28993489288115,0.09844925572872398],[29.290061011106957,0.09826007883970078],[29.290482730194014,0.09783835885332337],[29.2906195494528,0.09770153959453864],[29.29075041969628,0.0975706693510574],[29.29087831588174,0.09744277316559646],[29.291015134241206,0.09730595390681174],[29.29120119408003,0.09712671182842314],[29.29154135185206,0.09682057001344901],[29.291627788391907,0.0967427777571288],[29.29184218137175,0.09654982371557708],[29.29207890002141,0.09633677702078103],[29.292279242892903,0.09620714424448806],[29.29241621593576,0.09611851425819395],[29.292614902256105,0.09598995257442766],[29.292961726702515,0.09558006856548218],[29.292961726702515,0.09533206612212552],[29.292961726702515,0.09507559656168496],[29.292772549813492,0.09438194766892138],[29.29242572536708,0.0939720636599759],[29.291448309791804,0.0934360614252796],[29.291160360362483,0.09341912269451313],[29.290912307557107,0.09340453119432368],[29.290706507599396,0.093503965635648],[29.290371811410125,0.09366567722941],[29.29016719136297,0.0937645415005477],[29.289977082776318,0.0938832205343374],[29.28983943793986,0.09396914805790857],[29.289645848077612,0.09408999985379296],[29.28917818442585,0.09438194766892138],[29.288814887996864,0.094334141507602],[29.28836612989312,0.09427508932407136],[29.287948532399014,0.09422429921221465],[29.287823151617317,0.09422222807353364],[29.28750711905849,0.09419276898125872],[29.287464781674487,0.09420273077154206],[29.287208316610702,0.09426307528087818],[29.286971116823736,0.09431888720706638],[29.286592763045746,0.09450806499535247],[29.286509988545276,0.09462187959621815],[29.286340526594188,0.09485488944176268],[29.28626146719313,0.09512369140537658],[29.286208706666628,0.09530307917390246],[29.2861828790368,0.09539089167645898],[29.286095995533913,0.0955646586822354],[29.285899113253663,0.09595842324279147],[29.28570993636464,0.09636830725173695],[29.28558411671378,0.0965220868250185],[29.285426169682125,0.09671513169814716],[29.285128736901868,0.09671513169814716],[29.284864498997592,0.09674469331309865],[29.284722820701802,0.09673649599267264],[29.28435205540319,0.09674666102972651],[29.28406200515758,0.09670942819769834],[29.28388122433921,0.09668360236651097],[29.283633355894835,0.09655966859401133],[29.283565928325118,0.09652595480912396],[29.28343218924431,0.09638005599492772],[29.28320663028194,0.09642131958838718],[29.283134756463994,0.09638005599492772],[29.28291666727057,0.09629758906265806],[29.28273016766326,0.09648408777059103],[29.282282829589064,0.09693142584478665],[29.280836117193246,0.09837813913998161],[29.280416667095665,0.09879758923750614],[29.280416667095665,0.10046425602075715],[29.278750000312414,0.10296425619560523],[29.278750000312414,0.10546425637051016],[29.279583333704068,0.10629758976210724],[29.278750000312414,0.10879758903769243],[29.274583333354315,0.1121309226041376],[29.272916666571064,0.11463092277904252],[29.268749999612965,0.11129758921254052],[29.268749999612965,0.10713092225444143],[29.266250000337436,0.1046309220795365],[29.265416666945782,0.09963092262916007],[29.259583333204432,0.09463092227940706],[29.259087929964153,0.09512632641900609],[29.25874999981278,0.09546425657032387],[29.25845256703252,0.09546425657032387],[29.25458333285468,0.09546425657032387],[29.25367755907223,0.09455848098929209],[29.25224726829697,0.09315032972409654],[29.25208333267983,0.09296425639547579],[29.251785899899517,0.09296425639547579],[29.24941803171697,0.09253590930495648],[29.2462499998378,0.09213092210455898],[29.24291666717062,0.09629758906265806],[29.24386221257123,0.09863999833743264],[29.238452567432205,0.10046425602075715],[29.234285900474106,0.0979642567452288],[29.231671885149524,0.09739195517477128],[29.229482396595472,0.0967567082556684],[29.22897051237942,0.09643019859493052],[29.2288489735015,0.09635267343730902],[29.228785133327392,0.0963258898281083],[29.22858845968983,0.09626407762522149],[29.22625035097309,0.09552923528616475],[29.22582034013675,0.09538205044145798],[29.22487345564565,0.09498817976083274],[29.224042160117733,0.09716569384187324],[29.22373159633628,0.09864153078217441],[29.22348565513903,0.09981027442478307],[29.22312179573447,0.10060278399146227],[29.222378465593863,0.1022218046927037],[29.22210607893254,0.10281508025190078],[29.221924072338254,0.10305601042671242],[29.221839313034025,0.10316820984519381],[29.221742574760185,0.10329626610996456],[29.221536476227584,0.10356908804311615],[29.22146331368117,0.10366593603430374],[29.221373404858923,0.10378495231384477],[29.221257295188195,0.10393865094812327],[29.22115188744982,0.1040781843609011],[29.220903751906803,0.10440665094637325],[29.22070151866035,0.10467435573707462],[29.220626999936258,0.10477299967436693],[29.22070116432741,0.10540717999754179],[29.220732529083136,0.10567537581812303],[29.220765704174084,0.10595905616565915],[29.220770042503602,0.10622039555499896],[29.220762776880804,0.1065699512424203],[29.220749947152513,0.10718722880773157],[29.22073629184655,0.10784419615288243],[29.220727391256275,0.10827238766074743],[29.220719999728374,0.10862800028212405],[29.220752398704406,0.10901348748262762],[29.22077899975119,0.10933000027944217],[29.220899080828076,0.10937961138012042],[29.221144755826003,0.10948111156420737],[29.221503797562377,0.1096294493397636],[29.221720004474776,0.10971877450202783],[29.221881661209864,0.1097855635530891],[29.222014090877735,0.10984027650772532],[29.222134124290562,0.10988986782331267],[29.222436999767865,0.11001500039213852],[29.22245883440786,0.11004655940138264],[29.222517790363895,0.11013177106451622],[29.22268450128888,0.11037272642033713],[29.222913119744817,0.1107031598231174],[29.223215326126592,0.11113995424562972],[29.223495567466614,0.11154499990198019],[29.22355440741012,0.11170601272249314],[29.223648648266646,0.11196389421849062],[29.223718941975733,0.11215625021094411],[29.223894116420524,0.11262584110983198],[29.224052709165335,0.11292574432781066],[29.22417499987648,0.11315699959601488],[29.223850854533453,0.11418619903400895],[29.223743380153053,0.11452744138847493],[29.22362040235987,0.11491791083307135],[29.223553699643674,0.11512970027558822],[29.22365799582002,0.11549007390794941],[29.223896999646968,0.11631589975911538],[29.223477567535895,0.11747188921646057],[29.223068960564262,0.117585112962729],[29.222341314600158,0.11791323061129333],[29.221377871791503,0.1184698021398276],[29.221377871791503,0.11851739156452368],[29.221327630266103,0.12003969467633624],[29.22194798711007,0.12053136033415512],[29.222090866900146,0.12064460026823554],[29.222287477585212,0.12193902146884739],[29.222319540214755,0.12215010944015603],[29.222541466815414,0.12365878962162924],[29.224973567276493,0.12645458940795606],[29.224552567647038,0.1267775890146936],[29.223150566845334,0.12724858915123605],[29.221639567312366,0.12728258981979934],[29.21920856762148,0.12826858942401032],[29.217924566865406,0.12788099960857835],[29.21659258547959,0.1280786616011369],[29.216085644836824,0.12815388989025678],[29.21564031135148,0.1285665555022888],[29.214652102113007,0.1289231546800238],[29.211997000361464,0.12994100017715482],[29.21083399978943,0.13134900035623787],[29.20927756740599,0.13301458975166724],[29.20786300037736,0.13442500011382208],[29.207021553302184,0.13629740839883198],[29.20628010094606,0.13794730732251992],[29.206087000314994,0.1383769997988793],[29.205991258489973,0.13878734246202384],[29.205416667245572,0.14125000008760935],[29.207279150612464,0.14373331154325797],[29.208567498691252,0.1456310087642123],[29.21011923391569,0.14796425664530943],[29.210243422196356,0.14796070702118413],[29.211346117829237,0.14835175113256582],[29.212878572488307,0.14912913769973102],[29.2154166670457,0.15041666739546145],[29.218749999712884,0.15041666739546145],[29.219752013544735,0.15141867942867293],[29.220842532357153,0.15129588239921077],[29.221929439492214,0.15129758931243487],[29.226217627341782,0.15129758931243487],[29.229285900124353,0.15129758931243487],[29.229583332904667,0.1512499998877388],[29.230416667195584,0.15208333327939272],[29.230416667195584,0.15458333255492107],[29.228750000412333,0.1562500002374918],[29.228750000412333,0.1579166670207428],[29.232619234590175,0.1629642567951919],[29.234285900474106,0.16713092285397124],[29.234285900474106,0.16796425624556832],[29.23172107446817,0.16988787552520535],[29.230952566907604,0.17046425642047325],[29.232619234590175,0.17213092230440452],[29.2317859002992,0.1746309224792526],[29.2349598191405,0.17634683523840522],[29.237947201502323,0.17796190072130003],[29.23851229140928,0.17714975265914745],[29.241324977765657,0.1776509592245361],[29.244963408134936,0.17587476131132007],[29.24512189835707,0.1765480981163705],[29.245481858301275,0.17807736827609233],[29.24592279320251,0.1785044401279947],[29.246088967232197,0.17866538909657947],[29.24625155926219,0.1771576774850132],[29.24638236745244,0.17594468899636695],[29.246690303414937,0.17489009270377665],[29.246900581996442,0.1741699461862254],[29.24696956719191,0.1739336897881003],[29.24855566731037,0.1725139894292056],[29.250318066925388,0.17192238930698522],[29.252021766891176,0.1716264898707891],[29.253877757152964,0.17250560594914077],[29.25507686730373,0.1731637891776927],[29.25558590876284,0.17336302498375744],[29.257191866811354,0.1739915890407815],[29.25847836678338,0.17518878903155155],[29.25983269362405,0.17598019602939985],[29.260929867419634,0.1765028891971383],[29.263606711180955,0.17679632988688354],[29.268339967215866,0.17723638974774758],[29.277737267461077,0.17856978936447376],[29.280918567038384,0.17932458945841745],[29.28302756716863,0.18005258975534844],[29.28582561346144,0.18202074166407556],[29.286123046241755,0.18202074166407556],[29.28871119436627,0.18728624256618787],[29.28894940409191,0.1878222142239565],[29.290607803407568,0.1904480124659358],[29.2925000003749,0.19338092199211587],[29.295416667245547,0.19629758976213907],[29.29708333312948,0.19629758976213907],[29.299583333304327,0.19379758958723414],[29.301250000087578,0.19379758958723414],[29.302156521206655,0.19440193670016015],[29.303750000262482,0.19546425637048515],[29.305416667045733,0.19463092207956834],[29.305416667045733,0.19379758958723414],[29.305416667045733,0.18879758923753798],[29.310135336077053,0.1847530151396768],[29.311335414797725,0.18371217487714375],[29.31208333327936,0.18296425639545078],[29.307083332929608,0.1771309226541007],[29.307083332929608,0.1754642567701694],[29.302697780878077,0.17107870381926205],[29.30262126475975,0.17081089920378645],[29.30259538137193,0.17050029135549494],[29.302167279796265,0.1700680636903371],[29.30158590406637,0.1695943493998584],[29.30123966957524,0.16919682207583264],[29.301047465568274,0.16897614283487883],[29.300679947721562,0.1686021147959309],[29.3005413630936,0.16849153325779298],[29.30025525997246,0.16836353994557385],[29.299592832843132,0.16806719174763884],[29.299355071879233,0.16792763585186776],[29.298662357382057,0.16752104246228328],[29.29847791812159,0.16741278477235255],[29.298402168225664,0.16736832229042875],[29.298330710793834,0.1673081477529763],[29.29813891777701,0.16714663760740223],[29.297967508793647,0.16700229372105468],[29.297879725968755,0.16692213624776286],[29.29764236880044,0.16668617572656785],[29.297457203787076,0.16648035868178113],[29.296910279286124,0.16575877055100818],[29.29654972938664,0.16527192525933287],[29.296357329327464,0.1649352235818924],[29.29628324227798,0.16487797453908115],[29.296070531030352,0.16471360634801613],[29.29578788040652,0.164495194297956],[29.295736357347153,0.16442306237456705],[29.29552904023319,0.16413281877470354],[29.29538301551389,0.16389386890710966],[29.295326503015872,0.16380139431907992],[29.2952443148734,0.16366690520368365],[29.29495959131225,0.1633304130682518],[29.294285265252938,0.16300512288825075],[29.29397599829383,0.16276096414736685],[29.29384460374564,0.16222552758620168],[29.293794810082602,0.16177737112894874],[29.293846576858186,0.1613632261321527],[29.294097927477537,0.16106759739187737],[29.294234837567842,0.1607937772112109],[29.294286606142123,0.1603796331137346],[29.294260721854982,0.15983606847993315],[29.293665388646957,0.1586454020638257],[29.293070056338195,0.1569111728125563],[29.29325124365016,0.1546333771287891],[29.293227565400002,0.15337840468976083],[29.293303930432216,0.1526460588686973],[29.293578286608806,0.15078737783539964],[29.294181321610893,0.1478991106556009],[29.29430386233355,0.14705798373910284],[29.29430386233355,0.14567750011667613],[29.2930106102516,0.14219626584514344],[29.292565697648968,0.1403335513524553],[29.292336675397394,0.13901667497970038],[29.29227999472613,0.13754299011708326],[29.292336487439115,0.1341312995199928],[29.292796857589053,0.12882579137732364],[29.292950517552526,0.12712273082951242],[29.29293206346415,0.1260527237543556],[29.29299240437615,0.12566051322227167],[29.29351008472281,0.12486673651085312],[29.293620718421607,0.1244795181154359],[29.29378618108757,0.1239003996838619],[29.293579108589142,0.12286503809121996],[29.293265486213386,0.12243737088812168],[29.29303716723166,0.12219664126212137],[29.292964179153728,0.12212886655413513],[29.292556828534998,0.12176821682987793],[29.292336675397394,0.12158809161729778],[29.29240569926378,0.12110492365349046]]]},"properties":{"nom":"Butembo","province":"Nord-Kivu","zscode":"CD6110ZS01"}},{"type":"Feature","geometry":{"type":"Polygon","coordinates":[[[29.318688144142698,0.2246332920929035],[29.319766414188848,0.22359172877543187],[29.320286491228728,0.22308935668860386],[29.320562397836568,0.22282284260029428],[29.321836267729736,0.2208449312487346],[29.32197464461433,0.22063007601735762],[29.322103155936077,0.22043053803906787],[29.322339160523995,0.220064099378817],[29.322531246719848,0.2196799260879061],[29.32443195217303,0.21594989976824763],[29.330630136371838,0.20563541694110654],[29.331808280627797,0.2038146486273149],[29.33270543081113,0.19941473080535843],[29.33321959840589,0.1970243094244779],[29.333580707683666,0.19557444220691877],[29.333711850421707,0.19334502105601814],[29.333711850421707,0.18977582859179165],[29.333949795746662,0.1871584219238116],[29.33327418815344,0.18530050171693802],[29.333084675817304,0.18393436497910898],[29.3312500003874,0.1820833326798379],[29.333749999662928,0.1812500001875037],[29.334583333054525,0.1795833334042527],[29.334583333054525,0.17541666734547334],[29.334583333054525,0.1737499996629026],[29.336063359936304,0.17177663168638446],[29.33708333322943,0.17041666699572033],[29.33708333322943,0.16625000003762125],[29.339583333404278,0.16374999986277317],[29.340367400135563,0.155909326254573],[29.340475760348227,0.15558115374739145],[29.340487577439887,0.15554767288693938],[29.34051235286296,0.1554774754053483],[29.34075339815098,0.15479451405576583],[29.341000619083445,0.1546438038686233],[29.341484529887282,0.15434880375443072],[29.34178923548501,0.1540440981567599],[29.343014683181252,0.15265528861084476],[29.345416667145628,0.14625000043730552],[29.346249999637962,0.13874999991270442],[29.345416667145628,0.13791666742042707],[29.345416667145628,0.13458333295460534],[29.346514412010663,0.13168671556962863],[29.347916667320533,0.12958333260485233],[29.35291666677091,0.1254166674453927],[29.35291666677091,0.12291666727054462],[29.35458333265484,0.12041666709569654],[29.35458333265484,0.11374999996269253],[29.35874999961294,0.11041666729551025],[29.36041666729551,0.10708333282968852],[29.362916666571095,0.10541666694575724],[29.36458333335429,0.10625000033741117],[29.371249999587974,0.10124999998765816],[29.372916667270545,0.09874999981281007],[29.37208333297957,0.09583333294210661],[29.371307333167067,0.0948353372811539],[29.373051977466957,0.09239283436198775],[29.37368679361083,0.0915040919404646],[29.373448848285875,0.09055230704348105],[29.371048582925937,0.08902486700418422],[29.368776697586668,0.0873456276987099],[29.366410182883783,0.08533585516573794],[29.365420292812416,0.0843881352044491],[29.363455112263807,0.08198624836683166],[29.36249976964882,0.07644526084027348],[29.362265381142606,0.07508581056185903],[29.362265381142606,0.07127867277267796],[29.360361812248016,0.07080278122356276],[29.357268513131544,0.07080278122356276],[29.353461376241683,0.07127867277267796],[29.3510819148986,0.07127867277267796],[29.3498921837774,0.07008894255079667],[29.347988615782185,0.0679474283313084],[29.347512723333693,0.06509207543911089],[29.346392102413745,0.06262670725686803],[29.345757427463468,0.060355529684102294],[29.345275879178644,0.05889892564505317],[29.344726561581695,0.05908203121094857],[29.341308592817484,0.06048583964991394],[29.34056750108948,0.05971553074732583],[29.335510254394876,0.06048583964991394],[29.333679198736206,0.05712890607429699],[29.331298828178547,0.05712890607429699],[29.326347302186434,0.0538148683616555],[29.322083333079547,0.05541666704573345],[29.321249999687893,0.05791666722058153],[29.318476891595424,0.06055322135426877],[29.317083332729794,0.061249999887763806],[29.31625000023746,0.06041666739542961],[29.314583332554946,0.062083333279360886],[29.311249999887764,0.062083333279360886],[29.30874999971286,0.0595833331045128],[29.302182188757172,0.06122528561860463],[29.301250000087578,0.062083333279360886],[29.301250000087578,0.06458333255488924],[29.29708333312948,0.0687500004123649],[29.292083332779725,0.0704166671956159],[29.28803238428725,0.07379245685655178],[29.28708333332935,0.07458333325439526],[29.286220325008173,0.07630934989674643],[29.284583333154444,0.07958333270482854],[29.284583333154444,0.08374999966292762],[29.287916666720946,0.08708333322942963],[29.282916666371193,0.09291666607145999],[29.28291666727057,0.09624999963796199],[29.28320663028194,0.09637373016369111],[29.28343218924431,0.09633246657023165],[29.283565928325118,0.09647836538442789],[29.28388122433921,0.0966360129418149],[29.28424397847698,0.09668783457607333],[29.284322636780416,0.09669907160503044],[29.28453679413792,0.09669907160503044],[29.284827108784214,0.09669907160503044],[29.285426169682125,0.09666754227339425],[29.28570993636464,0.09632071782704088],[29.286095995533913,0.09551706925748249],[29.2861828790368,0.09534330225176291],[29.286340526594188,0.09480730001706661],[29.286592763045746,0.0944604755706564],[29.286971116823736,0.09427129778231347],[29.28750711905849,0.09414517955656265],[29.2883075858266,0.0942197963067315],[29.28917818442585,0.09433435824422531],[29.29016719136297,0.09371695207585162],[29.290912307557107,0.09335694176962761],[29.291448309791804,0.09338847200052669],[29.2919527817956,0.09367223778372136],[29.29242572536708,0.09392447423527983],[29.292772549813492,0.09433435824422531],[29.292961726702515,0.09502800713698889],[29.292961726702515,0.09553247914078611],[29.292614902256105,0.09594236314967475],[29.29207890002141,0.09628918759608496],[29.29113301377771,0.09714048494561212],[29.29021730968128,0.09805618994136012],[29.290061011106957,0.09821248941500471],[29.28993489288115,0.09840166630402791],[29.28993489288115,0.0988115503129734],[29.290092540438536,0.09915837475932676],[29.290470894216583,0.0993160232160335],[29.291511369354396,0.09982049521983072],[29.292487328027903,0.10029772316153185],[29.293913599733003,0.10112950881995175],[29.29502247820494,0.101795667236388],[29.295373735409726,0.1020066841613243],[29.294856054163745,0.10349070223429635],[29.294131302217977,0.10511276803998726],[29.294131302217977,0.1056994731522991],[29.29430386233355,0.10621715439833679],[29.294718006431026,0.10656227373010552],[29.295915519385858,0.10682762319640915],[29.296283100185065,0.10693560029790206],[29.29648079994911,0.10707070005292962],[29.296525900050426,0.10729630038412097],[29.29645479964944,0.10748949994064105],[29.295970883449684,0.1079658789223572],[29.29554489977744,0.10851770023185736],[29.295363100027203,0.10918470041377759],[29.294683494048172,0.10987543100651465],[29.29430386233355,0.11035859897032196],[29.294096789835123,0.11094530408269065],[29.29416581370151,0.1114629853286715],[29.294410174789903,0.11227505245187785],[29.29464205238895,0.11283462232012198],[29.29511150569158,0.11388156448276732],[29.295245876096487,0.11420069250812048],[29.29527019916054,0.11425845956040348],[29.295284421039355,0.1144717886422768],[29.295304710644018,0.11477614080644116],[29.295201175294153,0.1153973583016068],[29.294922400748362,0.11628314914815974],[29.294669889104284,0.11697181759546993],[29.29461447018184,0.11712296125580224],[29.294230137710827,0.11758838199841648],[29.29395079479349,0.11795367582163863],[29.293820692571046,0.11812380956632751],[29.29379795051517,0.11817497919207653],[29.293614612924216,0.11858749012071712],[29.293544597105665,0.11874502706149315],[29.29355588989256,0.11894829812564467],[29.293571857355516,0.11923572235087931],[29.293579108589142,0.1193662436573959],[29.293541313680862,0.11964970996632474],[29.29351008472281,0.11988392490337674],[29.293499686761322,0.11989848222935962],[29.293164965390986,0.12036709286718406],[29.29275082039419,0.1206431892319415],[29.292444495117536,0.12101077902440238],[29.29240569926378,0.12105733422873755],[29.292336675397394,0.12154050219260171],[29.292556828534998,0.12172062740518186],[29.292746792330774,0.1218794180009013],[29.29303716723166,0.1221490518374253],[29.29319947687452,0.12229976831980593],[29.293579108589142,0.12281744866646704],[29.29367440974636,0.12329395445260616],[29.29378618108757,0.12385281025916584],[29.293620718421607,0.12443192869073982],[29.29351008472281,0.12481914708615705],[29.293233989257374,0.12519877880077956],[29.29299240437615,0.1256129237975756],[29.29293206346415,0.12600513432965954],[29.292923379610443,0.1260615811771686],[29.292947395106353,0.1267099842785342],[29.292957891993296,0.126993405621306],[29.292950517552526,0.12707514140481635],[29.29285722458144,0.12810913512862498],[29.29279192031106,0.12883293019575603],[29.29270319409727,0.12981630737687055],[29.29264014802459,0.13051506801610913],[29.29256255991436,0.1313750078504654],[29.292467886483962,0.132372463918216],[29.292374374977612,0.13334498178562626],[29.292366788296818,0.13346757017239952],[29.29234245174291,0.13396242482622256],[29.292267650631743,0.13548336996171884],[29.292267650631743,0.13710844399963662],[29.29227999472613,0.13749540069233035],[29.292332333470597,0.1388561927592491],[29.292565697648968,0.14028596192775922],[29.29274733911859,0.14119103154104096],[29.29285435574411,0.14169553771904475],[29.292969281907006,0.14202882377134074],[29.29348903069439,0.1435972234332894],[29.293574665038932,0.14379188438812207],[29.293751354841334,0.144145264892245],[29.29404906011621,0.1448088836232273],[29.29430386233355,0.14562991069198006],[29.29430386233355,0.1461475919379609],[29.29430386233355,0.14701039431440677],[29.294269489345595,0.14726975249726593],[29.294181321610893,0.14785152123090484],[29.293784908546854,0.14964481975277977],[29.293665388646957,0.15018550205945758],[29.293578286608806,0.15073978841064672],[29.293357396027147,0.15217965426779756],[29.29324076295103,0.15309328093030672],[29.29322536026234,0.15321393397601923],[29.293227565400002,0.15333081526506476],[29.29325124365016,0.15458578770409304],[29.293070056338195,0.15686358338780337],[29.293458013076986,0.15804481141907445],[29.293665388646957,0.15859781263912964],[29.293848254093803,0.1589635426335576],[29.294260721854982,0.15978847905523708],[29.294286606142123,0.16033204368903853],[29.294234837567842,0.16074618778651484],[29.294097927477537,0.1610200079671813],[29.294053649356613,0.16110856510834992],[29.293968318982877,0.1611938954820289],[29.293846576858186,0.16131563670745663],[29.293794810082602,0.16172978170419583],[29.29384460374564,0.1621779381615056],[29.29397599829383,0.16271337472261393],[29.294285265252938,0.16295753346355468],[29.294476889197256,0.16304997117936182],[29.29495959131225,0.16328282364355573],[29.2952443148734,0.16361931577898758],[29.29552904023319,0.16408522935000747],[29.29578788040652,0.1644476048732031],[29.296357329327464,0.16488763415713947],[29.296564400926513,0.16525001057971167],[29.29716626680994,0.16604926146442267],[29.297457203787076,0.16643276925708506],[29.297910371266767,0.16690658876819953],[29.298402168225664,0.16732073286567584],[29.299592832843132,0.16801960232294277],[29.30025525997246,0.16831595052087778],[29.300887034609104,0.16874435516803032],[29.30158590406637,0.16954675997516233],[29.30228477262432,0.17011620889610413],[29.30259538137193,0.17045270193079887],[29.30262126475975,0.17076330977909038],[29.302697780878077,0.17103111439456598],[29.305280630197103,0.1736139646129118],[29.306782664388606,0.17511599880447193],[29.307083332929608,0.17541666734547334],[29.307083332929608,0.17593205532023148],[29.307083332929608,0.17708333322940462],[29.31208333327936,0.1829166669707547],[29.31119555223313,0.18374599568130634],[29.310537570452652,0.18436065352148034],[29.305416667045733,0.18874999981278506],[29.305416667045733,0.19375000016253807],[29.306131062398777,0.19446439641490088],[29.307083332929608,0.19541666694578907],[29.30791666722058,0.19458333265481542],[29.31041666739543,0.19625000033738615],[29.31105457720713,0.20135327883093623],[29.311190513331667,0.2029642559957665],[29.312857180114918,0.2046309227790175],[29.312857180114918,0.2062975895622685],[29.31534435595745,0.20804631138832974],[29.31605645534131,0.20854698555507412],[29.31835285619951,0.21046065293694483],[29.318853947651746,0.21087822884732077],[29.32035718063952,0.21213092240429887],[29.32077184994108,0.21358226540939995],[29.320904964892406,0.2140481690879028],[29.32102708023575,0.21447557368895787],[29.32137848582863,0.21570549371369907],[29.321974877538707,0.2177928651487946],[29.322007150609693,0.21790581909846196],[29.32202384652345,0.21796425614564896],[29.32187671383946,0.21811138882969772],[29.319523846348602,0.2204642563205539],[29.319338199298613,0.22139038715681636],[29.31873231344565,0.22441294470178264],[29.318688144142698,0.2246332920929035]]]},"properties":{"nom":"Katwa","province":"Nord-Kivu","zscode":"CD6110ZS02"}},{"type":"Feature","geometry":{"type":"Polygon","coordinates":[[[29.13216334506251,-1.6081827292493927],[29.170412720370905,-1.6329448540216163],[29.19726122012935,-1.6561116039671901],[29.222223970160258,-1.6778418542180589],[29.236052345239727,-1.6799968537716268],[29.243594970032007,-1.6826009792516174],[29.246870178616007,-1.6833568045727247],[29.24351423969057,-1.6911753917307806],[29.242292759803206,-1.699244309676999],[29.242375060360928,-1.7000464968481879],[29.242312511613306,-1.7001434455634126],[29.242304575096227,-1.7001557491882977],[29.240883702021392,-1.7007147803626594],[29.239579295648127,-1.7005983163590486],[29.239346364942946,-1.700342093212896],[29.238717454646974,-1.6995734246736447],[29.23825159593457,-1.6991774441835332],[29.23776244208318,-1.6990842708222544],[29.237180116669208,-1.6988047561344501],[29.236621086394166,-1.6983621889636993],[29.236294984126403,-1.698199138279449],[29.23566607383043,-1.6976401062057676],[29.23520021421865,-1.6972208332746845],[29.234617889703998,-1.6971975399343364],[29.234221909213886,-1.6968248518852533],[29.233429948233663,-1.6967549727636424],[29.23277774369808,-1.6968947310068643],[29.231752852012676,-1.696871437666573],[29.231333579081593,-1.6965453362980725],[29.230867718570494,-1.6962425273706003],[29.230797840348202,-1.695776667758821],[29.23035527317751,-1.6945654320488757],[29.230075757590328,-1.6942626231214035],[29.230192223392578,-1.693284318116639],[29.229749656221827,-1.6929349234078472],[29.229912706906077,-1.6923060131118746],[29.23005246424998,-1.6917935668195128],[29.229819535343438,-1.6911180698429007],[29.229283795710785,-1.6907453826930805],[29.228701471196132,-1.690279523081358],[29.22809585424045,-1.6901164732964276],[29.22774645863234,-1.689534146983135],[29.227117548336366,-1.6888586509058428],[29.226302294015795,-1.6879269307830782],[29.226209121553893,-1.6874144862893559],[29.226558517162005,-1.6868554542156744],[29.226465343800726,-1.6862731297010214],[29.225836434404073,-1.6860867856764798],[29.22509105830585,-1.6862265439197017],[29.223903115936196,-1.6862731297010214],[29.223693478571363,-1.6864361812845914],[29.22325091229993,-1.6868787475559657],[29.2228549309105,-1.6870883840215356],[29.22213284995121,-1.6869253333372853],[29.221573817877584,-1.6867156959724525],[29.221271008950055,-1.6860634932354515],[29.221387473852985,-1.6859004416518815],[29.221597110318555,-1.6857606843079793],[29.221876626805056,-1.6855743402834378],[29.22217943483321,-1.6854112886998678],[29.22276176024718,-1.6851550655536585],[29.222994690053042,-1.684712500181604],[29.223786651932585,-1.683617730273852],[29.223530428786432,-1.682872354175629],[29.22308786161568,-1.682429787004878],[29.222202729072876,-1.6820338056155038],[29.221876626805056,-1.6815213611217814],[29.221107958265804,-1.681265137975572],[29.220711976876373,-1.6817309966879748],[29.220036480799138,-1.6822434429803366],[29.219011590013054,-1.682732595932407],[29.218359384578093,-1.6830354048598792],[29.217916819205982,-1.6828490608353377],[29.21738108137197,-1.682429787004878],[29.216938514201217,-1.682196857199017],[29.216356188787245,-1.6822667363206847],[29.215564227807022,-1.682057098955795],[29.214469457000007,-1.6819639273931557],[29.213654202679493,-1.6817542900283229],[29.2123730887472,-1.6804498836550579],[29.211674299329616,-1.6801237822865573],[29.210998803252323,-1.6798442658000567],[29.21036989115771,-1.6796346293344868],[29.209438171934266,-1.679494871091265],[29.209251827909668,-1.6790755972608622],[29.208855848318933,-1.6788426665556813],[29.208087178880362,-1.6784932727461523],[29.20766790594928,-1.6780041197941387],[29.206875944069736,-1.6773752085988463],[29.206247033773764,-1.6767928840841932],[29.205897639064972,-1.6762105595694834],[29.204234758427503,-1.6756814614301447],[29.203335410301122,-1.6753953052489692],[29.2026832066648,-1.675092496321497],[29.202147467931468,-1.6747431016127052],[29.201704900760717,-1.6745334651471353],[29.201192455367675,-1.6741607770979954],[29.200749889096244,-1.6739045548511626],[29.199422189382688,-1.673135886311968],[29.198374005256312,-1.6732756436558702],[29.197116183765047,-1.6722274604288145],[29.196603738372005,-1.6717848932580637],[29.196114585419934,-1.6714587909902434],[29.195765189811823,-1.6713889118686325],[29.19515957285614,-1.6710628096008122],[29.194553955001197,-1.6707367091316883],[29.194041508708835,-1.6705969508884095],[29.193598942437404,-1.6705969508884095],[29.193039911263043,-1.6702708486205893],[29.19241100006775,-1.6701543837176587],[29.191805382212806,-1.6700845045960477],[29.191060007013903,-1.6699680396931171],[29.190570854961152,-1.669455594300075],[29.19024475269333,-1.6691061995912833],[29.18973230730029,-1.668943148907033],[29.189382912591498,-1.669152785372603],[29.188404606687413,-1.6692692502755335],[29.18754276658558,-1.669152785372603],[29.186657633143398,-1.6693624227374357],[29.185819086381912,-1.6695254743210057],[29.18507371028369,-1.6696419383246166],[29.184444799987716,-1.6696885241059363],[29.183792596351395,-1.6696885241059363],[29.18318697759713,-1.6695021800813947],[29.18267453310341,-1.669665230765645],[29.18251148241916,-1.6694090094180751],[29.18258136064145,-1.6690596138099636],[29.181766106320936,-1.6689897346883527],[29.180927558660073,-1.6688965631257133],[29.1800191318776,-1.6686869257608805],[29.179064119313807,-1.6686869257608805],[29.178854482848294,-1.6683375310520319],[29.178411916576863,-1.668290945270769],[29.17768983381893,-1.6679182572216291],[29.17685128615807,-1.667475690950198],[29.176478598108986,-1.6671728820227258],[29.176012739396583,-1.6668467797549056],[29.17524407085733,-1.6663809201431832],[29.1751276059544,-1.6659616472121002],[29.1745685729814,-1.6658218889688214],[29.173613561316984,-1.6652395635548487],[29.173357339070094,-1.6650299270892788],[29.17293806523969,-1.6651463919922094],[29.17254208385026,-1.664610653258876],[29.172239274922788,-1.6643544301127235],[29.1720296375579,-1.664261259449404],[29.171726828630426,-1.6640516220845143],[29.171447313942565,-1.6639118638412924],[29.171167798355384,-1.6636323482541115],[29.170795110306244,-1.6633994184482503],[29.17002644176705,-1.6633295393266394],[29.169304359009118,-1.6634925900108328],[29.169048136762285,-1.6633761251079022],[29.168745326935436,-1.6630966086214016],[29.168652156272174,-1.6626773356903186],[29.168558982910895,-1.6620251320540547],[29.168838500296715,-1.661396221758082],[29.168978257640617,-1.6608371896844005],[29.169001550081646,-1.6602548651697475],[29.168791913616076,-1.659695833096066],[29.168419224667673,-1.6590902161403847],[29.168116416639464,-1.659043630359065],[29.16760397124642,-1.6584147191637726],[29.166928475169186,-1.658018738673718],[29.166509201338727,-1.6575528790619387],[29.166416028876824,-1.657063726109925],[29.166718836904977,-1.6568075029637157],[29.16730116231895,-1.656481401595272],[29.16741762722188,-1.6558990770805622],[29.16725457743695,-1.6550605303190764],[29.166928475169186,-1.6546179631483255],[29.166322857314185,-1.6545247906863665],[29.165833704362115,-1.6540822244149354],[29.165880290143434,-1.6534998999002823],[29.165926875924754,-1.6530573327295883],[29.165763825240504,-1.6526613522394769],[29.165647360337573,-1.6523352499716566],[29.165670653677864,-1.6517762187972949],[29.165856997702463,-1.6512171867236134],[29.165367844750392,-1.6510774293797112],[29.165321258069753,-1.6505882764276407],[29.16462246865217,-1.650541690646321],[29.164040145036836,-1.6500059519129877],[29.163574285425113,-1.649959366131668],[29.163574285425113,-1.6494236273983347],[29.163807214331655,-1.6490509402485145],[29.163550992084765,-1.648771423762014],[29.163318062278904,-1.6483987357129308],[29.163271475598265,-1.648026047663791],[29.163178304035682,-1.6472107933432767],[29.163690750328044,-1.6469778644367352],[29.163085131573723,-1.6466750546099433],[29.163271475598265,-1.6461859025571925],[29.16429636818299,-1.6453706482366783],[29.16492527757964,-1.6446485645794269],[29.16513491494453,-1.6441827049677045],[29.164273073943377,-1.6437401386962733],[29.163807214331655,-1.6438100178178843],[29.163457819622863,-1.6435537946717318],[29.16278232264625,-1.6429714701570788],[29.16243292883678,-1.642389145642369],[29.161873896763097,-1.6422028016178274],[29.161804017641487,-1.6415040122002438],[29.16217670569057,-1.6412710823943826],[29.161710846078847,-1.6408518076646033],[29.161338158029707,-1.6407353436609924],[29.160709247733735,-1.640129725806048],[29.160196802340693,-1.6400598466844372],[29.15998716497586,-1.6397104519755885],[29.15994057919454,-1.6391281283602552],[29.15954459780511,-1.6388020260924918],[29.1595678911454,-1.6383128731404213],[29.15970764938868,-1.6379168926503098],[29.15977752761097,-1.6370550516491562],[29.1595678911454,-1.6366590711590447],[29.15938154712086,-1.6362397982279617],[29.159358253780567,-1.6350984416396273],[29.158985566630747,-1.6350984416396273],[29.158543000359316,-1.6348422175940982],[29.158682757703275,-1.6342831873190562],[29.158403242116094,-1.6340269641729037],[29.157890796723052,-1.6340036708325556],[29.15770445269851,-1.6346092886875567],[29.15742493711133,-1.6357739377168627],[29.15719200730547,-1.6365193138151426],[29.15681931925633,-1.6365658986970857],[29.156679561013107,-1.6361233333250311],[29.155794427570925,-1.6359136959601415],[29.15476953678484,-1.6359835750817524],[29.153930989124035,-1.6359136959601415],[29.153511715293575,-1.6365658986970857],[29.153208906366103,-1.6374044472572677],[29.152649874292422,-1.6377538410667398],[29.15211413555909,-1.637777134407088],[29.151788034190588,-1.63770725618474],[29.151019365651393,-1.6378237210876705],[29.150739850064213,-1.6384060456023803],[29.150273989553114,-1.638732146970824],[29.149482028572947,-1.639034955898353],[29.148643480912085,-1.6395008164093952],[29.14782822659157,-1.6393144723848536],[29.1473390736395,-1.6388719052141028],[29.146710164242847,-1.6389184909954224],[29.146197717950486,-1.639593987072658],[29.145685271658124,-1.6400132609031175],[29.145568806755193,-1.6395474021907148],[29.145568806755193,-1.6388719052141028],[29.14503306802186,-1.6387554403111722],[29.14463945095008,-1.6388229173435889],[29.14437790561601,-1.6388677539435434],[29.14421781370129,-1.6388951976550743],[29.143682075867275,-1.6394775221697273],[29.143586462645317,-1.6406057495555615],[29.143565610964345,-1.6408518076646033],[29.142890113987733,-1.6417602353463963],[29.1420282738859,-1.6425987830072586],[29.140980088860204,-1.643064642618981],[29.14025800700159,-1.6429947625980503],[29.1393029944378,-1.6427618327921891],[29.138837133926756,-1.642528902986328],[29.138674084141826,-1.6426453687885783],[29.138184931189812,-1.6425754896669673],[29.13806846628688,-1.6422260949581755],[29.13769577823774,-1.6422028016178274],[29.13720662618499,-1.6423192674200777],[29.13720662618499,-1.6417602353463963],[29.13690381725752,-1.6413409606166738],[29.136391370965157,-1.6412710823943826],[29.135902218912463,-1.641364253956965],[29.135366480179073,-1.6412012032727716],[29.13518013615453,-1.6407819303416318],[29.13485403388671,-1.6401763115873678],[29.135040377911253,-1.6398735026598388],[29.135599409085614,-1.639407643947436],[29.135366480179073,-1.6390582492386443],[29.135319894397753,-1.6383827522620322],[29.13497049878964,-1.6377538410667398],[29.13490061966803,-1.6370317592081847],[29.13485403388671,-1.6363562631308923],[29.134318296052697,-1.6358438168385305],[29.133945607104238,-1.6355177145707103],[29.134248416931086,-1.6348888051740573],[29.134481346736948,-1.6343064797600846],[29.133992193784877,-1.6335611036618616],[29.133968901343906,-1.6328157275636386],[29.133503040832807,-1.6323731621915272],[29.133153646124015,-1.6318141301178457],[29.133386575929876,-1.6312550980441642],[29.133735970638725,-1.630742653550442],[29.133526334173155,-1.6304398446229698],[29.133153646124015,-1.6303932579423304],[29.13245485670643,-1.6304864304042894],[29.1317327739485,-1.630672774428831],[29.13161630904557,-1.6300904490148582],[29.13194241131339,-1.6296012969621074],[29.13194241131339,-1.6290189724474544],[29.131639602385917,-1.628646285297691],[29.131169906266337,-1.628646285297691],[29.1315547198746,-1.6275886043304695],[29.13069496979716,-1.6265138542308364],[29.129190594670376,-1.62511697866546],[29.128760719631657,-1.623397604415743],[29.1303724702135,-1.6226453538998271],[29.130587470235753,-1.619099354051798],[29.129405469686844,-1.6169499788582584],[29.128653345075975,-1.6141561036210987],[29.12908309510891,-1.6116844788554658],[29.131769594891068,-1.6093204786570254],[29.13216334506251,-1.6081827292493927]]]},"properties":{"nom":"Goma","province":"Nord-Kivu","zscode":"CD6101ZS01"}},{"type":"Feature","geometry":{"type":"Polygon","coordinates":[[[29.72917627086838,0.7183640163864311],[29.730009145605777,0.7166985160238823],[29.730961021334224,0.7155086419104464],[29.73143677079048,0.7130103909169634],[29.733578395626637,0.7119395159960504],[29.734530146349357,0.7107498909948617],[29.73369727071264,0.7081322657916189],[29.733340396342385,0.7067046406068584],[29.734173271079783,0.7053960164132036],[29.734173271079783,0.7034923917606193],[29.733221521256382,0.7011130167524584],[29.733340396342385,0.699447391384183],[29.73369727071264,0.6969488912784527],[29.732388645619665,0.6937366406336309],[29.730604021058866,0.6933797671626962],[29.72822452104498,0.6939746408172027],[29.72608314622039,0.6934986422486986],[29.72489327120769,0.6918330168803664],[29.726558895676646,0.6900485164260317],[29.728819395598805,0.6889777656115825],[29.728343646142548,0.6871931410507841],[29.72727277122158,0.6860033919431316],[29.72596402112282,0.6854086405964495],[29.725845146036818,0.6835050168432417],[29.726440020590644,0.6817203922824433],[29.725131271391206,0.6805306413761514],[29.72251389619953,0.6794598905616454],[29.720848270831198,0.6795788906534312],[29.719539645738223,0.6773183907313296],[29.71799289635527,0.6735112673312642],[29.718230895639465,0.6705368918642307],[29.719539645738223,0.6681573909509666],[29.71930164555465,0.6645881409301069],[29.71858777090904,0.6613760161903315],[29.71704114563255,0.6573308908081117],[29.715256396065968,0.6553083910695818],[29.714423771340137,0.6529288910556375],[29.713709895795205,0.6504305159556907],[29.71252014578829,0.648170016033589],[29.712401145696504,0.644838767095564],[29.710854521319277,0.6434110160057571],[29.70906989585916,0.6442438916424749],[29.706452520667483,0.6457905160196447],[29.70407302065354,0.6459095161114305],[29.702407396184526,0.6449576412823035],[29.703716146283284,0.643767892174651],[29.704905896290256,0.6425782662741426],[29.705381770752297,0.6409126409058103],[29.70478689619847,0.6391280163450119],[29.703478146099712,0.6384141416994566],[29.701693645645378,0.6377003911603083],[29.701812520731437,0.6366295171386582],[29.702764395560564,0.6341311411393917],[29.704905896290256,0.6329413920317961],[29.704905896290256,0.6313947667552497],[29.70407302065354,0.630800017207207],[29.703002270738352,0.6305620170236352],[29.70097964599404,0.6303240159407437],[29.701693645645378,0.6287772665577904],[29.701574521447185,0.6271117661952417],[29.699909021084636,0.6269927670027755],[29.698243395716304,0.6271117661952417],[29.698005396432052,0.6265167657363122],[29.698481395899876,0.6253271407351235],[29.698957146255452,0.6238993914438993],[29.697767521254264,0.6221148909895646],[29.696339771063776,0.6212820162522235],[29.69526902114859,0.620330266428823],[29.695507021332162,0.6193783907003194],[29.69729152088712,0.6189026421433823],[29.698600270985878,0.619259515614317],[29.69955202080928,0.618426640876919],[29.70109877109155,0.6150953910396311],[29.700146896262424,0.6143816413998024],[29.698362270802306,0.6147385157700569],[29.69729152088712,0.6145005155864851],[29.697053520703605,0.6121211423769637],[29.698124395624518,0.595226891208199],[29.697648521162478,0.5946320157551099],[29.69574489561063,0.5957028906760229],[29.694555270609442,0.5954648913917708],[29.69384139596383,0.5943942673816878],[29.693603395780258,0.5924906409305208],[29.69300852122643,0.5913008909235486],[29.69181877121946,0.591419766009551],[29.68979627058161,0.592847516200095],[29.68848752138217,0.5924906409305208],[29.687892645929026,0.5911818917310825],[29.687178896289197,0.5898732657387882],[29.68491839636704,0.5896352655552164],[29.682657896444937,0.5905870171772563],[29.68063539580703,0.5911818917310825],[29.679088646424077,0.5911818917310825],[29.67920777062227,0.5895161422563433],[29.680754270893033,0.5883265163558349],[29.682419896261365,0.5872556423341848],[29.68206302099179,0.5858280171494243],[29.680040521253204,0.5854711409805304],[29.678850646240505,0.5840435166950897],[29.67992152116142,0.5821398920425622],[29.682182021083577,0.5814261406040941],[29.68384764555259,0.581307141411628],[29.68384764555259,0.5797603920286178],[29.682301021175363,0.5791656406819357],[29.681111146162607,0.5778568905831776],[29.679445645800058,0.5753585172819271],[29.677423021055745,0.5730980155611292],[29.6768281456026,0.5708375156389707],[29.6758763957792,0.569766766623161],[29.674210771310186,0.5684580156250831],[29.674210771310186,0.5670302717298341],[29.674210720948167,0.5670302726291538],[29.67349697040902,0.5652457730741389],[29.67344853112496,0.5647124733021656],[29.67337802067925,0.563937015780823],[29.674329896407755,0.5632232661409944],[29.674329971051463,0.5632232688389536],[29.67659027132413,0.5632232688389536],[29.67754202114753,0.5626283915871682],[29.67694727070017,0.561081642204158],[29.677185145877957,0.5585832662049484],[29.67849377097093,0.5572745161061903],[29.67754202114753,0.5563227662827899],[29.675995395870984,0.5563227662827899],[29.67444876969512,0.5567986371475513],[29.67444872293038,0.556798654234683],[29.672902144418572,0.5573935108020578],[29.672902097653832,0.5573935287885092],[29.672445241155117,0.557604391929317],[29.671355469679327,0.5581073971388264],[29.671355449894236,0.5581073665618987],[29.67135539593494,0.5581073908435883],[29.671087593118102,0.5577056510950911],[29.67087947111088,0.5573935215938945],[29.671061588321834,0.556938324344344],[29.67135539593494,0.556203766191004],[29.67142703233185,0.5553452670706065],[29.671474470670432,0.5547761482008582],[29.67116931631108,0.5542167590963345],[29.670760521381112,0.5534675159132689],[29.66945177128241,0.5527535162619301],[29.66778634466425,0.5523966517841927],[29.667786270919805,0.5523966400930362],[29.665882720910986,0.5521587739084453],[29.665882646267278,0.5521587658145677],[29.665544256562328,0.5515494814235922],[29.665287846357216,0.5510878971888928],[29.66469297000475,0.549898273086967],[29.666358596272346,0.5470428977117194],[29.666596470550815,0.5453772723433872],[29.666596470550815,0.5441875232357916],[29.666547983602754,0.5436537126489043],[29.666477520821104,0.5428787668417954],[29.66580737570996,0.5418734444040751],[29.665287846357216,0.5410941476769153],[29.66469301676949,0.5394285178119844],[29.662789395714185,0.539428516013345],[29.660885769263018,0.5401425111681419],[29.660569973225847,0.5408192402159102],[29.66005309597375,0.5419270224143133],[29.65998145957684,0.5427855224340874],[29.659934021238257,0.5433546413038357],[29.65886327132307,0.5443063920265558],[29.65565102067825,0.5443063920265558],[29.65481814594085,0.5428787668417954],[29.652296921765696,0.5376317730880373],[29.650416220832085,0.5337178965638145],[29.649754273940744,0.533166196662819],[29.648988646009343,0.532528141160924],[29.64816079938157,0.5322694421811889],[29.647084970095477,0.5319332729023927],[29.646846970811225,0.5297917730720201],[29.646133096165613,0.528007146712639],[29.646085090354802,0.5254607702984799],[29.646014146435903,0.521701641018069],[29.646464653720955,0.5210258796407743],[29.64720384518148,0.5199168977467821],[29.648036720818197,0.5183703983753389],[29.64838516944019,0.5178478167235312],[29.648988646009343,0.5169426409902371],[29.648645932364047,0.5161203449781055],[29.64839359608777,0.5155150230000913],[29.64649009464233,0.5146821482626933],[29.64625209535808,0.5124216483405348],[29.64744184626437,0.5106371478862002],[29.65053522092387,0.5092092717906098],[29.654223346030733,0.5088525224261389],[29.65422339639281,0.5088525170302205],[29.655101262413496,0.5091226445945267],[29.65576997130728,0.5093283977874989],[29.65743553282374,0.5098042623569654],[29.659577097405304,0.5090905271063093],[29.657976876132068,0.5044398684053704],[29.65576989576425,0.498026015987989],[29.654789144603512,0.4969797941823231],[29.653985345847218,0.4961223967313799],[29.652914595032712,0.4927911477934117],[29.65077309520234,0.4889840216953871],[29.6502698435786,0.4877257604356373],[29.64958340005404,0.48600964982563255],[29.64744189572707,0.48624764191532677],[29.64744184716369,0.48624765090852407],[29.644110594628387,0.48708039704285966],[29.641850219712012,0.4879132726795774],[29.641850145967624,0.48791326998156137],[29.639113770684162,0.48791326998156137],[29.639113720322086,0.4879132726795774],[29.636621257365277,0.48699497493828403],[29.634592770839845,0.48624764101600704],[29.631737396363917,0.48517689469809966],[29.62983397136088,0.48517689469809966],[29.6294493816838,0.48543321137378825],[29.62840614562731,0.48612864092422114],[29.62329034587293,0.48565277365673865],[29.623290271229223,0.4856527655628611],[29.623091359179057,0.4856341199188705],[29.6194832710363,0.485295896588525],[29.619483220674283,0.48529589838716447],[29.61924521959139,0.48339227283526043],[29.618892339110346,0.4825352279186177],[29.618412396115332,0.4813697659021159],[29.61710364601663,0.48029889098120293],[29.616389894578163,0.47922826607180014],[29.615557151141786,0.4776815130915111],[29.614864328725957,0.47705799513050806],[29.614367346276197,0.4766107685723],[29.61186897027693,0.4766107685723],[29.61186889743186,0.4766107613776853],[29.610322469106848,0.47625390319524286],[29.610322396261722,0.4762538906047098],[29.609687319314503,0.47574590944634565],[29.609132470887005,0.47530214707660434],[29.60675321998525,0.4747072788180162],[29.606753146240862,0.4747072716234584],[29.604730596140257,0.4748262672186456],[29.60473052059723,0.4748262672186456],[29.60354089559604,0.4747072716234584],[29.603540846133285,0.47470727342209784],[29.601994095851012,0.4737553967942745],[29.601414290337402,0.47340752643634687],[29.60080439620606,0.4730416417585275],[29.599138770837783,0.47292264706265996],[29.599138721375084,0.4729226452640205],[29.596878270915624,0.4729226452640205],[29.596878220553606,0.47292264706265996],[29.5960003536336,0.4726525176997143],[29.595331645639078,0.47244676720470125],[29.595260889678457,0.47103195286251776],[29.595212596084593,0.4700672725867321],[29.593190096346007,0.46935352294690347],[29.59152447097773,0.46840177222418333],[29.590691720346797,0.4667361468558511],[29.589739844618293,0.46435652183618004],[29.589365295871858,0.4632326390752155],[29.588550270878443,0.4607873914251286],[29.5884030752419,0.45850639595357734],[29.588312220332853,0.4570992726135046],[29.588312220332853,0.45519564796092027],[29.58843122042464,0.4529351480388186],[29.588026333049015,0.4520241779736125],[29.58747939595753,0.4507937660196717],[29.587200990133738,0.4496101367985261],[29.587003596139198,0.44877114667121987],[29.58605172041075,0.44686764792379563],[29.586408595680325,0.44460714800163714],[29.5880742210486,0.44246552226621816],[29.5880742210486,0.4413948982561351],[29.587122471225257,0.4402050232433794],[29.58670939282439,0.43953367124208853],[29.586170770864555,0.4386583907722752],[29.585566303242445,0.4377181001103736],[29.58509997058735,0.4369927716992379],[29.585051804697173,0.4359322578675915],[29.584981020857583,0.43437539111158685],[29.584624020582226,0.431996016103426],[29.584346371088316,0.4309544276048882],[29.58414822076395,0.430211272832139],[29.583196345035446,0.4291406470234165],[29.582509594842065,0.4282953085817667],[29.581649771020295,0.42723701607559406],[29.58057902110511,0.42569026669264076],[29.57989540325042,0.4251585991901834],[29.579508219928584,0.42485751965898544],[29.57772372127289,0.424857517860346],[29.577723645729805,0.42485751696102625],[29.57629602144442,0.42473852226515874],[29.576295971082345,0.42473852316447847],[29.575813830144284,0.42425632556910386],[29.575225269730595,0.42366776695405406],[29.574868271253877,0.42128839104657345],[29.574208176066634,0.420496168363627],[29.57367859499135,0.41986064715132443],[29.572012969623017,0.41831402187477806],[29.570585344438257,0.4179571537997617],[29.57058527069387,0.4179571412092855],[29.569633520870468,0.4168862662883157],[29.569163136769532,0.41614708202240536],[29.568800743259885,0.41557768166484266],[29.567610896126098,0.41736226575613955],[29.56761084756272,0.417362267554779],[29.56594539576355,0.41736226935341847],[29.563922771019236,0.41843301567132585],[29.562971021195835,0.4197417657700271],[29.563019319286298,0.4205626246655356],[29.56309009503201,0.4217642718038519],[29.563018413669,0.42255171459009944],[29.562971021195835,0.42307289060158837],[29.56106739564393,0.42438164070034645],[29.559354901207882,0.4241676362275939],[29.559163895097868,0.424143772717116],[29.559163845635112,0.424143772717116],[29.559066671190067,0.4232688942442451],[29.558925895813616,0.42200214068640207],[29.55878527422118,0.4208065270997281],[29.55868797117307,0.4199796472431103],[29.558449970989557,0.41878989813545786],[29.557498220266837,0.41676739839687116],[29.55737922017505,0.41343614676094376],[29.557251831207225,0.4125867217999257],[29.55702227116103,0.411056641351081],[29.55702227116103,0.4096290161663205],[29.556683884154097,0.4090198073184297],[29.55642747215029,0.40855826715045396],[29.55511877061491,0.40843927155532356],[29.555118720252892,0.40843926975662725],[29.552977270784595,0.40843926975662725],[29.552977220422576,0.40843927155532356],[29.552446935178068,0.40785588584060406],[29.551787519878303,0.4071305160606471],[29.551185499311487,0.4063278441548732],[29.5507167196011,0.40570289807044446],[29.55095471978467,0.40379927161927753],[29.550420614220116,0.4032117391305974],[29.549765021039036,0.40249064113032773],[29.548575146026337,0.4013008911234124],[29.547147520841577,0.40201476576896766],[29.547147520841577,0.4040372664068741],[29.545719895656816,0.4071305160606471],[29.545719851590036,0.4071305079667127],[29.54345934537264,0.40641677181673685],[29.542493081390774,0.40579146780214614],[29.54143689509681,0.4051080163220604],[29.540895329655882,0.4042279541569087],[29.54048509491139,0.40356139824007187],[29.538938469634843,0.40201477296358235],[29.53798659570498,0.4008250220572904],[29.537748594622087,0.39892139830402584],[29.537650619780436,0.39838212163778053],[29.537510770705694,0.3976127660164934],[29.536440020790508,0.39642301600952123],[29.535146588844157,0.39586866130980525],[29.534774345060157,0.39570914675988433],[29.534087593967456,0.39486380831823453],[29.53322777104495,0.3938055158120619],[29.532433148071505,0.3928123414165725],[29.531799969593067,0.3920210216529654],[29.530134470129838,0.3903553980833294],[29.52953959467669,0.38785689527963996],[29.527874020569755,0.38785689527963996],[29.527873971107056,0.3878568898837216],[29.525732470377363,0.3875000263053039],[29.525732395733655,0.38750001641278686],[29.52418577135643,0.3863102664058147],[29.523318879762655,0.3851099457675673],[29.522639095717864,0.38416877287073703],[29.522044220264718,0.38214602312064017],[29.52190324164144,0.38126469830734777],[29.521568395265376,0.3791718913698787],[29.521211395889395,0.3773873909155441],[29.518950895967237,0.37655451617814606],[29.51788848726403,0.3758045922083397],[29.51692834496731,0.3751268972886237],[29.514905845228725,0.37381814718992246],[29.5143109706749,0.37155764906640343],[29.513002270938216,0.3717956402567779],[29.513002223274157,0.3717956510486147],[29.511455721204754,0.3722715219133761],[29.51145568703049,0.3722715030276049],[29.51145564566167,0.372271515618138],[29.510913999281797,0.3719705943676104],[29.510384845384465,0.37167664735954986],[29.508124344563043,0.36929714824498205],[29.50776747109211,0.36715564661597],[29.508124344563043,0.3659658966089978],[29.507238755164565,0.36524629328198444],[29.50622089617758,0.36441926593653307],[29.50594478362501,0.36359085723245244],[29.505744971353522,0.36299152204128404],[29.505863846439524,0.3612070215869494],[29.50574497315216,0.3590653140132076],[29.50546207791274,0.358605636341224],[29.504793220630802,0.3575188982786699],[29.504198221071192,0.35656702165090337],[29.501937846154817,0.35573414691350536],[29.50184074095762,0.35481142720578873],[29.501699895434,0.35347376570189226],[29.501462021155533,0.3519270163188821],[29.500871380609908,0.3506615236105972],[29.500629096056116,0.35014252305916216],[29.502175721332662,0.3480008982230629],[29.50312759526247,0.3462163968694085],[29.5038413449023,0.34538352303133024],[29.50384138717044,0.3453835248299697],[29.505012748739546,0.34561777124332593],[29.50562589661797,0.3457403884083874],[29.505625971261736,0.3457403974015847],[29.507529521270556,0.34585951710317886],[29.508598738740943,0.3452837756258873],[29.50907622029149,0.34502664686243634],[29.50978996993132,0.3434797715743798],[29.512050469853477,0.3424092716707037],[29.512564120338027,0.34176728882948737],[29.51347827040604,0.34062464081466715],[29.514429896122977,0.33919689062418],[29.514501383232414,0.33798317818127543],[29.51454897085847,0.3371743971808314],[29.51431096977558,0.33503289735051567],[29.5133592208515,0.3339621429387307],[29.51181259467569,0.333843272349327],[29.511812520931244,0.33384326605403203],[29.511098771291415,0.3331293914084199],[29.511028216778925,0.3322828901434036],[29.51097972083761,0.3317016484124906],[29.512050469853477,0.3302740223284104],[29.513597095130024,0.3290842732208148],[29.51354923590867,0.3281732339077621],[29.51347827040604,0.32682376610409847],[29.51333716228038,0.3257657487904453],[29.51324021986045,0.32503927194500193],[29.51431096977558,0.3236115217545148],[29.514578879611747,0.32312044785055605],[29.51502489568253,0.32230276625983834],[29.514569866606223,0.3218477380827949],[29.514192094689577,0.3214700219241422],[29.513835141179015,0.3203991434058935],[29.51383509621286,0.32039902199744574],[29.514183059201002,0.31970324171140874],[29.514429896122977,0.3192095157067456],[29.516095645597716,0.31885264133649116],[29.516167306276316,0.31813618833456303],[29.516214595327483,0.31766289672543735],[29.515619719874337,0.3159972731558014],[29.51598254415927,0.31571505240788156],[29.516690396045078,0.31516439122384554],[29.51669046079627,0.3151644047136415],[29.518356220163582,0.31564039069161254],[29.518482281732076,0.3156289108457031],[29.519664846155877,0.31552114778293117],[29.521687360283636,0.3143316567807233],[29.521687396256482,0.3143316405929113],[29.523115019642603,0.31528339131563143],[29.52370989599507,0.3158781453602728],[29.526208345738723,0.3158781453602728],[29.526208396100742,0.3158781453602728],[29.52870677120069,0.3158781453602728],[29.528706844945077,0.3158781417629939],[29.530253345215897,0.3157592720729099],[29.530253395577915,0.31575926487835204],[29.532513845138,0.31540239770265543],[29.532513896399337,0.3154023914074173],[29.53370364640631,0.31575926577767177],[29.532870770769648,0.317068015876373],[29.53298989586716,0.31873351623892177],[29.53536927087532,0.31980439115989157],[29.537068529089538,0.3203926017373533],[29.538462569991793,0.3208751383771187],[29.538462595172803,0.3208751428737173],[29.540841972878923,0.32075601867546766],[29.54179384501009,0.3195663972715579],[29.541793896271486,0.31956639367427897],[29.544411221101143,0.31956639367427897],[29.54441127056384,0.31956639007700005],[29.545838845386584,0.3193283979873627],[29.545838845386584,0.31801977199506837],[29.547028595393556,0.3168298969823127],[29.548337346391577,0.31552114778293117],[29.54869421986251,0.3137367723343232],[29.54964597058523,0.31254702322672756],[29.54964602094725,0.3125470160321129],[29.55190647140671,0.3121900229513699],[29.55190652086941,0.31219001935409096],[29.553572095875666,0.31219001935409096],[29.5535721444391,0.31219001126015655],[29.555237722143318,0.3115951528941423],[29.5554214923082,0.311044122088731],[29.55571377107384,0.31016751601822534],[29.555785355310093,0.3094510693115353],[29.555832594898504,0.30897777230649126],[29.556546346336972,0.30790702239130496],[29.556593734313537,0.30743373168155586],[29.556665395891457,0.30671726608909466],[29.557617145714858,0.30493276563476],[29.558225628809907,0.3045676822529231],[29.55999672127183,0.30350489763310406],[29.560829515969544,0.30255311363544024],[29.560591646187675,0.3013635156139003],[29.56154327100529,0.30017376560698494],[29.56285202110405,0.29934101587537043],[29.56285208495592,0.2993410293651664],[29.564993469673027,0.29993564671286777],[29.565396097951748,0.29899646581441175],[29.565707394680658,0.29827014095440063],[29.56404177111102,0.2973183911310002],[29.56404179629203,0.2973183155879724],[29.564041719849683,0.2973182733198314],[29.564426797858573,0.2961632434390822],[29.56475552075085,0.29517701630641113],[29.565112521026208,0.29327339075456393],[29.566421146119183,0.29196464065580585],[29.56569275281845,0.29153969839853744],[29.564993469673027,0.2911317731130225],[29.562019220111097,0.28994214721245726],[29.561655718636644,0.28931892512844115],[29.561186395735717,0.288514390726732],[29.56023452090659,0.28732476572554333],[29.558925895813616,0.2867298911717171],[29.558997383822373,0.28572928208086523],[29.559044844644006,0.2850642729979427],[29.559348651818993,0.28463028985618166],[29.559877644737696,0.28387451579641265],[29.55952077126676,0.2825657656977114],[29.55945033636408,0.2817903900146348],[29.559401845818684,0.28125714779929467],[29.560472469828767,0.28078114833147083],[29.560472521090162,0.28078114293555245],[29.562019221010416,0.280662271446829],[29.562331642791264,0.28017134233374463],[29.56285202110405,0.2793535159521525],[29.562781365867522,0.27829399137476685],[29.562732969750925,0.277569021793056],[29.56237609627999,0.27614127160256885],[29.56214320514499,0.27570866622215817],[29.56154327100529,0.2745945159243206],[29.560591646187675,0.2734048909231319],[29.560591646187675,0.2726911412833033],[29.56111575938496,0.2718674441273947],[29.56142434555727,0.2713823983791599],[29.56166222073506,0.26983564809683],[29.561305344566165,0.268051021737449],[29.56071047091166,0.2657905218152905],[29.5607579991825,0.265173505053383],[29.560829521365463,0.26424401614860926],[29.561340642057132,0.26402489903000514],[29.562495094573137,0.2635298977867251],[29.563922721556537,0.26305427693347383],[29.563706981392215,0.2625146792092323],[29.563209021379407,0.26126951567579226],[29.562138145559118,0.2599608905828177],[29.562266304346622,0.2590639841157554],[29.56237609627999,0.25829527240904326],[29.56237609627999,0.25674852212677024],[29.562647041328034,0.2561616650289693],[29.56309002128762,0.2552020155607124],[29.564160646197024,0.25341739099997085],[29.565586282081426,0.2527464670759514],[29.566183223277278,0.25246552786200027],[29.566183269142698,0.25246550987554883],[29.56651173392953,0.2523341719846144],[29.56737302094831,0.2519897658152104],[29.567373095592075,0.2519897694124893],[29.569633520870468,0.2519897694124893],[29.569633596413496,0.25198976761384984],[29.571893896686163,0.2518706461136162],[29.57189397132987,0.2518706497108951],[29.574392357221654,0.2522277642001427],[29.574871054655603,0.25186871976575276],[29.575820021077277,0.25115689107781236],[29.57784264582159,0.2497292658930519],[29.578279093105834,0.2495595215548292],[29.579984096189264,0.24889627244516532],[29.582363521559444,0.2492532637273257],[29.58355322120434,0.24913439673520088],[29.583553270667096,0.24913439133922566],[29.584862020765797,0.24996726607662367],[29.585072721129336,0.25042371428315846],[29.585575970954437,0.25151364673757826],[29.587836466379997,0.25294151833656997],[29.590810645794818,0.2529415192358897],[29.590810721337903,0.25294151743725024],[29.59271427224604,0.252822521842063],[29.594148954410855,0.2521473342322338],[29.594736844829697,0.25187064701293593],[29.59556959456131,0.2509190230945819],[29.595450596268165,0.24961027299588068],[29.595402201950208,0.24902903126496767],[29.595331645639078,0.24818251561077886],[29.59526094363781,0.24698087566702043],[29.595212596084593,0.24616002306675],[29.595260210690356,0.24539917773000752],[29.595331645639078,0.24425651622539135],[29.594851778187206,0.24309098675979612],[29.594498846444765,0.24223389687699637],[29.593784970899833,0.2402113980377294],[29.593737120671733,0.23925360656886596],[29.593666020270803,0.23783189082928402],[29.593956582230646,0.23630682320151664],[29.59414197027587,0.2353335229238951],[29.595212596084593,0.23366777165051644],[29.595212641050693,0.23366777524779536],[29.596878270915624,0.23414376572236506],[29.598187021014382,0.23533351572933725],[29.59878189466889,0.23806989101279896],[29.599376771021355,0.23949751619755943],[29.600013965871995,0.24024099472626403],[29.600804469950504,0.24116327196759357],[29.60282697058841,0.24223389687699637],[29.60556334677119,0.24247189076533004],[29.60556339623389,0.24247188896669059],[29.607228971240204,0.2421149003824894],[29.6076277827961,0.2414502420352278],[29.608299645612306,0.24033039093495745],[29.60881435999488,0.23908049157159894],[29.609132470887005,0.23830789839098543],[29.609489470262986,0.23688002229533822],[29.610912631213125,0.23570814271676],[29.61151202126291,0.23521451563755136],[29.612028744730935,0.23452556660180335],[29.612939721091436,0.2333107722744785],[29.612939721091436,0.23224014826439543],[29.612463719824973,0.23116952155635317],[29.611154969726215,0.22938477198977125],[29.610468215036235,0.22853948301087712],[29.609608395711064,0.22748126604773233],[29.609537914942962,0.2266348322318663],[29.609489470262986,0.22605364805758654],[29.60953703630537,0.22529274606353056],[29.609608395711064,0.2241500162104444],[29.610278377145562,0.22295903323293942],[29.610679221169278,0.2222463969538353],[29.611312941938877,0.22177116910432915],[29.61258289528456,0.22081876637315645],[29.61258297082759,0.22081876997043537],[29.613653470731265,0.22081876997043537],[29.613653521093283,0.22081876637315645],[29.615081146278044,0.22165164111049762],[29.61578046989291,0.22205952862452705],[29.616508971112296,0.22248439803672682],[29.617110686808928,0.22335363596170055],[29.617579646383717,0.2240310161186585],[29.617579646383717,0.22700539068637227],[29.618545270048344,0.2280246741995029],[29.61972121995848,0.22926589690376886],[29.62138684442749,0.23045565230665943],[29.622457471135533,0.23069339708274583],[29.624123095604546,0.22950389708734065],[29.625431845703304,0.2281951478879023],[29.625431887971445,0.22819514878722202],[29.62560618108057,0.22822194678559526],[29.626978470979793,0.2284328971606442],[29.627354408279473,0.2289498967205077],[29.62793027116527,0.22974176596989082],[29.628530244875094,0.2300417528247749],[29.629120037359996,0.23033661804066696],[29.63042864536584,0.22855201596291863],[29.63042864536584,0.22533976621741658],[29.63042864536584,0.2218895162882859],[29.631603150065473,0.22087163391893228],[29.632213346368985,0.220342772301251],[29.633403096375957,0.21843939766023368],[29.634116846015786,0.21701164657036998],[29.63352197056264,0.21498914683184012],[29.63280822092281,0.21379927181908442],[29.63114259555448,0.21237164663432395],[29.63058220460522,0.21125081437372728],[29.629833895817796,0.20975426604672975],[29.63042864536584,0.20844564095375517],[29.63072382804239,0.20770776160406967],[29.630904595370964,0.2072557722362376],[29.629952846446884,0.20678002188066102],[29.628882095632378,0.20654202259640897],[29.627930219903874,0.2051143974116485],[29.627930219903874,0.20344864703758958],[29.62847956627911,0.20315573694784916],[29.62971489572601,0.20249701592473457],[29.632094395739955,0.20190214137090834],[29.633196442062342,0.20103621924630488],[29.633759969846892,0.20059339756738837],[29.634072781933526,0.20001251736397307],[29.634592770839845,0.1990467659956039],[29.634736494194044,0.19796899237525167],[29.634830720661398,0.1972620218249972],[29.633759969846892,0.19583439664023672],[29.63373178509397,0.19578748260641987],[29.63372089610266,0.19576939094480394],[29.63283789585239,0.19621364074708936],[29.632481020582816,0.19671339041082092],[29.632480972918756,0.19671339220946038],[29.631624337193557,0.19671339220946038],[29.631624270643727,0.19671339041082092],[29.630981895698085,0.19642777022556857],[29.630339471289744,0.19642777022556857],[29.63033939664598,0.19642777202420802],[29.629482895819137,0.19649914222179632],[29.6294828445578,0.1964991476177147],[29.6289117210992,0.19614227234814052],[29.628688268349094,0.19588684060539663],[29.628412020898224,0.19557114079566418],[29.62784102064677,0.19521426642540973],[29.627841001761,0.19521416660069235],[29.627840970284694,0.19521414681560145],[29.627802184323514,0.19502004973566045],[29.627698272157716,0.19450039537713337],[29.62662752044389,0.19450039357843707],[29.62662747008187,0.19450039717577283],[29.626566337766462,0.19437813164563522],[29.626484646049732,0.19421489120441038],[29.62624195680104,0.19381033837657924],[29.626056345723953,0.19350102195477348],[29.625413844873208,0.19307277199101236],[29.625320101341742,0.19305400673715667],[29.624700144696078,0.1929300154080238],[29.624118956025143,0.19286545217903495],[29.624057645643973,0.19285864790845153],[29.624057596181274,0.19285864790845153],[29.623772095605887,0.19235902235118374],[29.623343845642125,0.19200202207582606],[29.622415846014633,0.19185927268745218],[29.62202246186729,0.19149872188864947],[29.621559149135578,0.1910741447561577],[29.620988271191948,0.19107414385683796],[29.620988220829872,0.19107414655479715],[29.620702596148078,0.1907170221729757],[29.62035479233998,0.19050830391523732],[29.61998889597095,0.1902887668132962],[29.618918094794424,0.1902173966157079],[29.61891802104998,0.19021739391774872],[29.618489771086217,0.19021739391774872],[29.6174903949659,0.1908598911712147],[29.617306790276302,0.19112216495608436],[29.61699071994593,0.19157377211206494],[29.61671320984692,0.19185120127207256],[29.616562396237782,0.19200201578058795],[29.61613414627402,0.19271589132546296],[29.615277396334932,0.1930727656957174],[29.61527735496611,0.1930727656957174],[29.61420677142553,0.19300152230255208],[29.61420672106351,0.1930015232018718],[29.613878895694654,0.1927064754236767],[29.613492770874814,0.1923590160558888],[29.61263627094729,0.19228751635597519],[29.6118120800636,0.19216073443050163],[29.61170822005846,0.19214477236351968],[29.610923094825125,0.191859269989493],[29.609780895572044,0.191859269989493],[29.609780845210025,0.19185927268745218],[29.60920984495857,0.19171652869499667],[29.609209773012765,0.1917165098092255],[29.608904216656413,0.19162485000697416],[29.608495971212278,0.191502397417878],[29.608067720349197,0.19064564657946903],[29.6074965968906,0.19007476683719915],[29.606782770808366,0.19000327163382735],[29.60662577166221,0.19009295832353246],[29.6062830957884,0.19028877220921459],[29.605640719943437,0.19171652239975856],[29.60527652868899,0.1921717421323592],[29.605069645947594,0.19243039075007573],[29.605069598283478,0.19243040244128906],[29.604641345621758,0.1925730223272808],[29.603713345094945,0.19285864790845153],[29.60371331092074,0.19285862902268036],[29.603713271350557,0.19285864071383685],[29.60307077589573,0.19250176994091817],[29.602499771147677,0.19250176994091817],[29.60249972078566,0.19250177173955763],[29.601286270944797,0.19264439072622963],[29.60105741236987,0.19274845757541925],[29.60050097124298,0.1930015232018718],[29.60050092987416,0.19300150071882172],[29.600500895699952,0.19300151600731397],[29.600034195222122,0.19275015279748686],[29.599572970716167,0.19250176724290213],[29.598145342833448,0.19243039614605095],[29.5981452708877,0.19243039075007573],[29.5976371917032,0.1921400329363223],[29.597145846204,0.19185927268745218],[29.59681117069914,0.19171049874069013],[29.596503574680412,0.19157378919919665],[29.59557559483801,0.19235902235118374],[29.595575521093565,0.1923590196531677],[29.594647715719645,0.19235901785452825],[29.594647644673216,0.1923590160558888],[29.594045941567117,0.19194536928353045],[29.59350534559536,0.19157377211206494],[29.593219845019973,0.19078852187294615],[29.59297050168749,0.19041445156585723],[29.59264877102413,0.1899318906444023],[29.592195172769152,0.18959167621505912],[29.591792094829486,0.18928939698821523],[29.590864095201994,0.18878977233026717],[29.58957925088191,0.18836140725329642],[29.589311593755212,0.1885804407349383],[29.588794220077375,0.18900389731214773],[29.58879416701734,0.1890038739297779],[29.58879414633293,0.18900389101690962],[29.58815164638156,0.18871826633505862],[29.588068406032278,0.18842725291557372],[29.588008720726066,0.18821877297813217],[29.587366345780424,0.18786176640753638],[29.58622426973443,0.18771902241513772],[29.58622422117105,0.1877190170191625],[29.585367596237745,0.1875762721274441],[29.585279292705366,0.18710522342746572],[29.58515339571278,0.18643401621704925],[29.584707105348798,0.18613648900793578],[29.58429686790629,0.18586303665000514],[29.583725771427396,0.1862913909350823],[29.58372572286396,0.1862914017269759],[29.583154761283367,0.1865055114203642],[29.583154719914546,0.18650552311157753],[29.58251222086244,0.18629139723037724],[29.58208397089868,0.18593439695501957],[29.58153634222856,0.1856787727573419],[29.58101327224489,0.1854346382980907],[29.580765307573074,0.18539653132501144],[29.580085221356057,0.18529202290869762],[29.579085846135058,0.1842212720941916],[29.57874034818866,0.18375002914069682],[29.578300646257958,0.18315039087798368],[29.57737265202644,0.18265076981731454],[29.575873645852255,0.1826507689179948],[29.57587359459086,0.18265077071663427],[29.57380347125337,0.18279351740704897],[29.573803395710286,0.18279352190364762],[29.571947520561764,0.18293639270052608],[29.570805270946664,0.18479226605040822],[29.570505733752782,0.18509180324429053],[29.569948720657123,0.1856488981782718],[29.56937007976552,0.18603468575230409],[29.569092146085836,0.18622001624089535],[29.569092117307548,0.18622000724769805],[29.569092095723818,0.18622002163687057],[29.567236094670193,0.18572027287245874],[29.566165346553646,0.18479226694972795],[29.565308844827484,0.18472089675213965],[29.565308771083096,0.18472089135622127],[29.564737645825858,0.18422126579895348],[29.56433137619223,0.1839626648452395],[29.563952471129824,0.18372152332977976],[29.562810469727538,0.18350727604013173],[29.56281039598315,0.18350726614755786],[29.56238439432451,0.18308133193806952],[29.562025095382012,0.18272214720946067],[29.560954344567506,0.18186552227621178],[29.560815923616133,0.18183089028349286],[29.559812146213744,0.18157989129912266],[29.55882382905662,0.18127104162545038],[29.558670096248136,0.18122301872750768],[29.557670769590516,0.18122301872750768],[29.557670721027137,0.18122302592206552],[29.55681414465721,0.18143726421851625],[29.55681409609383,0.1814372732117704],[29.556565236596555,0.18109503710644503],[29.556243024795947,0.18065202567061078],[29.55545777095955,0.18072339227092016],[29.555457720597474,0.18072340036479773],[29.554529764137442,0.18093751275614522],[29.55452972007066,0.18093752174939937],[29.55338772136639,0.18072339766683854],[29.55307649838187,0.18028770671247685],[29.55267377027843,0.17972401615060107],[29.551674395956752,0.17886739121729534],[29.551245392361125,0.17843838672234824],[29.550889220361398,0.17808226958123896],[29.549461595176638,0.17815364337610617],[29.548659256919336,0.17842103070614712],[29.548390769718424,0.17851051235044224],[29.548390721155045,0.1785105204443198],[29.547819718205574,0.17851051774636062],[29.547819646259825,0.17851051594772116],[29.547541011108933,0.1781522017628845],[29.54731997034054,0.17786802319085382],[29.546941115640152,0.1776268726821968],[29.546534773161397,0.1773682600373263],[29.54630963508174,0.17731198226232436],[29.545963769312664,0.1772255268367644],[29.545907324263794,0.17759219932071346],[29.54582096956227,0.1781536469733851],[29.545820895817826,0.17815364517474563],[29.54517859461663,0.17815364517474563],[29.545178520872184,0.17815364517474563],[29.544250595888457,0.17815364517474563],[29.54425052034543,0.17815364517474563],[29.543750894788104,0.17815364517474563],[29.543750845325405,0.1781536469733851],[29.543750845325405,0.17751114702195991],[29.543322596260964,0.17694002176477852],[29.543037013847254,0.17686865156719023],[29.542680145772295,0.17743976603253486],[29.542680104403473,0.1774397579386573],[29.542443489175866,0.177360834335218],[29.54225177080275,0.17729689073905774],[29.541966271126682,0.17679726608110968],[29.54132381074544,0.17651178439149362],[29.540681345867597,0.17672589678289796],[29.540681271223832,0.17672589408488193],[29.53982477129631,0.17672589408488193],[29.53982472093429,0.17672589138692274],[29.539253645139752,0.17665452208871102],[29.539253595677053,0.17665452208871102],[29.538825345713292,0.17551239658001805],[29.53889672040748,0.17401327169528713],[29.53889672040748,0.17322814736127157],[29.538421423310183,0.17306964544792436],[29.53804014583625,0.17294251638418245],[29.537183520902943,0.17287127119237766],[29.537183469641548,0.1728712693937382],[29.53625552127545,0.1728712693937382],[29.536255470014112,0.1728712693937382],[29.53475659514089,0.1728712693937382],[29.534756521396503,0.172871266695779],[29.533685770581997,0.17279976609648884],[29.532948694326933,0.1725162143519583],[29.532757720592485,0.1724427721164261],[29.532526938367653,0.1722449086757365],[29.532258146296556,0.17201451585737004],[29.530973146393762,0.17122939062403475],[29.530710267365123,0.17104155462419612],[29.5304734695751,0.17087239844261148],[29.53040209578029,0.1697302729339185],[29.53040209578029,0.1688022724071061],[29.53034337724523,0.1684499144321876],[29.53025927084883,0.16794564117856225],[29.53021701440383,0.16752299489047573],[29.530187845792625,0.1672317719288685],[29.529930690948788,0.1669746737423452],[29.529616769998086,0.1666608912872789],[29.528688896275696,0.166303765106818],[29.527975020730764,0.1658755160423766],[29.527721023406684,0.16573037355806264],[29.527475373589766,0.16559003795003946],[29.526832896121448,0.16623239131195078],[29.526832858349906,0.16623238501671267],[29.526119095220224,0.1660183967317721],[29.525965265284924,0.16574144870907048],[29.52576214620626,0.16537589138442854],[29.52563790756352,0.1650031772549596],[29.525547970862306,0.16473352273402497],[29.52483409621675,0.1641623983761633],[29.523906095689938,0.16387677279499258],[29.52301384591243,0.16346039658020572],[29.522395220263377,0.16307964790757978],[29.5221733287363,0.16290216939978563],[29.52191927115763,0.16269901614685978],[29.521679839253352,0.16237970286118752],[29.521490970831792,0.16212789718485965],[29.521110221259846,0.16174714671359425],[29.520733181391392,0.16159630522548696],[29.520396566048873,0.16146165872874008],[29.519776651671293,0.16170269592282693],[29.519539894350828,0.1617947604200367],[29.519539844888072,0.16179477301051293],[29.519308044630748,0.16147598942552577],[29.519159145678202,0.1612712659563158],[29.51849289463155,0.1613188931525542],[29.51849284516885,0.16131889764915286],[29.517874270781135,0.1614140153446897],[29.517874270781135,0.16227064117731516],[29.517826645383536,0.16307964071302194],[29.517636270597563,0.1636983913678023],[29.516874895560136,0.16436464061581546],[29.516874846097437,0.16436464870974987],[29.515875519439817,0.16455501360314884],[29.515875470876438,0.16455502259640298],[29.515066345435685,0.16384102204568762],[29.5143525957958,0.16307964161234167],[29.513829220941943,0.16303214841508407],[29.513829146298235,0.16303214122052623],[29.51341536013092,0.16284822266749188],[29.51297247010359,0.16265139704449894],[29.512734595825123,0.16212789718485965],[29.512338611737732,0.16178842739418542],[29.511735270966142,0.1612712659563158],[29.51087852102711,0.1606050158089829],[29.509974395701988,0.15993876566165],[29.509702944335572,0.159825680410961],[29.509403345088458,0.1597008958797801],[29.508832271092615,0.1597485167807804],[29.50883222073054,0.15974852397533823],[29.508308834185527,0.15984363537563695],[29.508308770333656,0.15984364077155533],[29.508099928868774,0.15960874684634518],[29.50792797039969,0.15941539800235205],[29.507547355726047,0.15917740411407522],[29.50692864644003,0.15946289030028993],[29.506310020790977,0.15979601537395638],[29.506309977623516,0.15979601717259584],[29.505596146145365,0.1597960189712353],[29.505596094884027,0.15979602256857106],[29.504977471033612,0.15936777170543337],[29.50407334480917,0.15922490000929201],[29.503538534176187,0.1594031986988398],[29.503359518726995,0.15946288580369128],[29.503359519626315,0.15998617881928112],[29.50412097020677,0.16046227271584712],[29.50407334480917,0.16127114724582725],[29.50407327556138,0.16127116793023788],[29.504073271064783,0.1612712659563158],[29.50359925640072,0.16141713869018304],[29.503454720059437,0.16146164793684648],[29.50345464631505,0.16146164523888729],[29.502598146387527,0.16146164523888729],[29.50259809602545,0.16146164793684648],[29.502074470260766,0.16122364685395496],[29.501995303840374,0.16092644789739552],[29.501884270842595,0.16050989091888823],[29.501551150265527,0.1601291458435412],[29.50126564519354,0.16012914404490175],[29.501265594831523,0.1601291476422375],[29.500646845076005,0.15936777170543337],[29.50031372000234,0.1587013965523738],[29.499695096151925,0.15817802169851802],[29.499123969995367,0.15755939694878407],[29.4986146920146,0.15739848665100453],[29.49821989593164,0.15727376597169496],[29.497553645784308,0.1569406408980285],[29.49753863160271,0.1569393359817468],[29.496459145673214,0.15684552140385222],[29.496459096210515,0.1568455151086141],[29.495745219766263,0.15670264700969483],[29.495174096307665,0.15646476913394736],[29.49441284897398,0.15646476823462763],[29.494412770732936,0.15646476643598817],[29.49498377098439,0.15589376618453343],[29.495650021131723,0.1556081406033627],[29.49554027776179,0.1553337115817044],[29.495459720989516,0.15513239294574532],[29.4954066789752,0.15512858611549518],[29.4947935212042,0.1550846407437234],[29.494500672268373,0.1547674363682745],[29.494222344685625,0.1544660222892844],[29.493973002252403,0.15409195198213865],[29.49365127068978,0.15360939106068372],[29.49335202127895,0.15301081939395544],[29.49312784637317,0.15256252174316387],[29.492937547130282,0.15232989680743003],[29.49269952086638,0.15203901558828647],[29.49258860298181,0.15165084121349537],[29.492509094819013,0.15137277173619168],[29.49213018256205,0.151082922039393],[29.4917001510413,0.15075402018203476],[29.49055802103601,0.15075401928271503],[29.49055797067399,0.15075401928271503],[29.48927314613894,0.15075401928271503],[29.489273094877603,0.15075401928271503],[29.48808339613197,0.15075401928271503],[29.48808334576995,0.1507540210813545],[29.486988896020875,0.15084926558131428],[29.486584651660507,0.15050281435355828],[29.486322596410844,0.15027826892713847],[29.485703896118082,0.15027826892713847],[29.484990145578934,0.15084926558131428],[29.484419021221015,0.151182389755661],[29.483943019954552,0.151182389755661],[29.48349844369841,0.1513533400847109],[29.483324469848583,0.15142027212800713],[29.48291397070335,0.15159133667100377],[29.482753391356084,0.1516582579224064],[29.482753344591345,0.15165827321089864],[29.482467845814597,0.1511347715526199],[29.482753344591345,0.15080164737827317],[29.482753395852683,0.1508016392843956],[29.483467221035596,0.15065889888921902],[29.483467220136276,0.1501830217292195],[29.48284849556177,0.14984991104472556],[29.48213477110295,0.15042089061176966],[29.48213472523753,0.15042089241040912],[29.481563644946448,0.15042089420904858],[29.481135395882006,0.15075401568543612],[29.480945021096034,0.15132514094267435],[29.48051664612649,0.1516582660163408],[29.48051660026107,0.15165826781498026],[29.47999314626685,0.15165826961361972],[29.47999309590483,0.15165827321089864],[29.479469747131304,0.15137278702468393],[29.47899377104585,0.15180101630403442],[29.47899372428111,0.15180101810267388],[29.47837522093988,0.1518010190019936],[29.478375145396797,0.1518010190019936],[29.477470969709657,0.15180101810267388],[29.47747089596527,0.15180101630403442],[29.477423395573396,0.151182389755661],[29.47742347291512,0.1511823043200593],[29.47742347021716,0.15118227194443534],[29.47752886716364,0.15106368823876437],[29.477804021038878,0.15075401568543612],[29.477804021038878,0.15013539093570216],[29.477280646185022,0.14989739075213038],[29.476750889741936,0.14977514770504285],[29.47666201244209,0.14975464855837117],[29.476497058792404,0.14990309695053838],[29.47618609571191,0.1501830217292195],[29.47613847121363,0.15080164737827317],[29.47613847121363,0.15146789662628635],[29.475852970638243,0.15194377198764641],[29.475852928370102,0.15194371263237372],[29.475852895994535,0.1519437656924083],[29.4762626460045,0.1528056408677685],[29.475834271034955,0.15313876594143494],[29.47569152074726,0.15366226580107423],[29.475643896248982,0.1544236408385018],[29.47545351966437,0.15499476609574003],[29.475072895997528,0.15570851573556865],[29.47488239620577,0.15680301584666267],[29.47421614605844,0.15765976578575192],[29.473740394803542,0.1588970161844827],[29.472788520873678,0.15946814144172095],[29.472407896307516,0.16022951557982879],[29.472265020114776,0.16094339112476064],[29.472265020114776,0.16232339091192216],[29.472169896123944,0.1637987656006885],[29.471789145652735,0.16475051632340865],[29.470789771331056,0.16584501643450267],[29.470123646189506,0.16622589101223184],[29.468648270601363,0.1668443907561823],[29.467363394804977,0.16770101568948803],[29.466792271346435,0.168605265121073],[29.466792271346435,0.1696521407338878],[29.46703026973131,0.1705088906729202],[29.467077771022502,0.17146064139564032],[29.46703026973131,0.17284064118280185],[29.466935145740536,0.17455389104941332],[29.466126021199102,0.1753152660868409],[29.46498389569041,0.17541051598266222],[29.46350864510805,0.17555326627035583],[29.461985895932514,0.17555326627035583],[29.460796020919815,0.1757912655546079],[29.45998702138411,0.17636226580606262],[29.45851176990243,0.17664789138723336],[29.45756002097835,0.17621951641768874],[29.456655770647444,0.17655264059203546],[29.455323271252155,0.17707614135099448],[29.453657645883823,0.17721889073936836],[29.45203964591309,0.1775520158130348],[29.45051677083245,0.17769476610072843],[29.449041520250148,0.17774239059900765],[29.448327770610263,0.1777898909908231],[29.44651927084783,0.17812301606448955],[29.445424770736736,0.1783610153487416],[29.444377771017457,0.178741765820007],[29.444044645943848,0.17988376632291647],[29.44323564640814,0.18012176560716853],[29.442664520251583,0.17997901621879464],[29.442188770795326,0.18045489068083498],[29.44142714574633,0.18116876622576683],[29.441141646070264,0.18193026626892106],[29.441141646070264,0.18283451570050602],[29.440903770892476,0.18411939059757287],[29.440903770892476,0.18473789124084306],[29.440903770892476,0.185642140672428],[29.440427896430435,0.1864512661131812],[29.439666396387224,0.1876885156126491],[29.439476019802612,0.18878314072952662],[29.438857395052878,0.18935414098098136],[29.438429145988437,0.19006801562659348],[29.43790552112307,0.19016314141600787],[29.43657314583419,0.19030601581016526],[29.433908145244857,0.19025826630610254],[29.432480520060096,0.1902106409085036],[29.43105276986961,0.19016314141600787],[29.429958270657835,0.18983001634234142],[29.429530020694074,0.19025826630610254],[29.428197521298728,0.1902106409085036],[29.426960145894157,0.19025826630610254],[29.425247021033385,0.19025826630610254],[29.424247520806603,0.19016314141600787],[29.42339101997976,0.19016314141600787],[29.422867396013658,0.19044864019275565],[29.42210602097623,0.19030601581016526],[29.420488021005553,0.19054376598217004],[29.41910789531329,0.19054376598217004],[29.417918146205636,0.1904962655903546],[29.415967020261917,0.19054376598217004],[29.414634520866628,0.19011551601840893],[29.413444770859655,0.19006801562659348],[29.4128261452106,0.18987751583483714],[29.411493645815256,0.1895445157669542],[29.410494270594256,0.18949689126867497],[29.40973289555683,0.1894017663785803],[29.408733521235206,0.1889735164148192],[29.407924395794396,0.18845001565586017],[29.407305771044662,0.187783766407847],[29.406496769710316,0.187783766407847],[29.4058781458599,0.18840239115758095],[29.40544989499682,0.18892576601143674],[29.404831146140623,0.18935414098098136],[29.404117395601475,0.1895445157669542],[29.403641395234388,0.18973489055292703],[29.40311789627407,0.19054376598217004],[29.40283239569868,0.1903535162019807],[29.40230889583904,0.18983001634234142],[29.401452270905736,0.18963976566283236],[29.400500520183016,0.1896872660546478],[29.40011976971175,0.1892588910851032],[29.39916802078767,0.1888782656196213],[29.398597021435535,0.1885451396466351],[29.39873976992459,0.18787889129794166],[29.399215521179542,0.18735526643257572],[29.399596395757214,0.18697464096709382],[29.399072894998255,0.18664151499410764],[29.398168645566727,0.1868795160769423],[29.39740727142862,0.18659389139514815],[29.396979019666162,0.18749813992735653],[29.396693395883688,0.18802164068631555],[29.39636027081002,0.18840239115758095],[29.395503644977396,0.18868789083364845],[29.39445677116322,0.1885451396466351],[29.394361396261615,0.18921139069328774],[29.394361396261615,0.19030601581016526],[29.394076020691955,0.1910197663493136],[29.393124269969235,0.1910197663493136],[29.392410271217216,0.19173364099492574],[29.392933771076855,0.19259026592817463],[29.39302889506763,0.1930661412895347],[29.393076644571636,0.1937323914368676],[29.393124269969235,0.1949696409363355],[29.39321939575865,0.19601664065561408],[29.393504896334036,0.19725389105440172],[29.393504896334036,0.19820576588352878],[29.39421877097965,0.2002045163255275],[29.393838019609063,0.20120389064720712],[29.39440914576562,0.20177489089866185],[29.39440914576562,0.20253626593608942],[29.394076020691955,0.2034405162669941],[29.395027771414675,0.20453501637808813],[29.39512289630477,0.20543926580961624],[29.39540852098662,0.20677176610428205],[29.394504269756396,0.20758089064577234],[29.39340977144394,0.2077711413252814],[29.39279114489557,0.20862776625858714],[29.39326689615052,0.20967464097208222],[29.3933145206488,0.21086451598478106],[29.39340977144394,0.21191139069827614],[29.392648271400788,0.2122445157719426],[29.391744021069883,0.2120065155883708],[29.390506770671095,0.21176876631568575],[29.38965014573779,0.21243489055791542],[29.38874589630626,0.21324389099294194],[29.38812726975783,0.21467164118342907],[29.387841770081764,0.21657514083022988],[29.387175520833807,0.21876426605820143],[29.388032145767056,0.22214314129308832],[29.38812726975783,0.22323764140418234],[29.388032145767056,0.22728264088135575],[29.388317646342443,0.23037601644017514],[29.389602645345974,0.23394526556171513],[29.391030269631415,0.23637226596747496],[29.392267520929522,0.2380855158340296],[29.39326689615052,0.23932276623281723],[29.394123646089554,0.24070289102576226],[29.394980146017076,0.2422257661064009],[29.396217394617224,0.2425112657824684],[29.398406644850922,0.24427214104662198],[29.39916802078767,0.24569976623138245],[29.40149977039823,0.24760339088396677],[29.403498645846014,0.25003039128966975],[29.40506902041915,0.2523622659060152],[29.40611602013837,0.25260014108380346],[29.4084237128842,0.25504922704033106],[29.408455408590385,0.2550363640371529],[29.41026378334709,0.2562261131447485],[29.411501157852342,0.2572254883657479],[29.41311915782302,0.25831998757752217],[29.414166033435833,0.25841511336693657],[29.41573653301475,0.2593193627985215],[29.41830640871393,0.2605091128054937],[29.419448533323305,0.2606042376955884],[29.42040040815249,0.26065186399250706],[29.421685283049555,0.2608897382709756],[29.422303782793506,0.2615084889258128],[29.422303782793506,0.2626504876300828],[29.422636907867172,0.2628884887129175],[29.423541159097397,0.2631741133947685],[29.424017157665844,0.26364986375034505],[29.424397783131326,0.26417348861576784],[29.42492140799675,0.26450661279011456],[29.425635157636577,0.2644113628942364],[29.426158533389753,0.2646492380720247],[29.42634903318151,0.2649348636531954],[29.427110409118256,0.26522036422858264],[29.42753878318848,0.26583898807899686],[29.428347657718405,0.26579148858650115],[29.429204407657437,0.2659818642717937],[29.430394032658626,0.26612461276084787],[29.431441033277224,0.26693373820160105],[29.432154907922836,0.26683836419931595],[29.43277353357189,0.2674094876579147],[29.43348740911682,0.2676951132390286],[29.434581908328596,0.2675998633432073],[29.435295657968425,0.2675998633432073],[29.435676533445417,0.26831373798876257],[29.43605715801158,0.26893236363781625],[29.436199908299272,0.2700268637489103],[29.436961409241803,0.2710738643675086],[29.43777040787819,0.2715498629360127],[29.438531782915618,0.27159736422714786],[29.439150407665352,0.2722636125758413],[29.43976915921951,0.2731202393077865],[29.440625783253438,0.27411961273008956],[29.44229140862177,0.2749761126576118],[29.4430051582616,0.2754521139240751],[29.44324315844517,0.27621348806218293],[29.443231124616887,0.27623755212147216],[29.44323564640814,0.27625201591797577],[29.442854895936875,0.27701339095540334],[29.442664520251583,0.2777273906067421],[29.44248370705759,0.2784057402328699],[29.442862407973905,0.2790213639449348],[29.442846535839124,0.2790463012459554],[29.442854895936875,0.2790598909014079],[29.442526589430713,0.279575695262281],[29.44243403300436,0.2806393630163484],[29.44243403300436,0.28159111373906853],[29.44229140862177,0.2823524878771764],[29.442291014718705,0.28235301398058255],[29.44228389568542,0.2823910157329692],[29.441571825979167,0.28334048487562313],[29.441434657783418,0.2842084889308012],[29.441530032685023,0.2854457384302691],[29.441958282648784,0.285778862604559],[29.442862407973905,0.2862548638710223],[29.443338283335265,0.2870162380091301],[29.444147407876756,0.28772998764895874],[29.444623158232332,0.28787286294243586],[29.445337032877944,0.28772998764895874],[29.445860532737584,0.28863423887918316],[29.446384032597166,0.2888247386709395],[29.446717157670832,0.28934811262547555],[29.44681240936535,0.2901571139598218],[29.447335783319886,0.2919656137222546],[29.448573158724457,0.29286973814805606],[29.449667783841335,0.29367873768376285],[29.450524282869537,0.29429748923791976],[29.45142853409976,0.2960582376976504],[29.451238033408686,0.29743823838413164],[29.45128578291269,0.2991516132565266],[29.451999532552577,0.30034123915703503],[29.452618283207357,0.30157861276290987],[29.452475407913937,0.30233998780033744],[29.452474806267446,0.30234169381429865],[29.45246789587685,0.3023785156561303],[29.452193737551113,0.30315537522056957],[29.452760909388644,0.30410086306454787],[29.452760909388644,0.3057188639346009],[29.452753395552918,0.305731157666969],[29.452753395552918,0.30575739089101717],[29.452231231186545,0.30661190871279587],[29.451999532552577,0.3079556136607948],[29.452332657626187,0.3090976141637043],[29.452380283023786,0.31004948809356847],[29.45237170169287,0.3100666507555161],[29.452372770986756,0.3100880159493613],[29.452097632399955,0.3106382940222261],[29.45228515813369,0.31181036335772205],[29.45252303331148,0.3127621140804422],[29.45257065780976,0.3142848641552973],[29.452951408281024,0.3149511134033105],[29.45309403356299,0.3157126134465216],[29.45309403356299,0.3177113638885203],[29.45299890777352,0.3187582377026956],[29.452856158385146,0.3198052383212371],[29.45299890777352,0.32042386307097104],[29.452951408281024,0.3210426128264885],[29.453332032847186,0.3218039887632358],[29.453760282810947,0.32218473833518146],[29.45428390767637,0.3228033630849154],[29.454569409151077,0.32342198783464937],[29.45456175681977,0.3234602144175369],[29.454561896214727,0.32346051569038536],[29.454426695735606,0.3241359236341168],[29.455092783105613,0.3248973643220552],[29.45580678275701,0.32542073827659124],[29.45666328358385,0.32580148874785664],[29.457044034055116,0.3261822383198023],[29.45737703322368,0.3267056131736581],[29.457853032691446,0.327371863320991],[29.457836819713634,0.32739821255762536],[29.457845519755097,0.32741039117678383],[29.457481718806434,0.3280016747376635],[29.457710159196665,0.3282761136518957],[29.458186157765113,0.32851411383546747],[29.458168218988305,0.32854742742199505],[29.458178644828763,0.32855264079188373],[29.457866268014016,0.3291327376858817],[29.45823378316271,0.3291327376858817],[29.459185532986112,0.3290851140869222],[29.46023253360471,0.32989411272330926],[29.460613158170872,0.33070323906338217],[29.461231783819926,0.33070323906338217],[29.462088532859696,0.3307983630541571],[29.46218365774979,0.3314169887032108],[29.46261190861287,0.33136948831139534],[29.463325784157803,0.331988113960449],[29.46408715829591,0.3325114888143048],[29.464325157580106,0.3333206133557951],[29.464182408191732,0.33460548825286196],[29.46417850873138,0.33461148583154454],[29.464174895255383,0.33464401610859795],[29.463556146399185,0.33559589093778186],[29.462949084233003,0.3363898070440996],[29.46313540757319,0.3375084881263888],[29.463373408656025,0.3382222377662174],[29.463373408656025,0.33917411439404077],[29.463365895719676,0.3391981469770826],[29.463365895719676,0.33921264135045703],[29.463127894636784,0.3399740163878846],[29.462466464855652,0.34044644914445144],[29.462421657933305,0.3410301136489693],[29.462945157792944,0.3419817375673233],[29.46304028358236,0.3429812377940493],[29.463230533362605,0.3436951142383009],[29.46327828286661,0.3446944876606608],[29.463421034053624,0.3457889877717548],[29.464229907684285,0.3463599889225293],[29.464325157580106,0.3470262390698622],[29.464134782794133,0.3480732387890839],[29.464753409342507,0.34892986372238965],[29.465943282556623,0.3494057390837497],[29.467085283059532,0.3493581136861508],[29.467466032631478,0.3494057390837497],[29.467466032631478,0.34997686344166823],[29.46745852059439,0.3499885492323074],[29.46745852059439,0.3500153912974042],[29.467047349655616,0.35065494956643306],[29.46760878291917,0.35135686322882975],[29.467941908892158,0.35188036308846904],[29.46808465828053,0.35245148924497016],[29.467989533390437,0.35297486319956306],[29.467988776161235,0.35297622567242115],[29.46798202135335,0.35301339105529905],[29.467759110894406,0.35341460380107037],[29.468227532674632,0.35411711281466296],[29.46821456535008,0.3541474586384652],[29.468220020637602,0.3541556406704558],[29.467670202118313,0.3554422107895334],[29.467941033851787,0.3557669892553008],[29.468750033387494,0.35638561310571504],[29.469035658069345,0.35709948775132716],[29.469416282635507,0.35719473764720533],[29.469749407709173,0.35781336419557874],[29.469892157996867,0.3583368631558983],[29.470035034189664,0.35890786340735303],[29.470653658040078,0.35971686384237955],[29.47063591081877,0.35974200618881014],[29.47064614600299,0.3597553907987958],[29.470075019846433,0.36056451623960584],[29.469745056789122,0.36117727111434306],[29.4696542837184,0.3618584886784788],[29.470177657672934,0.36233423903405537],[29.470843907820267,0.3625247388258117],[29.470986783113688,0.363048238685451],[29.471367408579226,0.3634764886492121],[29.471795784448034,0.36380961372287857],[29.472176408114933,0.3643331126831413],[29.472414408298448,0.36528498931096465],[29.472414408298448,0.3660463643483922],[29.472414408298448,0.3666173628012075],[29.47240689626142,0.36661894470870493],[29.47240689626142,0.3666558906570003],[29.471502645031194,0.3668462663422929],[29.47093164567906,0.36694151623817106],[29.4705584081442,0.36736131617198],[29.4705584081442,0.36790236270405785],[29.47060603264248,0.3685686137507105],[29.470939157716145,0.36947261317072844],[29.470891533217866,0.37056723828760596],[29.470885174111686,0.3705792514314794],[29.47088402118078,0.37060576614334195],[29.470463283254105,0.37140057437716223],[29.470463283254105,0.37194736308049414],[29.47108190890316,0.3725184892370521],[29.471319908187354,0.37285161341139883],[29.47130061683015,0.372873654895443],[29.471312396150324,0.37289014126719167],[29.470990458642916,0.3732579819704256],[29.47108190890316,0.37389848902421363],[29.471272282789812,0.37456473917154653],[29.471557908370926,0.3749929882359879],[29.471557908370926,0.3756117388908251],[29.471891033444592,0.3761827382429601],[29.472319283408353,0.3764207393257948],[29.473223533739258,0.3768966137878351],[29.473699283195515,0.37746773904507336],[29.47408003276746,0.37827673858078015],[29.47460353442574,0.3789429878287933],[29.47503178259086,0.37975198916313957],[29.475412533062126,0.3799899884473916],[29.475793282634072,0.3803706130135538],[29.47617403310528,0.38098936366833414],[29.47612640770774,0.38146511402396754],[29.4765546576715,0.3816556129163473],[29.47760165829004,0.3815128626286537],[29.4781727844466,0.3816556129163473],[29.478743782899414,0.3818459886016399],[29.47960040783272,0.3818459886016399],[29.48031415837187,0.3820838628801084],[29.480647283445535,0.3827976134193136],[29.481028158023264,0.38327361378640035],[29.48126590909459,0.38398736342622897],[29.48131365859865,0.38474898937454327],[29.481304997227994,0.3847691836510876],[29.481306145662245,0.38478751723027926],[29.481163271268144,0.3851206423039457],[29.480639769609866,0.3853108911848153],[29.48055215855544,0.38566145591164513],[29.48055215855544,0.38622411315247973],[29.48054464561909,0.3862380670333323],[29.48054464561909,0.3862626410082157],[29.480211521444744,0.3868813907637332],[29.479450146407316,0.38740489062337247],[29.47906939593605,0.387928266376548],[29.478260396400344,0.38816626566080004],[29.477641645745507,0.3876902661929762],[29.47635677084844,0.3876902661929762],[29.47540502012572,0.38750001641278686],[29.47454839609179,0.3879758908748272],[29.47403240826918,0.38816353441973206],[29.47403240826918,0.38831798938389284],[29.473984907877366,0.38879398885165983],[29.473980508393936,0.3888013210242889],[29.473977394941016,0.38883251580813294],[29.473549145876518,0.3895462663472813],[29.473263520295404,0.39030764138470886],[29.47235927086382,0.3907360163542535],[29.471740646114085,0.3909263911402263],[29.471377736393606,0.3913799678114174],[29.471700532753573,0.39188723940475256],[29.471679715246808,0.3919048562243006],[29.471693020716486,0.39192576726048856],[29.471083616715703,0.39244146370276667],[29.471129533401438,0.393267363298321],[29.47112044125555,0.39327746358424065],[29.47112202136435,0.39330589115411385],[29.470693646394807,0.3937817656161542],[29.470503270709514,0.3940672661915414],[29.4694563950967,0.3941623910816361],[29.46807627120313,0.394828641228969],[29.466981646086253,0.39516176630263544],[29.46612514615873,0.39516176630263544],[29.46536364611552,0.3953521410886083],[29.4643166463963,0.3952570161985136],[29.463698020747245,0.39559014127218006],[29.462889021211538,0.39568526616227473],[29.462127521168327,0.3957805160581529],[29.461699271204566,0.39625639141951297],[29.46079502087366,0.3968751411749736],[29.459700520762567,0.39697026606506824],[29.458748770939167,0.3967798912790954],[29.456750019597905,0.3965420161013071],[29.45513202142581,0.39597089084412573],[29.454275394693866,0.3954948913763019],[29.45318089638141,0.39511426591082],[29.45075389597571,0.3949715156231264],[29.449088145601593,0.3949715156231264],[29.44818402117579,0.3950666414125408],[29.447422521132637,0.3953997655868875],[29.446566020305738,0.3954948913763019],[29.445376271198143,0.3954948913763019],[29.444519521259053,0.39501914102072533],[29.443758146221626,0.3943052663751132],[29.44318714597017,0.39392451680316753],[29.44218777074917,0.39330589115411385],[29.441235895020725,0.39306789097054207],[29.440427021390065,0.3930203905787266],[29.439332396273244,0.3924492662208081],[29.438618520728312,0.3925443911109028],[29.43795227058098,0.3925921406149655],[29.437048021149394,0.3925921406149655],[29.436429396399717,0.39240164082320916],[29.435320929817237,0.3924847138985683],[29.435276783896597,0.39296986306891313],[29.43537190788743,0.3936838627202519],[29.435609908070944,0.39439761325940026],[29.435705032961096,0.39515898829682783],[29.435562282673345,0.39596811373763785],[29.435561450800492,0.39596878013526293],[29.435554770636315,0.3960066406940541],[29.43510702157198,0.39636476871925197],[29.43551478318085,0.39668186337746647],[29.435705032961096,0.3977763643878802],[29.435800282856917,0.3986806129200886],[29.435789542253758,0.39868848828325554],[29.435792769920567,0.39871914077588144],[29.435084598775404,0.39923833378225027],[29.435038782813763,0.4001082381048491],[29.43503226992351,0.4001277830709],[29.435031269877356,0.4001467659606419],[29.434659386721478,0.4012627859489726],[29.434753283137695,0.40220223844272596],[29.434848533033517,0.40286848859005886],[29.434835800431983,0.4028704985748277],[29.434841020996487,0.40290701644579485],[29.433936770665582,0.40304976583416874],[29.4334665349528,0.40304976583416874],[29.43342078284303,0.40405811359124755],[29.433516032738908,0.40477211324258633],[29.433505291236372,0.40478643224821553],[29.43350852070182,0.40481064109837916],[29.43309580562709,0.4053607671858117],[29.43337315834475,0.40596173914309475],[29.4336587830266,0.4061997384273468],[29.433753907916696,0.40705636336065254],[29.433753907916696,0.4081508643710663],[29.43380140830851,0.4091978631909683],[29.433563659035826,0.4111489891346878],[29.433611157629002,0.41286211399551576],[29.433706283418417,0.4141471138983661],[29.434325033173934,0.4148132381405958],[29.434943658822988,0.415384363397834],[29.435276783896597,0.416478987615335],[29.435657534367863,0.4174308633438386],[29.435705032961096,0.4187633627391847],[29.43541953328497,0.42028611371335955],[29.436181033328182,0.42147586282095517],[29.436159138433652,0.4214919202161127],[29.436173520391833,0.421514390676748],[29.4354596448469,0.422037891435707],[29.434800907635918,0.42321410214924526],[29.434800907635918,0.4240457376208724],[29.434793395598888,0.4240670227750343],[29.434793395598888,0.4240842663759281],[29.43450789592282,0.42489314090590824],[29.434325516109823,0.4257594155647553],[29.43499128422053,0.42652036432349405],[29.435229157599736,0.4272342389691062],[29.435216739760904,0.4272580431243682],[29.43522164556265,0.4272727659255793],[29.434660181722165,0.42834898821541856],[29.434753283137695,0.4292804889036006],[29.434658158247544,0.4302798632252802],[29.434654230008846,0.430280735567635],[29.434650646210514,0.43031839108107306],[29.43379389627148,0.43050876586698905],[29.432794521050482,0.430556391264588],[29.432128395908933,0.430556391264588],[29.4315573947581,0.43022326619092155],[29.430891144610825,0.42955701604358865],[29.430082020968655,0.4287955160004344],[29.4294633953196,0.42831964063907435],[29.428702021181493,0.4276533913910612],[29.428178396316127,0.42712989063210216],[29.427226645593407,0.4270347657420075],[29.42694114501802,0.4274630157057686],[29.426179770879912,0.42870039111033975],[29.4254658962343,0.42870039111033975],[29.424799646086967,0.42846239092676797],[29.423895395756062,0.4281292658531015],[29.422420145173703,0.42846239092676797],[29.421706269628828,0.4292713913617945],[29.420849770600626,0.4302707656834741],[29.419850396278946,0.43136526669388786],[29.419612395196054,0.4319840164493485],[29.418660646271974,0.4324598909113888],[29.41799439612464,0.4324598909113888],[29.417137770292015,0.43250751630898776],[29.416519021435874,0.43212676583772236],[29.41604327018092,0.43131776630201557],[29.415567270713154,0.4309846412283491],[29.415662520608976,0.43003276639922206],[29.41537702003359,0.42936651625188915],[29.414758271177448,0.42898589078640725],[29.414187270925993,0.429842515719713],[29.413901645344822,0.4309846412283491],[29.413187895704993,0.432269516125416],[29.412712021242953,0.4319840164493485],[29.411902895802143,0.4317936407640559],[29.41123664565481,0.43184126616165486],[29.410475269718063,0.4312226414119209],[29.409476021301487,0.4304135159711677],[29.40857177097064,0.4301756407933226],[29.407477270859545,0.4301756407933226],[29.40676327120815,0.43050876586698905],[29.406049520669,0.43131776630201557],[29.405525895803635,0.4319840164493485],[29.40505014634732,0.4327455155932398],[29.404526645588362,0.433649640918361],[29.40429436419373,0.43453250896828877],[29.404201032551782,0.4353719883267786],[29.40405828316341,0.4363712376426747],[29.404053395348058,0.43639140134223453],[29.40405077112638,0.4364097663977873],[29.403670020655113,0.4379802659766483],[29.403384520079726,0.43855126622810303],[29.402670645434114,0.43912239058602154],[29.401671270213114,0.4393127662713141],[29.401147771252795,0.43897964119764765],[29.4006720199979,0.4396935158432598],[29.4002088133862,0.4403880838431746],[29.40034640786058,0.4408922392855743],[29.400584158032643,0.44127298885752],[29.400822159115535,0.4420819892925465],[29.401250408179976,0.4423198626716953],[29.401440907971676,0.4430812386084426],[29.401422531225023,0.4430763409005749],[29.401433395934646,0.4431197655649157],[29.400719521289034,0.44292951578466955],[29.39986289455709,0.44354826733882646],[29.39886352023541,0.44402401589576357],[29.398149644690534,0.4444523908653082],[29.39795927080388,0.4443096405776146],[29.397150395374638,0.44402401589576357],[29.39672189629863,0.4443096405776146],[29.395913020869386,0.4448331413365736],[29.395103896327896,0.44597514094016333],[29.39424817071665,0.4464032533076647],[29.394112034043303,0.44717398938826136],[29.394111236344656,0.44717450200181474],[29.394104521106954,0.4472125172440542],[29.39343827095962,0.4476407663084956],[29.392867394814573,0.44830701555650876],[29.39226443625489,0.44872445926654336],[29.392398909182475,0.44917273893094034],[29.392351283784876,0.4497913636806743],[29.39234606771703,0.44980006012485774],[29.392343770848527,0.44982989063709056],[29.39205827117246,0.4503058910042341],[29.39177264469197,0.45068664237481926],[29.391201646239153,0.45068664237481926],[29.39044256087567,0.45135088703398196],[29.390257283447056,0.45264673815660217],[29.39025483729108,0.4526498372203491],[29.39024977140997,0.452685266012395],[29.389556331159895,0.45356378584023105],[29.390019408269268,0.4540268638488669],[29.390007017410085,0.45406051198318664],[29.39001189533286,0.4540653908052832],[29.38967889526498,0.4549696411361879],[29.388965019720047,0.4553502666016698],[29.38873359537928,0.4560444227121252],[29.38868703298033,0.4569773641142092],[29.38868703298033,0.4575008639738485],[29.38867952004398,0.4575233883938381],[29.38867952004398,0.4575393909303216],[29.388489021151543,0.4581105161875598],[29.387822771004267,0.4582532655759337],[29.387204145355213,0.4581581406857822],[29.38653789520788,0.4579676408940827],[29.385919271357466,0.4586338910414156],[29.38530052070263,0.45939539108456984],[29.38501502102656,0.4598712664459299],[29.384660186318683,0.4603148687363614],[29.385212907849564,0.4604989878382071],[29.38559365832083,0.46102248859710926],[29.385688784110243,0.4614507385608704],[29.385641158712644,0.4621169887082033],[29.385641158712644,0.46287836374563085],[29.385736407709203,0.46349711440046804],[29.386212283070563,0.46378261407653554],[29.38619691095886,0.4638164258875008],[29.386204771033533,0.4638211419323284],[29.38596677084996,0.46434464089264793],[29.385205395812534,0.4642018906049543],[29.38430114638095,0.4646302655744421],[29.383978832956927,0.4650906950796525],[29.384070783240247,0.4657337391209353],[29.38406185117367,0.4657623375620119],[29.38406327030384,0.46577226607735156],[29.383835882120422,0.4665003167364148],[29.38411840773847,0.46697111272681013],[29.38497490856537,0.4674469880881702],[29.385070032556143,0.468208489030701],[29.385059275765116,0.46822104266715314],[29.385062519619737,0.4682470159871741],[29.384491646172705,0.468913266134507],[29.38397918279321,0.4698447263531875],[29.38416603313607,0.47077836293124165],[29.384152601761343,0.47078731478291047],[29.38415852109904,0.4708168907870345],[29.383444645554107,0.47129264114261105],[29.383206646269855,0.47210176568410134],[29.382254894647815,0.4722920163636104],[29.382112021153034,0.4728155162232497],[29.38163626989808,0.4736245157589565],[29.38106514643954,0.47381489144424904],[29.380446394885382,0.4741956410161947],[29.38000464609769,0.47515326611051023],[29.37987551963971,0.475433016420709],[29.379351895673608,0.47514739173891485],[29.378733270024554,0.4744811406922622],[29.377924271388167,0.47371976565483465],[29.377257895335788,0.47291076611912786],[29.37649652119768,0.47291076611912786],[29.375973145444448,0.4728631407215289],[29.375306771190708,0.4723396408618896],[29.37454539525396,0.47224451597179495],[29.373736395718254,0.47153064132618283],[29.372927396182547,0.4716733907145567],[29.37188039556395,0.4714831418336871],[29.370833520850454,0.4719113908981285],[29.369453271051782,0.47248239114958324],[29.3681208957629,0.4730058910092225],[29.366169645712716,0.47424314140801016],[29.364313769664875,0.4750047673562676],[29.362886020373708,0.4755281413108605],[29.362029521345505,0.47538539192248663],[29.36117289461356,0.4748618911635276],[29.360411521374772,0.4758612663844701],[29.359983146405227,0.4752425157296898],[29.359412145254453,0.47438601580216755],[29.358523598885142,0.4744794886376553],[29.35861053364937,0.4748708636995502],[29.35861053364937,0.47544198895678846],[29.35860302071302,0.4754525074274625],[29.35860302071302,0.47548051591326157],[29.358133151024276,0.476138359198103],[29.35808703289041,0.47705998802820204],[29.358081195391037,0.477065047614019],[29.35807952085338,0.47709851588393803],[29.357365646207768,0.4777172656394555],[29.3570325211341,0.4786215159703602],[29.356526766697073,0.4792193133208116],[29.35670690809752,0.4795347388372875],[29.357325657852982,0.4796298628280624],[29.357284814242973,0.47966326814548665],[29.357318144916633,0.479668391583175],[29.35679452095053,0.48009664064761637],[29.355509770159927,0.4806201423058951],[29.354938645802008,0.4802395159410935],[29.35422489616218,0.4798587663691478],[29.35360614640672,0.47981114097154887],[29.352892395867514,0.47981114097154887],[29.352416396399747,0.4797160160814542],[29.35194064604417,0.48019189144281427],[29.35089352041979,0.4811912666638136],[29.35089352041979,0.48066776680417433],[29.35089352041979,0.4797160160814542],[29.350750771031414,0.4788117657505495],[29.35013214628168,0.4783835157867884],[29.348847269585974,0.4782883908966937],[29.348799645087695,0.47776476603127094],[29.348133394940362,0.47709851588393803],[29.347800269866752,0.47671789131777587],[29.346229896192938,0.47738414056578904],[29.345475908186756,0.47747832836233783],[29.345475908186756,0.47829736433203607],[29.345468396149727,0.4783166871655453],[29.345468396149727,0.4783358912885092],[29.345135396081844,0.4791923912160314],[29.34495442730514,0.47978018091077956],[29.345142908118873,0.4804864886606879],[29.345285533400784,0.4812954890957144],[29.345333157899063,0.4819617383437276],[29.345323629582026,0.48197205986281233],[29.345325644962713,0.48200026619946357],[29.344754520604795,0.4826188909491975],[29.34408827135678,0.48304714091295864],[29.343850396178993,0.48371339106029154],[29.343619908032508,0.4844969757550075],[29.343619908032508,0.4849598640066688],[29.343612395096102,0.48496550005796735],[29.343612395096102,0.4849983909631419],[29.343041395743967,0.4854267659326865],[29.342565520382607,0.485712265608754],[29.341804020339453,0.48518876574911474],[29.341192782620965,0.4856118158327831],[29.341192782620965,0.48624473890373565],[29.341240533024347,0.4871489883353206],[29.34123120975272,0.4871532268401211],[29.341233020987318,0.4871875161910566],[29.34071461578708,0.48742319882171614],[29.34066940776711,0.48810073905804074],[29.340663828373124,0.48811030424730006],[29.34066189573008,0.488139266014457],[29.340328770656413,0.48871039127169524],[29.339424521224828,0.4889483905559473],[29.33890102136519,0.48856751687753786],[29.338615645795585,0.4879965157267634],[29.33818727082604,0.48733014057370383],[29.33775902086228,0.48737789097702944],[29.337521020678707,0.4877110160506959],[29.337092770714946,0.48832964080042984],[29.33661677124718,0.4886151413758171],[29.336236020775914,0.4891862657337356],[29.335474644839167,0.48942414091152386],[29.33466564620278,0.4894717663091228],[29.333428394904672,0.489804892282109],[29.33219102129874,0.48942414091152386],[29.331572394750367,0.4888055161617899],[29.331048895790047,0.48856751687753786],[29.330573020428687,0.48809176562264156],[29.330001896070826,0.4875206421640428],[29.329573645207745,0.4874255163746284],[29.3291452702382,0.4874255163746284],[29.32843139469327,0.487044765903363],[29.328336270702493,0.48652126604378054],[29.3282411458124,0.4859501407865423],[29.327860521246237,0.4854267659326865],[29.32730014558541,0.48515389093950034],[29.325435270021842,0.480088516172259],[29.323677520801084,0.4807915162156746],[29.322447145719366,0.4818461412865531],[29.31998627144941,0.482197766314016],[29.31910739638937,0.4813188912539772],[29.317349771275076,0.4792096411122202],[29.315064645217376,0.4818461412865531],[29.31383427103492,0.4832523913848945],[29.311549270882324,0.485713140649068],[29.308912644802888,0.48694364163588943],[29.306627646448874,0.48834989083496794],[29.305397271367156,0.4888770167610801],[29.3025848961762,0.4888770167610801],[29.300827146056122,0.48993176593842236],[29.29766326994411,0.4887013908566473],[29.296081145728465,0.49098639100930086],[29.29449926972569,0.4927441411293785],[29.29238989637679,0.4925682661127553],[29.289766160280237,0.4925682661127553],[29.290288158272062,0.4963968644239003],[29.29027457041525,0.496390823677757],[29.290280646234976,0.4964353913803734],[29.2886987702322,0.4957322663311743],[29.284861785742976,0.49538349485254685],[29.285893907977652,0.4972757385846194],[29.285542407955916,0.4997364878487929],[29.28554029904575,0.4997371920179603],[29.285534895918886,0.49977501660390544],[29.282371019806874,0.5008296416747839],[29.279558646414557,0.5011812667022468],[29.276570395307658,0.5011812667022468],[29.2755157711361,0.503290515944741],[29.273250572256245,0.5057299422831534],[29.27411715808057,0.5069431133341595],[29.275874783194865,0.5095798644193792],[29.278687283391605,0.5122164878008562],[29.28026915759574,0.5143256138361494],[29.28149965768324,0.516083363956227],[29.283433032808375,0.5185442391255037],[29.285718157966755,0.5187199882370237],[29.28853053315777,0.517138114032889],[29.290112408261223,0.5169622390162658],[29.291870283387027,0.5181927382044478],[29.29292478255286,0.5199504892238451],[29.2953856586214,0.5192473641747029],[29.296791907820477,0.5208293642838839],[29.29837378292393,0.522059739365659],[29.30083465809315,0.5215323643272995],[29.303119658245805,0.521883863449716],[29.304174283316684,0.5222354893764987],[29.305228908387562,0.5234658626595774],[29.307162532624943,0.5241689886080962],[29.30909603275586,0.5259266128230706],[29.311556783818673,0.5259266128230706],[29.31296290801197,0.5262783637556367],[29.313841783072007,0.527157113809892],[29.31524803317035,0.527157113809892],[29.315951033213764,0.5282117388808274],[29.31788453334468,0.5306726140500473],[29.31929078344308,0.5317272382216061],[29.320087159195225,0.5355947376071981],[29.32065815764804,0.5364989888374225],[29.320943658223428,0.5371652389847554],[29.321086532617528,0.5376411134467958],[29.32151478258129,0.5381169888081558],[29.321943033444427,0.5387357385636733],[29.322276157618717,0.5389259892431824],[29.32289478326777,0.5390212391390605],[29.32318040794962,0.539354364212727],[29.323132782552022,0.5401157392501545],[29.323127042179408,0.5401259456560297],[29.323125271414312,0.5401542662065708],[29.322697019651912,0.5409156412439984],[29.32241746719251,0.5416612808435843],[29.32232365801059,0.5430187382243616],[29.322609282692383,0.5444939888067211],[29.322799658377676,0.5454933640276636],[29.322847282875955,0.547016113203199],[29.32283953521653,0.5470470930490592],[29.322839770838925,0.5470546410589918],[29.322657209362887,0.5477845281336045],[29.32270453258826,0.5485391141889409],[29.32275215798586,0.5499667393737013],[29.322799658377676,0.5509661127960044],[29.322847282875955,0.5523462375889494],[29.32294240776605,0.5530599881280978],[29.323227908341437,0.5542021136367907],[29.323799032699355,0.5543924884227636],[29.324274908960035,0.5554869876345379],[29.324370157956594,0.5565816136507351],[29.324608033134382,0.557961739342943],[29.324750783422076,0.5590562385547173],[29.324750783422076,0.5600556137757167],[29.324750783422076,0.561055113103123],[29.324750783422076,0.5621496141135367],[29.324750783422076,0.5632916137171833],[29.32517915839162,0.5643863638397875],[29.325512157560183,0.5651952392690305],[29.325512157560183,0.5660043638105208],[29.325504646422473,0.5660059439193219],[29.325504646422473,0.566042890766937],[29.324600521097352,0.5662331414465029],[29.3243241396475,0.5671085091505574],[29.32446528284669,0.567955487955544],[29.32470328303026,0.5686217381028769],[29.325036408103927,0.5692403637519305],[29.32517915839162,0.5699066138992634],[29.325607533361165,0.5707156134349702],[29.325512157560183,0.5716198637658749],[29.32589290803145,0.5722861139132078],[29.32627378260912,0.5728096137728471],[29.326416407891088,0.5734282376232045],[29.326511532781183,0.5740944886698571],[29.32708265893774,0.5752366141785501],[29.327796533583296,0.5761883631026308],[29.328558033626507,0.5769974876441211],[29.328700658009097,0.5779016129692423],[29.328558033626507,0.5788057391936832],[29.328555738556645,0.5788111863873269],[29.328550520690158,0.5788442661500994],[29.32817564189253,0.579734278414378],[29.328129657757643,0.5804713636626389],[29.328129657757643,0.5813756139935435],[29.32822490765352,0.5824701141046376],[29.328605533119003,0.5834694884263172],[29.329129032978642,0.584230989368848],[29.329557407948187,0.5847068638308883],[29.32993803341367,0.5851827391922484],[29.33041390787571,0.5855634887641372],[29.330889908242852,0.5854206125713972],[29.33136565769911,0.5859442392354026],[29.33165128328028,0.5865628639851366],[29.332317533427613,0.5866579879759115],[29.333221657853414,0.586895989058803],[29.333840407608875,0.587514613808537],[29.334649283038175,0.5880381136681763],[29.33488728322169,0.5885616144271353],[29.33593428294097,0.5883712387418427],[29.336981283559567,0.5883236133442438],[29.337980657881246,0.5884664886377209],[29.338599157625197,0.5889422389932975],[29.339217908280034,0.5897037381371888],[29.3396939077478,0.5897037381371888],[29.340740783360616,0.58932311267165],[29.341787783079894,0.5897513644341075],[29.342025658257683,0.5903224878926494],[29.342073282755962,0.5915121128938381],[29.342073282755962,0.5923687387264636],[29.342263658441254,0.5934632388375576],[29.342168407646056,0.5942723642783676],[29.342073282755962,0.5949386144257005],[29.342501657725506,0.5958903642490441],[29.342834782799173,0.5967468641766231],[29.34307265797696,0.5975083642197774],[29.343691282726695,0.598555363939056],[29.34432465815661,0.5996397385832211],[29.344309447922853,0.5996650868744382],[29.34431714611958,0.5996782664390139],[29.344590521135785,0.5992223919999446],[29.34674602071243,0.596887516345987],[29.348003146128463,0.5943730164017325],[29.349978896409084,0.5931156409741902],[29.351056645747747,0.5931156409741902],[29.35267302064358,0.5916788921672946],[29.352852770838865,0.588805015938874],[29.35482839611376,0.5870088908478124],[29.35644489601532,0.586649766373796],[29.3589595209653,0.586649766373796],[29.36021677138706,0.5844943918028775],[29.36075564605636,0.5821595161489199],[29.361653646099057,0.5787468911562428],[29.362910895621496,0.5764118913958214],[29.362731271331256,0.5735381419718237],[29.363988520853695,0.5729992664032011],[29.365784645944814,0.5738972673451599],[29.366862396182796,0.5724605158403051],[29.36758089604166,0.5697662666000838],[29.36829914588901,0.5688682656580681],[29.36991564579057,0.5677905163194623],[29.37171177088169,0.565814766038784],[29.37404677064211,0.5643778913267852],[29.374765271400292,0.5636595155743294],[29.376740895775868,0.5631206409050264],[29.37835752068321,0.5631206409050264],[29.380333145958105,0.5631206409050264],[29.381949645859606,0.5641982661372253],[29.38410489632406,0.5647371408065851],[29.385541896041843,0.5624022660518904],[29.386799270570066,0.5609653913398915],[29.38805639598604,0.5602468905817091],[29.389493395703823,0.5588100158697102],[29.391648646168278,0.5568342655890319],[29.393624271443116,0.5568342655890319],[29.396498145872897,0.5552177656874733],[29.39811477078024,0.5548586421127766],[29.399731145676014,0.5568342655890319],[29.402066146335756,0.5586303906801504],[29.406017645997736,0.5584508913956938],[29.40781364608307,0.5582712671054537],[29.409430020978846,0.5568342655890319],[29.410867020696628,0.5568342655890319],[29.411944645928827,0.5579118908212877],[29.41427964568925,0.5564750161092888],[29.416973770823006,0.5579118908212877],[29.420206770626123,0.5580915169101672],[29.422541646280138,0.5584508913956938],[29.425236021425405,0.5582712671054537],[29.42667277113162,0.5575527663472712],[29.42828927103318,0.5589896410592701],[29.42972627075096,0.5598876420012289],[29.432599896068496,0.5588100158697102],[29.433857145590935,0.5598876420012289],[29.435114521018477,0.5618635163883141],[29.436012521061173,0.5634798921834658],[29.437449520778898,0.5650963920849676],[29.439425146053793,0.5654556406654478],[29.440862020765792,0.5654556406654478],[29.443556270905333,0.5654556406654478],[29.445891145660028,0.5654556406654478],[29.45020302075295,0.5685342664434074],[29.455209021379403,0.5689192671106298],[29.470675520558984,0.5701090162182822],[29.484746771046787,0.5715161422563142],[29.49447014568085,0.5724883912264431],[29.508044895755518,0.5731191406359812],[29.50911577067643,0.5736186411875224],[29.510400645573498,0.5751177660721964],[29.51111452111843,0.5756887672229709],[29.511828270758258,0.5766167668504636],[29.512042520745922,0.5777590155663006],[29.51275627128507,0.5780445161416878],[29.513613021224103,0.5789725157691237],[29.514540895845812,0.5797577660082425],[29.515468896372624,0.5804001409538841],[29.516254145712423,0.5803287671590169],[29.517396271221116,0.5809712662111224],[29.51853839583049,0.5816851417560542],[29.51932364606955,0.5825417657900402],[29.52032302129055,0.5818277661386446],[29.520894020642686,0.5823988913958829],[29.521822146175282,0.5835411410109828],[29.522393146426737,0.5832555163291886],[29.52203614615138,0.5818992658386151],[29.522393146426737,0.5808997674104717],[29.523321021048446,0.5801860168713233],[29.523749521023717,0.5791866407510042],[29.52510577061497,0.5781872664293815],[29.52653339579973,0.5779730164417174],[29.527818270696798,0.577830392059127],[29.52853214624173,0.5790438913626303],[29.529031770899678,0.5779730164417174],[29.529817021138797,0.577259265902569],[29.53131614602347,0.5771165156148754],[29.5320298956633,0.5777590155663006],[29.533100645578486,0.5777590155663006],[29.534242896092962,0.5768310159388079],[29.535028021326298,0.5771878912083821],[29.535313521002365,0.5779730164417174],[29.536170270941398,0.5779730164417174],[29.537383771144277,0.5785441407996359],[29.53852589575365,0.5787583907872431],[29.539168270699292,0.5798290156967028],[29.540096271226105,0.5811140155994963],[29.54159539611078,0.5823275158023762],[29.54216639636229,0.5834696413110692],[29.54302302129554,0.5848260159080496],[29.54373689594115,0.5861107657993898],[29.54480777086212,0.5871816407203028],[29.545807021077337,0.5871816407203028],[29.54709202098013,0.5872530163138094],[29.54873377114677,0.5873957657021833],[29.549804521061958,0.587752765977541],[29.550661145995264,0.5882523906354891],[29.55216014587421,0.5884665156173696],[29.553230895789397,0.5887521411985404],[29.55444439599222,0.5891090155687948],[29.55487289596755,0.5902511410774878],[29.55501552124946,0.5914646412803108],[29.555800770589258,0.5917502659621618],[29.556657396421883,0.591892891244072],[29.55751402135519,0.592107141231736],[29.55901302123408,0.5931065155534156],[29.55979827057388,0.5940345160802281],[29.560726146094908,0.595248016283108],[29.561440145746303,0.5963187661982374],[29.56272502064337,0.5972467658257301],[29.564295396115824,0.5984603910343935],[29.56522339574326,0.5991741406742221],[29.56572314630631,0.599888016219154],[29.56600864598238,0.6008873923394731],[29.56693664560987,0.6021722663371634],[29.567793271442497,0.6032430171516694],[29.568364270794632,0.6043851408617229],[29.569292271321444,0.6049561411131776],[29.570077520661187,0.6057413913522964],[29.570577271224238,0.6063125166095347],[29.571076895882186,0.6070977659492769],[29.572576020766917,0.6074546412188511],[29.57350402129373,0.6088108908101049],[29.574289145627745,0.6090963922848118],[29.575502645830625,0.6092392666789692],[29.576145145781993,0.6095961410492237],[29.576287896069687,0.6105241415760361],[29.576859021326925,0.6113807656100221],[29.577572770966754,0.6120945161491704],[29.578786396175417,0.6128085166998289],[29.58035677074855,0.6143787662672366],[29.58099927069992,0.6151641406127624],[29.58178439593331,0.6160207673447076],[29.582641145872344,0.6161635167330815],[29.58292664644773,0.6168772663729101],[29.5842115213448,0.6173770160366416],[29.58549652124765,0.6176626416177555],[29.58678139614466,0.6183050156640775],[29.587352396396113,0.6193757655792638],[29.587994771341812,0.6204465163937698],[29.5884231463113,0.6220882665604108],[29.58863727129318,0.6233732655639415],[29.589351270944576,0.624443891372664],[29.590493271447485,0.6255147662935769],[29.591207146093097,0.6262286418385088],[29.59085014581774,0.6271566405666817],[29.591421271074978,0.6285842657514422],[29.59213514572059,0.6292266406970839],[29.592206521314097,0.6304402659056905],[29.59299177065384,0.631796516396264],[29.59399114587484,0.6319393907904214],[29.594990521095838,0.6323676407541825],[29.595989896316837,0.6325103910418761],[29.597203395620397,0.6325103910418761],[29.598274146434903,0.6324390172470089],[29.59905927076892,0.6333670159751819],[29.6006297712471,0.6335096421564117],[29.601772020862256,0.633795265938943],[29.60255714609559,0.6346518908722487],[29.60377064629847,0.6350801417353296],[29.605769395841094,0.635437016105584],[29.60684014575628,0.6360081413628222],[29.60805364595916,0.6368647662960711],[29.609838396425005,0.6370788912779517],[29.61162289598002,0.6378641406177508],[29.61205114594378,0.6373643909540192],[29.612907770877086,0.6366506413141906],[29.614264146373444,0.6360795160570092],[29.61569189566461,0.6360081413628222],[29.61711952084937,0.6363650157330767],[29.618475771339945,0.6371503918772419],[29.61976064623701,0.6374357674468456],[29.620831396152198,0.6380782655996313],[29.622116271049208,0.6386493908568696],[29.622972895982514,0.6391491423192406],[29.62461477115494,0.639577391383682],[29.624900270831006,0.6400771410473567],[29.62639939571568,0.6402197663293236],[29.627113271260612,0.6410050156691227],[29.62739877093668,0.6416473924134038],[29.628326770564172,0.6418616406023716],[29.628755021427253,0.6424327658596098],[29.629611521354775,0.6426467667350835],[29.631039395651726,0.6422185158719458],[29.632110020561186,0.6422898905661327],[29.633323645769792,0.6425041405537968],[29.634180270703098,0.6432178910929451],[29.634822770654523,0.643931766637877],[29.63532239621179,0.6445741415835187],[29.636607271108858,0.644788390671863],[29.637107020772532,0.6457877658928624],[29.638677396244987,0.645930516180556],[29.63903427061524,0.6466443908261112],[29.639748146160173,0.6471440163834359],[29.64053339639929,0.64864314126811],[29.64124714603912,0.6490000156383644],[29.642175145666613,0.6492142674246679],[29.642889021211545,0.6499280161651768],[29.643174520887612,0.6507845169920188],[29.643174520887612,0.6514985166434144],[29.643888396432487,0.6524978918643569],[29.643745646144794,0.653354391791936],[29.644673645772286,0.6539968908439846],[29.64545877100562,0.6547107672882362],[29.64681514560266,0.6548535157772903],[29.647671771435284,0.6554960166280352],[29.64817152109896,0.6564240162555279],[29.648242895793146,0.6575660158591177],[29.649099395720725,0.658565391080117],[29.649456395996026,0.6593506422184987],[29.649456395996026,0.6606356421213491],[29.649670520977907,0.6614921411495516],[29.65009889594745,0.6621346411009768],[29.650741145887366,0.6621346411009768],[29.651740646114092,0.6619205170184159],[29.65252589635321,0.6622061408008904],[29.652954146316972,0.6628485166459086],[29.653025646016943,0.6640620168487885],[29.653096895705346,0.665061392069731],[29.65373939565677,0.665989390797904],[29.654025021237885,0.6667031413370523],[29.654453271201646,0.6675597662703581],[29.654952895859594,0.668130892426916],[29.656166396062474,0.6689875155615823],[29.656951646301593,0.6690588920544087],[29.657879520923302,0.6699153910826112],[29.658093770910966,0.6707007663274567],[29.658165145605153,0.6717001406491363],[29.658593520574698,0.6724138911882847],[29.659878396371084,0.6728421420513655],[29.660877770692707,0.6729136408520162],[29.661520270644132,0.6736275163969481],[29.66223402118328,0.6746268907185708],[29.66323339640428,0.6757688921208569],[29.663733021062228,0.6769825164301437],[29.66473252128901,0.6777677657699428],[29.66567539570309,0.6782273912812684],[29.66738777142865,0.6772932663712936],[29.66941164623063,0.6774488922527553],[29.67127989605052,0.6786945162390907],[29.672992395882545,0.6804070169704346],[29.675079020880275,0.6828891413209703],[29.67553664629935,0.6833467658407244],[29.67576527105058,0.6839758910746809],[29.676222895570334,0.6844906414301022],[29.67690927074642,0.68517701570687],[29.677481271043973,0.6860921406399143],[29.67799602139945,0.686492516116914],[29.67822477115641,0.6871217672559169],[29.67862514573403,0.687693640749103],[29.679025521210974,0.688265641945975],[29.679940646144075,0.6887803914020765],[29.680455395600177,0.6899243919972378],[29.68097027096138,0.6906107671733253],[29.681313270591147,0.6911255166294268],[29.681370646438324,0.6916973910219326],[29.681542146253207,0.6924408920336873],[29.682228521429295,0.6925553919179492],[29.68291477070028,0.6929557655962526],[29.68291477070028,0.6935848908302091],[29.683830020639107,0.6935276417873979],[29.684401895930932,0.6930701422734273],[29.685088271106963,0.6936992666080073],[29.685889021161586,0.6942712669056164],[29.68686139603676,0.6946143906417888],[29.687662146091327,0.6939852672064717],[29.688462771140166,0.6943283909426441],[29.688863270723516,0.695186390939341],[29.68897764560205,0.6959298910517759],[29.68960677083595,0.6966735170693141],[29.69017877113356,0.6965591421908357],[29.690979521188126,0.6965591421908357],[29.69126552088727,0.6971882656260959],[29.690636395653314,0.6977602668230247],[29.69069352058966,0.6984466410997925],[29.691780271242692,0.6993617660328368],[29.692352145635198,0.6999907671603296],[29.692809896059998,0.6999336422239821],[29.693553271166707,0.6997048915676487],[29.69395364574433,0.6991900162064439],[29.694011020692244,0.698389266151878],[29.694640020920417,0.6983321412155306],[29.694868895683157,0.6990757672330119],[29.694983270561636,0.6995903916833868],[29.69572677067407,0.6997048915676487],[29.696127146151014,0.7001625169867225],[29.696699146448623,0.700391140838633],[29.697156770968377,0.7006771423364171],[29.696813646332885,0.7016496413180562],[29.69738552072539,0.7020500158956793],[29.69784302113868,0.702965015822997],[29.698243395716304,0.7034226412420708],[29.69904414577087,0.7032511423265078],[29.700073770588233,0.7035942669619999],[29.700702770816406,0.7037657658775629],[29.701389145992437,0.7038230167190136],[29.701675270697365,0.7042233912966367],[29.702990646101625,0.7045093909957814],[29.703162395928018,0.7049097673720439],[29.703734271219787,0.7056532665851591],[29.70344827062138,0.7062252659833916],[29.703734271219787,0.7067401413445964],[29.703848646098322,0.7073691406734497],[29.70413464579741,0.7081698907280156],[29.705621771028063,0.7089135167455538],[29.706479646019034,0.7095426410801906],[29.706937271438107,0.7102862661984091],[29.707166021195064,0.7110870171522947],[29.70796677124963,0.7113156410042052],[29.708081146128166,0.7109152673259018],[29.708595895584267,0.7105150168546857],[29.709110770945472,0.7108010165538303],[29.70962552130095,0.7112585160678009],[29.70956827135882,0.7118877663075409],[29.710140145751268,0.7120592661223668],[29.71082664593314,0.7124025157636424],[29.711341271282834,0.7124025157636424],[29.711455771167095,0.7118877663075409],[29.71082664593314,0.7110296422043803],[29.711341271282834,0.7110296422043803],[29.7121420213374,0.7111441411893225],[29.712714145741415,0.711773266423279],[29.713171646154706,0.711773266423279],[29.71345764585385,0.7113728918456559],[29.714086771087807,0.7114873908305981],[29.71420127097207,0.7118877663075409],[29.714830271200242,0.7120592661223668],[29.71603139583243,0.7125740173771646],[29.717061020649737,0.7132031417118014],[29.718719645695273,0.7136607662315555],[29.71957764569197,0.7140611417084983],[29.720492770625015,0.714175515687657],[29.721007520980493,0.714976265742223],[29.721922645913537,0.7153766412191658],[29.72226577144835,0.7157770166961086],[29.72318089638145,0.7165777658513548],[29.723009395667248,0.7174357658480517],[29.723810145721814,0.7177216414407894],[29.724324896077235,0.7172068910853113],[29.72461089577638,0.7170925171061526],[29.72461089577638,0.7178361422243711],[29.72495402131119,0.7183508907811529],[29.72552602070948,0.718007642039197],[29.725640520593743,0.7173783917995138],[29.726326770764047,0.7172068910853113],[29.72678439618312,0.718007642039197],[29.727184770760744,0.7179505162035298],[29.727299145639222,0.717550140726587],[29.72735627057557,0.7168637673491389],[29.727699521116165,0.7168065156083685],[29.728385896292252,0.7168637673491389],[29.728900645748354,0.7174357658480517],[29.72917627086838,0.7183640163864311]],[[29.473512020963142,0.5223323913269837],[29.46877902123498,0.5213417656101456],[29.464816521065757,0.5204612672738449],[29.457331771244412,0.5175993915988215],[29.45039739572337,0.5133066423878176],[29.4463246458659,0.5118757661538211],[29.441261396196637,0.5060420160263561],[29.44093127126132,0.500648641421833],[29.44137152087916,0.4936040162125437],[29.44467364617202,0.48821064070864395],[29.4463246458659,0.4832575157219594],[29.452598645611147,0.4800653910051551],[29.458432395738612,0.47665326603555513],[29.462725145848992,0.47599289115913734],[29.4692193958586,0.47489214075983455],[29.475383270921384,0.47566264121809354],[29.47945589577313,0.47764401585880023],[29.48198752060773,0.4800653910051551],[29.485840021100273,0.48182664128660235],[29.489802521269496,0.4836977662390609],[29.493324770921618,0.48556901619730297],[29.493434770598355,0.4895315163665259],[29.495085771191555,0.4922832655604452],[29.49552614581512,0.49844714062322737],[29.495305895550814,0.5040608913971596],[29.49398514579798,0.5094542660017396],[29.491233395704796,0.5141872657299018],[29.489362270752338,0.5214520161977703],[29.48572989641775,0.5249741408441082],[29.481657395672414,0.5278360156198119],[29.478795395890984,0.5272856422187715],[29.478135021014566,0.524754015585529],[29.473512020963142,0.5223323913269837]]]},"properties":{"nom":"Kalunguta","province":"Nord-Kivu","zscode":"CD6107ZS01"}},{"type":"Feature","geometry":{"type":"Polygon","coordinates":[[[28.87164028836878,-2.437135768700614],[28.86653316887083,-2.436759903346683],[28.859647009601986,-2.4359545289781863],[28.858205721017384,-2.4359545289781863],[28.856764430634144,-2.435310228584001],[28.854682569345243,-2.435149153710313],[28.85276085033314,-2.434504854215504],[28.8503587017928,-2.4343437793417593],[28.84907755638426,-2.4343437793417593],[28.847636266900338,-2.4338605538213187],[28.845073975183993,-2.4336994789476307],[28.843632685700072,-2.4335384040739427],[28.842992112995773,-2.433377328300878],[28.841390680335792,-2.4328941027804376],[28.83994939085187,-2.432410877259997],[28.837462471316144,-2.43153003628197],[28.83746146227685,-2.4315293411060566],[28.836977004685195,-2.431446074676444],[28.83663095815234,-2.431274893221598],[28.836617762399953,-2.4312682939964247],[28.83652474821872,-2.4312820743081147],[28.836297988661386,-2.431314467888228],[28.836118698019675,-2.431324005198519],[28.835884596397193,-2.431327780552465],[28.835880128565236,-2.431327780552465],[28.8357730525845,-2.4313991651392257],[28.835665976603707,-2.431637111363443],[28.812306445286367,-2.4296928391530628],[28.81127161339441,-2.4296067065840816],[28.791068835558463,-2.4110791498827098],[28.778590650438332,-2.3847815343401635],[28.776213852887167,-2.368046421804763],[28.773837056235323,-2.345334155946375],[28.777402252112438,-2.322621516869333],[28.787503639681404,-2.3220238112497213],[28.80532961996613,-2.3076787900439513],[28.81421346038303,-2.294008028347662],[28.827909193554603,-2.281379203187498],[28.841108848994338,-2.2732081393439785],[28.843358376288222,-2.2718155958129387],[28.855242363144725,-2.2610564611865698],[28.86237275399958,-2.252688188608829],[28.869998826884512,-2.2462952957911284],[28.870036413150103,-2.2466085188679017],[28.870250564212313,-2.246715593949318],[28.8704647161739,-2.24713199984177],[28.870631277811412,-2.2475008172087882],[28.870750250923493,-2.247786351958439],[28.87100009517843,-2.2479886058893044],[28.871202349109296,-2.2481194770321054],[28.871226144271304,-2.2485834705505567],[28.871202349109296,-2.2491069533230643],[28.871107171159167,-2.2491783370105054],[28.87095250485436,-2.2497137160150373],[28.870750250923493,-2.2499754556026232],[28.870476614204563,-2.25036806723233],[28.870643175842076,-2.2508915491055177],[28.870571792154635,-2.251522105160859],[28.870226769949625,-2.252021791872039],[28.870191077656273,-2.252604761200587],[28.870072105443455,-2.253187728730552],[28.870250564212313,-2.253735004866428],[28.870191077656273,-2.254198999284256],[28.87023866708097,-2.2546510956713632],[28.870452819042555,-2.2550080159070376],[28.870547996992627,-2.2555195997495616],[28.870726456660805,-2.2557099574484027],[28.871011993209095,-2.2559479027733573],[28.87127373279668,-2.2560668758854376],[28.87161875410237,-2.256221541290927],[28.871856701225965,-2.256376205797096],[28.872094646550863,-2.2564951789092333],[28.87236828506849,-2.2565308712025853],[28.87261812842405,-2.2565546663645932],[28.872630024656075,-2.2567212280021067],[28.87283227858694,-2.256923481932972],[28.873010740053758,-2.2571138387324936],[28.87317730169127,-2.257411272412128],[28.873129712266575,-2.2576730119997706],[28.87317730169127,-2.2581132130541732],[28.87317730169127,-2.258351158379071],[28.87305832857919,-2.2588270508275627],[28.87305832857919,-2.259100689345189],[28.872594334161363,-2.2594219163881917],[28.872249311956352,-2.259600376056369],[28.871999467701414,-2.259862115643955],[28.87202326286348,-2.2603499061231105],[28.872011365732135,-2.260635440872761],[28.872201721632337,-2.2610161553711237],[28.87236828506849,-2.2612541006960214],[28.872546743837347,-2.26162291806304],[28.872665716949427,-2.262134501006244],[28.872748997768213,-2.2623843452611823],[28.872820382354917,-2.2626103943540556],[28.87292745923503,-2.2630386973777945],[28.8725824361307,-2.263288539834093],[28.872249311956352,-2.263585971715088],[28.871809111801213,-2.263883406293985],[28.87179721377055,-2.264216529569012],[28.871809111801213,-2.264775702836232],[28.872011365732135,-2.2649779567671544],[28.87214223597556,-2.26518021069802],[28.87229690138105,-2.265430054952901],[28.872451565887218,-2.2657274877332156],[28.87267761498009,-2.265905947401393],[28.872998842023094,-2.2662866610004357],[28.873034534316446,-2.2665484005880785],[28.873320069066096,-2.2665721957500864],[28.873629398977755,-2.2666197851747825],[28.87383165290862,-2.2665959900127746],[28.874319443387776,-2.266964807379793],[28.8743313396198,-2.2673574190094996],[28.87435513478181,-2.2679284894081206],[28.874378929044497,-2.2682973058758193],[28.87448600502529,-2.2687375060309023],[28.874747746411515,-2.269082527336593],[28.874973794605125,-2.2692371918427625],[28.875164151404647,-2.2693799601169076],[28.875306918779415,-2.269594112078437],[28.875568660165698,-2.269832058302711],[28.875961270896084,-2.2699034410907757],[28.876056449745533,-2.2701651815776813],[28.87613973056426,-2.2703317441145145],[28.876211114251703,-2.270724355744278],[28.87623490941371,-2.2709623010691757],[28.876330087363783,-2.27125973384949],[28.87647285473861,-2.2715333732663794],[28.87663941817476,-2.271723729166581],[28.87679408178161,-2.271807009985366],[28.876924952924412,-2.27181890801603],[28.87713910398662,-2.27181890801603],[28.87737705021084,-2.27181890801603],[28.877567407010417,-2.271699934004573],[28.87787673692202,-2.2715690637611488],[28.87800760806482,-2.2714857829423636],[28.878269347652463,-2.271295426142842],[28.878519191907344,-2.271128863606009],[28.878709547807546,-2.2709504039378317],[28.878983186325172,-2.2708433288563583],[28.879173544024013,-2.2708314308256945],[28.879244926812078,-2.2709266096751435],[28.87935200279287,-2.271105069343321],[28.879447180742943,-2.271164555899361],[28.879673229835873,-2.27125973384949],[28.880053944334236,-2.271128863606009],[28.88022050597175,-2.271128863606009],[28.88047035022663,-2.2710098913931915],[28.880613116702136,-2.2709504039378317],[28.88072019268293,-2.270795740330982],[28.880886755219763,-2.2704388209946273],[28.880815370633,-2.270188976739746],[28.880506041620663,-2.2698796468280875],[28.880137225152964,-2.2696298025731494],[28.879958764585467,-2.2692609870047704],[28.87972082015989,-2.2689992474171845],[28.87964943467381,-2.2682735107138114],[28.87947097590495,-2.268083153914233],[28.879482873036352,-2.2672860353221154],[28.879292516236774,-2.2665484005880785],[28.879304414267494,-2.2660725090389064],[28.87950666819836,-2.2657631800265676],[28.87987548376674,-2.2649541616050897],[28.880161019415652,-2.264763805704888],[28.880327581952486,-2.2644782700559745],[28.88064880899549,-2.2637763303132488],[28.88068450128884,-2.2635145889269666],[28.880981934069155,-2.263264745571405],[28.881041419725932,-2.263074387872564],[28.881160392838012,-2.2628959291037063],[28.881445927587663,-2.262669880010776],[28.881600593892472,-2.262527111736631],[28.88170766897389,-2.262205885593005],[28.881719567004552,-2.2619084528126905],[28.881886128642066,-2.261670506588473],[28.882040793148235,-2.261551532577016],[28.882302535433837,-2.261670506588473],[28.882445301909343,-2.261718096013169],[28.882707042396248,-2.261718096013169],[28.88276652895229,-2.2615277392136477],[28.88305206460126,-2.26134928044479],[28.883171037713396,-2.261075641027844],[28.883361393613598,-2.2608852842283227],[28.883599340737135,-2.260647338903425],[28.88395625917417,-2.2603261118604223],[28.88387297835544,-2.2598145271185786],[28.88393246491148,-2.258922228777692],[28.884099028347634,-2.258541516077969],[28.8843012822785,-2.258327364116383],[28.884444048754006,-2.2581608015795496],[28.88471768817095,-2.257922855355332],[28.8848723517778,-2.2575897311809854],[28.88521737398281,-2.2572685041379827],[28.885467218237693,-2.2569710713576683],[28.88574085495668,-2.256768817426803],[28.885776547250032,-2.2565784597279617],[28.886264336829868,-2.255959800804021],[28.886585564772133,-2.2555790863056018],[28.886585564772133,-2.255222166969247],[28.88666884559092,-2.254758172551476],[28.886847305259096,-2.254294178133648],[28.886978174603257,-2.2533899817620977],[28.887370786232964,-2.253140139305799],[28.88778719122604,-2.2530449613557266],[28.888251187442506,-2.2529973719310306],[28.888691386698326,-2.253056857587751],[28.889143484884073,-2.2531520373365197],[28.88922676570286,-2.2533780846307536],[28.889559889877205,-2.2533542903680654],[28.889833529294094,-2.2533304961053773],[28.8899762957696,-2.2533661883987293],[28.890095268881737,-2.2535327500362428],[28.89019044683181,-2.2535327500362428],[28.89053546903682,-2.253580338561619],[28.890702030674333,-2.2535565451982507],[28.890809106655126,-2.2534613663488017],[28.890916184434502,-2.2533542903680654],[28.891070848041352,-2.2532829066806244],[28.891154128860137,-2.2532710086499605],[28.891867966633527,-2.253259112417936],[28.89228437342524,-2.253247215286592],[28.8925937033369,-2.253080652749759],[28.892831649561117,-2.2529378853749336],[28.893010109229294,-2.2528189122628532],[28.89328374594828,-2.25271183628206],[28.893581179627915,-2.252557170876571],[28.89380722782147,-2.252200252439536],[28.89406896920775,-2.25192661392191],[28.89424742887593,-2.2516886676976924],[28.894318811663993,-2.2517481542537325],[28.89490178009322,-2.2514388252414506],[28.89534198114768,-2.251450720574155],[28.895913052445565,-2.251510208928835],[28.896377045964073,-2.251391234917378],[28.89705519234343,-2.2516291811416522],[28.89711467800015,-2.2518195379411736],[28.897293138567647,-2.2521883544088723],[28.89730503569899,-2.2524738900578427],[28.897197959718255,-2.2528189122628532],[28.89717416635483,-2.253068754719095],[28.897126576930134,-2.2533542903680654],[28.897078986606118,-2.2537469010984523],[28.89711467800015,-2.254294178133648],[28.897162268324166,-2.254960425583022],[28.8969600143933,-2.255293551556008],[28.896948116362637,-2.255733750811771],[28.896888629806597,-2.255959800804021],[28.896852938412565,-2.2563643077664324],[28.89674586333109,-2.256733125133451],[28.896198586295895,-2.2571971195512788],[28.895948742940277,-2.257256606107319],[28.895353878279025,-2.257994239942036],[28.895044548367366,-2.2582083910043025],[28.894759012718453,-2.258422542965832],[28.894616244444308,-2.2586604882907295],[28.894449681907474,-2.258803255665555],[28.89436640108869,-2.2590293047584282],[28.894413991412762,-2.2594100192568476],[28.893973790358302,-2.2597312462997934],[28.893664461345963,-2.2600643695748204],[28.893557385365227,-2.2602666253043253],[28.893402719959738,-2.260587852347328],[28.89322426029156,-2.2607544139848414],[28.89303390259272,-2.2608852842283227],[28.89278406013642,-2.2612422035646773],[28.89256990817489,-2.26156343060768],[28.892343859981338,-2.2618132739632415],[28.8922248868692,-2.2620155287934836],[28.89201073490767,-2.2622891664117333],[28.891867966633527,-2.262634187717424],[28.891701404996013,-2.2630862859032277],[28.891487253034484,-2.2634907937649587],[28.891261204840873,-2.2636573572011116],[28.891201718284833,-2.2639071996573534],[28.890797210423102,-2.264264118993708],[28.890678237310965,-2.2645853460367107],[28.890487879612124,-2.264775702836232],[28.890273727650595,-2.265204005860028],[28.890059576588328,-2.265346774134173],[28.889904912082216,-2.2656561040458314],[28.889524197583796,-2.265751281995904],[28.8892862522589,-2.265810768551944],[28.888810359810407,-2.265858357976697],[28.888346365392636,-2.265846459946033],[28.88804893261232,-2.265977331088777],[28.88772770467,-2.2660725090389064],[28.887584938194493,-2.2661438927262907],[28.88733509483893,-2.2663223532937877],[28.886978174603257,-2.2665008120626453],[28.886787817803736,-2.2666316832054463],[28.886787817803736,-2.2668815265610647],[28.886823510097088,-2.266988601642481],[28.88707335255333,-2.266964807379793],[28.88714473714009,-2.2668220400049677],[28.8872994034449,-2.2668220400049677],[28.887596835325837,-2.2668220400049677],[28.887775294094695,-2.2667030668928874],[28.887882370974808,-2.2666435803367904],[28.888084624905673,-2.2666435803367904],[28.888274980805875,-2.266667373700159],[28.88841774997934,-2.2667625534489275],[28.88857241358619,-2.266845834267656],[28.888738976123022,-2.266845834267656],[28.88885794923516,-2.266893422793089],[28.889000716609928,-2.266988601642481],[28.88922676570286,-2.2670837795926104],[28.8894171234017,-2.2670837795926104],[28.889595582170557,-2.2670837795926104],[28.889714556182014,-2.2670361910671772],[28.889904912082216,-2.266952910248449],[28.8899762957696,-2.2668696294297206],[28.89022613912516,-2.266774449680952],[28.89034511313662,-2.2667625534489275],[28.890618749855605,-2.2666792717308226],[28.890642545017613,-2.2665484005880785],[28.89069013444231,-2.266465120668613],[28.89084479894848,-2.266358043788557],[28.89095187492927,-2.266262865838428],[28.89101136238463,-2.2661914821510436],[28.89105468362692,-2.266187872272326],[28.89122551344684,-2.2660487147762183],[28.891427767377706,-2.265941638795425],[28.891701404996013,-2.2657750771579117],[28.891915556957542,-2.2656442060151107],[28.892141605151096,-2.2654776443775972],[28.89224868203121,-2.265322978972165],[28.892427140800066,-2.2650850327478906],[28.892558011043548,-2.264918471110377],[28.89274836784307,-2.264751907674224],[28.892855443823862,-2.2645853460367107],[28.893081492916735,-2.264299811287117],[28.893176670866808,-2.264204632437668],[28.893664461345963,-2.264204632437668],[28.893735844134085,-2.264204632437668],[28.893985686590327,-2.264383092105845],[28.894009481752335,-2.264418784399197],[28.894378299119353,-2.2646091411987186],[28.894461579938138,-2.264847087422993],[28.894640039606315,-2.2650731356165466],[28.894830397305157,-2.265251595284724],[28.894949368618654,-2.2654062597908933],[28.8950802397614,-2.2655847203583903],[28.89521111000488,-2.2656798983085196],[28.895484747623186,-2.2657036925712077],[28.895591823603922,-2.2656917963391834],[28.89584166695954,-2.2656798983085196],[28.89596064097094,-2.265620410853103],[28.896043921789726,-2.2654538492155893],[28.896043921789726,-2.265204005860028],[28.89599633326435,-2.264799497998297],[28.895972538102342,-2.264442578661942],[28.895817871797533,-2.264228426700356],[28.89571079671606,-2.263800123676617],[28.89580597466619,-2.263300437864757],[28.89584166695954,-2.262741263698217],[28.89605581892107,-2.2625509068986958],[28.89630566227663,-2.262420035755895],[28.89655550563225,-2.262301064442397],[28.89680534898781,-2.262182091330317],[28.897019500050078,-2.262051220187516],[28.897328830861,-2.2618846576506826],[28.89740021364912,-2.2617775825692092],[28.897733337823468,-2.261634815194384],[28.897971284947005,-2.2615277392136477],[28.898268716828,-2.2613373824141263],[28.898554253376233,-2.261182717008637],[28.898911171813268,-2.2610637438965],[28.89908963238082,-2.2608852842283227],[28.899244296886934,-2.2607782091468493],[28.89938706426176,-2.260587852347328],[28.899410859423767,-2.2605997503779918],[28.899494140242552,-2.2601119589995733],[28.899791573022867,-2.259743144330457],[28.90001762121642,-2.2595408886009523],[28.900219875147286,-2.259433812620216],[28.900434027108815,-2.259362428932775],[28.900898022425963,-2.259362428932775],[28.901028891770125,-2.2592315586892937],[28.901219248569646,-2.2591244827085575],[28.901302530287694,-2.258934126808356],[28.90148098995587,-2.2585772065726815],[28.901552373643312,-2.2581132130541732],[28.901718936180146,-2.2579466496180203],[28.901766524705522,-2.257458860937504],[28.901778421836866,-2.256959174226324],[28.90163565536136,-2.2559716970360455],[28.90163565536136,-2.255757545973779],[28.901754627574178,-2.2555077026182175],[28.901754627574178,-2.2549961178763738],[28.901826012160882,-2.2545678157519546],[28.90192119011101,-2.2543179723963362],[28.90200447092974,-2.254187102152855],[28.902218622891326,-2.254044333878767],[28.90250415764092,-2.254044333878767],[28.902742103865194,-2.254044333878767],[28.902908667301347,-2.2541038213341267],[28.90313471459558,-2.254139512728159],[28.903372661719118,-2.254115717566151],[28.903420251143814,-2.2539848482219895],[28.903622505074736,-2.2535565451982507],[28.903896141793666,-2.2532710086499605],[28.903896141793666,-2.252735631444068],[28.90384855326829,-2.252045587034047],[28.903943731218362,-2.251379337786034],[28.903955629249083,-2.249951661339935],[28.904086500391827,-2.2497256122470617],[28.90427685629203,-2.2494519737294354],[28.90447911022295,-2.2490593629990485],[28.90459808423435,-2.2486786502993255],[28.904788441033872,-2.2483098338316267],[28.905085872914867,-2.2474056383593393],[28.905026386358827,-2.2470249238609767],[28.905026386358827,-2.2466561082925978],[28.90500259209614,-2.2462515986322273],[28.904931208408698,-2.2459303715892247],[28.904931208408698,-2.2454425829087086],[28.904931208408698,-2.245109457835042],[28.90500259209614,-2.244764437428671],[28.905216744057668,-2.244526490305134],[28.905549868232015,-2.2442885440808595],[28.905728327000872,-2.244098188180658],[28.90600196641776,-2.2440149073619295],[28.906323192561445,-2.243634192863567],[28.906323192561445,-2.2433010677899006],[28.90646596083559,-2.2427062031285914],[28.906692009029143,-2.242492051167062],[28.906989441809458,-2.242587230016511],[28.90725118319574,-2.242848969604097],[28.90733446401447,-2.243039328202258],[28.907774664169608,-2.243491424589422],[28.907953123837785,-2.2437888573697364],[28.908048301787858,-2.243919727613161],[28.908107788343898,-2.244038700725298],[28.908464707680253,-2.2444075171929967],[28.908857318410696,-2.2445383883357977],[28.909047676109537,-2.2446930519426473],[28.909249930040403,-2.2450380750469776],[28.909392697415228,-2.245276021271195],[28.909547361921398,-2.245276021271195],[28.90973771872092,-2.245121355865706],[28.909856691833,-2.2452998146345635],[28.910070843794585,-2.244990484722905],[28.910130330350626,-2.244526490305134],[28.90986858986372,-2.244110085312002],[28.909475978233957,-2.2438959342497924],[28.90917854635302,-2.243907829582497],[28.908976292422096,-2.2434676312260535],[28.908631270217086,-2.2432058898397713],[28.908512297105005,-2.242884661897449],[28.90842901628622,-2.242492051167062],[28.908417119154876,-2.2422541049428446],[28.908262452850067,-2.241992365355202],[28.908286248012075,-2.2417544182316647],[28.908191069162683,-2.2416830354435433],[28.90789363728169,-2.2416592402815354],[28.90758430737003,-2.2416354460188472],[28.90725118319574,-2.2416354460188472],[28.907048928365498,-2.2415997528261755],[28.90687046869732,-2.24145698635067],[28.90662062624108,-2.241409396925974],[28.906537345422294,-2.2413499103699337],[28.906382679117485,-2.2411595526710357],[28.906430267642918,-2.2409335035781623],[28.906668214766455,-2.2406955582532646],[28.906977543778794,-2.240362434078918],[28.907191695740323,-2.2399817195805554],[28.907405847701853,-2.239672389668897],[28.90750102565198,-2.239303573201198],[28.907667588188815,-2.2390656278762435],[28.907953123837785,-2.2389228596021553],[28.908167274899995,-2.238696811408545],[28.908286248012075,-2.2385659411650636],[28.90836952973018,-2.2384469671536635],[28.908643167348487,-2.2383398911728705],[28.90873834619788,-2.2383398911728705],[28.909154751190954,-2.2385540431343998],[28.909249930040403,-2.238696811408545],[28.90973771872092,-2.2385897354278086],[28.909547361921398,-2.238137637242005],[28.90927372430309,-2.2378283073303464],[28.90905957324088,-2.237566566843441],[28.908559885630382,-2.23728103209379],[28.908476604811653,-2.2370787781629247],[28.908440913417564,-2.2367932416146346],[28.908750243329223,-2.236614782845777],[28.90892870209808,-2.2363411452275272],[28.90898818865412,-2.2358652527790355],[28.90898818865412,-2.235555922867377],[28.909095264634914,-2.2354488468866407],[28.90955925995206,-2.235508333442681],[28.910023254369833,-2.2354726420486486],[28.91021361206873,-2.2353298737745035],[28.910760887305287,-2.235591614261409],[28.910820373861327,-2.2354964363113368],[28.911320060572507,-2.2357700739295865],[28.911474725977996,-2.235960430729108],[28.911653184746854,-2.2359723287598285],[28.911974411789856,-2.2357938690916512],[28.912343229156875,-2.235686793110858],[28.912593071613117,-2.235615409423417],[28.913223628567778,-2.2357462796668983],[28.913711419046933,-2.235960430729108],[28.914270592314153,-2.236234069246734],[28.914698896237212,-2.23616268466003],[28.915234274342424,-2.2359961230225167],[28.915650680234876,-2.2358652527790355],[28.916328825714913,-2.236115096134597],[28.91659056710114,-2.236115096134597],[28.916959382669518,-2.2364363231775997],[28.917102150943663,-2.2366504742398092],[28.917340097167937,-2.2366504742398092],[28.917423377986665,-2.237114469556957],[28.9172211240558,-2.2373405186498303],[28.91712594610567,-2.237566566843441],[28.91709025381232,-2.2378283073303464],[28.91709025381232,-2.2381019458479727],[28.91709025381232,-2.2384588651843274],[28.917102150943663,-2.238696811408545],[28.917102150943663,-2.238827681652026],[28.91728061061184,-2.239315471231862],[28.917459070280017,-2.2395534165567597],[28.917542351098803,-2.2397675694176087],[28.917768400191676,-2.2400174109745876],[28.91806583207267,-2.2404457139983265],[28.918410855177,-2.2409335035781623],[28.91849413599573,-2.241266628651829],[28.91864879960258,-2.2416473422508716],[28.91858931394586,-2.2418852893744656],[28.91858931394586,-2.242051851011979],[28.91858931394586,-2.2422422078115005],[28.91858931394586,-2.242373078054925],[28.91843464943969,-2.2423968732169897],[28.91827998493352,-2.2425396396924384],[28.918244291740848,-2.2427062031285914],[28.91814911379072,-2.242741895422],[28.91818480518475,-2.242884661897449],[28.91833947059024,-2.2431583004150752],[28.918351367721584,-2.2432415812338036],[28.91843464943969,-2.243396245739973],[28.918541725420482,-2.2434795283573976],[28.91870828705794,-2.243491424589422],[28.918827260170076,-2.243420040901981],[28.919017616969597,-2.2433605543459407],[28.919100897788383,-2.2432653763958683],[28.919219870900463,-2.2431583004150752],[28.91939833056864,-2.243134506152387],[28.919517303680777,-2.243110710990379],[28.919767147036396,-2.243086916727691],[28.919957503835917,-2.2427181002599355],[28.920005093260613,-2.242503948298406],[28.920040784654645,-2.242218414448132],[28.91999319612927,-2.241944775930506],[28.919719557611643,-2.2416711374128795],[28.919612483429546,-2.241492677744702],[28.91952920171144,-2.241385601763966],[28.91955299597413,-2.2409691958715143],[28.91962437966157,-2.240326741785566],[28.91962437966157,-2.2399936167118994],[28.9193388440126,-2.2399103358931143],[28.91920797376912,-2.2396485954062086],[28.918958131312877,-2.2394820328693754],[28.918851054432764,-2.2394701357380313],[28.918732082220004,-2.2393273692625257],[28.91877967074538,-2.2389704490268514],[28.918696389926595,-2.2383398911728705],[28.91893433615087,-2.2383398911728705],[28.919303151719248,-2.238435070921639],[28.91941022770004,-2.238625426821841],[28.919874223017132,-2.23883957878337],[28.91999319612927,-2.2389228596021553],[28.920159758666102,-2.2391251144323405],[28.920231142353487,-2.2393273692625257],[28.920433396284352,-2.2395058280313833],[28.920671341609307,-2.239743774255601],[28.92076652135802,-2.23989843876177],[28.920826007914116,-2.2399817195805554],[28.920944981026196,-2.2401482830167083],[28.921135336926397,-2.2402434609667807],[28.921468462000064,-2.240374331210262],[28.92180158617441,-2.2405170985850873],[28.922063326661373,-2.2405646880097834],[28.922360760341007,-2.2405527899791196],[28.922753371071394,-2.2404219197356383],[28.92316977606447,-2.240433817766302],[28.923276852944582,-2.240314843754902],[28.923479105976128,-2.240207767774109],[28.92364566761364,-2.240124486955324],[28.92395499932394,-2.2401125898239798],[28.924085868668044,-2.240207767774109],[28.924240534073533,-2.240326741785566],[28.92464504193532,-2.2404219197356383],[28.92488298815954,-2.2404219197356383],[28.925120935283076,-2.2404219197356383],[28.92541836716407,-2.2402434609667807],[28.925846670187866,-2.2400768984299475],[28.926167897230812,-2.240231562936117],[28.926215485756245,-2.2405289957164314],[28.926691379104,-2.2409691958715143],[28.92691742729761,-2.241028683326931],[28.927214860077868,-2.2411357593076673],[28.92747659966551,-2.2412428343891406],[28.92778593137581,-2.2411833478331005],[28.928047670963394,-2.2411119641456594],[28.928202336368884,-2.240945401608826],[28.92838079603706,-2.2407907371026567],[28.92859494709927,-2.2406122774344794],[28.928761508736784,-2.240433817766302],[28.929201709791244,-2.2400412070359152],[28.92922550405393,-2.2393392645952304],[28.929273094377947,-2.2386492219838487],[28.929356375196733,-2.238185226666701],[28.929392065691445,-2.237852103391674],[28.929772781089127,-2.237685539955521],[28.930201084112923,-2.2376379514301448],[28.930855436229535,-2.2377807179056504],[28.93149789031554,-2.2378402053610102],[28.93190239817727,-2.2380067669985237],[28.932176035795578,-2.238149535272669],[28.932354496363075,-2.238232816091454],[28.932592441687973,-2.2383874805975665],[28.932889873568968,-2.2383993777289106],[28.933484740028916,-2.2384588651843274],[28.93421047493365,-2.2385302488717116],[28.934757751069526,-2.23849455567904],[28.93486482705032,-2.2383993777289106],[28.935162259830577,-2.2384231728909754],[28.93545969171157,-2.238232816091454],[28.935650049410413,-2.2381257410099806],[28.935864201371942,-2.2380067669985237],[28.936161633252937,-2.2379591775738277],[28.9367327036515,-2.2380067669985237],[28.936923059551702,-2.2378639996236984],[28.937184801837304,-2.237685539955521],[28.93744654232421,-2.237471387993992],[28.937613104861043,-2.2372691340631263],[28.937958126166734,-2.237031187838909],[28.93810089444088,-2.236864627100715],[28.938338839765834,-2.23666237227053],[28.9385410936967,-2.236543398259073],[28.938719553364876,-2.236590988583089],[28.938802835082925,-2.2368289339079865],[28.93881473311359,-2.2370787781629247],[28.93886232163902,-2.2373405186498303],[28.938993191882446,-2.2376379514301448],[28.93907647270123,-2.238304199778838],[28.939124062125927,-2.238708707640569],[28.93907647270123,-2.2390180375522277],[28.93886232163902,-2.239255983776445],[28.938529196565355,-2.2394582386066872],[28.938207970421672,-2.239755671386945],[28.937898639610694,-2.2400055147425633],[28.937625001992387,-2.240291050391477],[28.937065828725167,-2.2407550448093048],[28.936744600782845,-2.240743146778641],[28.935792816785238,-2.241302320945181],[28.935531076298275,-2.2414807797140384],[28.935257437780706,-2.2416711374128795],[28.935016382600168,-2.2416754415681908],[28.934817237625566,-2.241849597081057],[28.934543600007316,-2.241849597081057],[28.934388933702508,-2.242028056749234],[28.934234270095658,-2.2421351318307075],[28.93413909124621,-2.2421827212554035],[28.933746479616502,-2.2422660029735084],[28.93357991797899,-2.242492051167062],[28.933449047735508,-2.2425753319858472],[28.93327058896665,-2.2427537916540246],[28.933139716924586,-2.242967942716234],[28.932973155287073,-2.2432296841024595],[28.93284228504359,-2.24351521975143],[28.932604339718694,-2.2437531659756473],[28.9323663925951,-2.2440149073619295],[28.932187933826242,-2.244193366130787],[28.93196188473337,-2.244443208587029],[28.931723937609775,-2.244764437428671],[28.93149789031554,-2.244895305873513],[28.93146219802219,-2.2451927386538273],[28.9314384037595,-2.2454663771713967],[28.931378917203403,-2.2458351936390955],[28.931378917203403,-2.246668005423942],[28.9314384037595,-2.247215280660498],[28.93165255482171,-2.2474651249154363],[28.931640656791046,-2.2478458376151593],[28.93155737597226,-2.2480124010513123],[28.931450300890845,-2.248226552113522],[28.93130753171738,-2.2482741424375376],[28.931045792129794,-2.248345525225659],[28.93072456508679,-2.248345525225659],[28.93046282370051,-2.248345525225659],[28.93030815919434,-2.2483812166196913],[28.929891753301945,-2.248500190631148],[28.9296895002704,-2.2485239848938363],[28.929511039702902,-2.2487976216127663],[28.929487246339534,-2.248999877342328],[28.929487246339534,-2.2492021312731936],[28.929487246339534,-2.249344898648019],[28.929606218552294,-2.2494876660227874],[28.929772781089127,-2.2494876660227874],[28.930010726414082,-2.249463871760099],[28.930201084112923,-2.249416283234723],[28.930510413125205,-2.249404385204059],[28.930914921886313,-2.249380590941371],[28.93121235376725,-2.2493330006172982],[28.931426505728837,-2.24930920725393],[28.93186670588392,-2.249428180366067],[28.93202137218873,-2.249463871760099],[28.932295008907715,-2.2495590497102285],[28.93243777718186,-2.249654227660301],[28.932735209962118,-2.2498088939651097],[28.93299695044908,-2.2499754556026232],[28.93315161495525,-2.2500825315834163],[28.933258690935986,-2.2501777104328085],[28.93346094486685,-2.250403758626419],[28.933675095929118,-2.2506417048506364],[28.933889247890647,-2.2508201654181335],[28.934127194114865,-2.251129495329792],[28.934507907713908,-2.251605386878964],[28.934626880826045,-2.2521169698221115],[28.935031388687776,-2.252438197764434],[28.935221746386674,-2.2527475276760924],[28.935376410892786,-2.253033063325063],[28.935495384004923,-2.2534613663488017],[28.935804713916582,-2.253794491422468],[28.935781797392224,-2.2540817348839823],[28.935853181079608,-2.254307783077593],[28.935853181079608,-2.2545576264331544],[28.935853181079608,-2.2547717783946837],[28.935876976241616,-2.254985930356213],[28.935876976241616,-2.2552476699438557],[28.9359602570604,-2.255449923874721],[28.936007845585777,-2.2556283844422182],[28.93601974271712,-2.2558306383730837],[28.93607923017248,-2.25604479033467],[28.936126818697915,-2.2562589413968794],[28.93607923017248,-2.256615860733234],[28.93610302443517,-2.256960882038925],[28.93619820328462,-2.2573534927693117],[28.9359602570604,-2.257496261043457],[28.9356390300174,-2.2579007689051878],[28.935365392399092,-2.2582457911101983],[28.93511554814421,-2.2585313267591687],[28.934794321101208,-2.258709786427346],[28.934627758564375,-2.2588882451962036],[28.934651552827063,-2.2593046510885983],[28.934508786351557,-2.2594117270693914],[28.93427083922802,-2.259637776162265],[28.934092379559843,-2.259649673293609],[28.933759256284816,-2.2594355222313993],[28.93352130916128,-2.2592927539572543],[28.933152492693523,-2.258971526014932],[28.932914547368625,-2.25866219610333],[28.9326528059824,-2.2583647642223355],[28.93242675688947,-2.258150612260806],[28.932260195251956,-2.2579602563606045],[28.932034146159083,-2.2578055909551153],[28.931891377884938,-2.257579541862185],[28.931819994197554,-2.257365389900656],[28.931546356579247,-2.2568181146640995],[28.93140358920442,-2.256592065571226],[28.931141847818196,-2.256389810740984],[28.93109425929282,-2.2561756596787745],[28.93093959388733,-2.2560685836980383],[28.93080872364385,-2.2560685836980383],[28.93046370233816,-2.2562232491035275],[28.930332832094678,-2.2562827356595676],[28.93022575611394,-2.2567110386833065],[28.93043990717615,-2.256925189745573],[28.93071354569372,-2.2571274436764384],[28.930737339956465,-2.2574724667807686],[28.930737339956465,-2.257912666036532],[28.930546983156887,-2.258269586272206],[28.930297139801326,-2.2582933796355746],[28.929952117596315,-2.2585313267591687],[28.929773657928138,-2.258650299871306],[28.929642787684656,-2.2588287586401634],[28.92974986366545,-2.259090500026389],[28.930142475295156,-2.2594236242007355],[28.93043990717615,-2.259792440668434],[28.930761135118473,-2.260149360004789],[28.930892005361898,-2.260244537954918],[28.93102287470606,-2.260720430403353],[28.930975286180683,-2.261196321952525],[28.930903901593922,-2.2615651393195435],[28.930677854299688,-2.2619220577565784],[28.930475598570183,-2.262350360780374],[28.930261448407293,-2.2626358964292876],[28.930011604152355,-2.2629809177349784],[28.929773657928138,-2.263444913052126],[28.929511918340552,-2.263849421813177],[28.929333457772998,-2.2643372113930127],[28.929178793266885,-2.2646227461426633],[28.92894084704261,-2.264932076054322],[28.928655311393698,-2.2654079694021334],[28.928369776644047,-2.2657054012830713],[28.92778680911414,-2.2662169851255953],[28.92750127256585,-2.26657390356263],[28.927049176178684,-2.2669903103544016],[28.926751743398427,-2.2675613807529658],[28.92644241258745,-2.267977785746041],[28.92622826062592,-2.268275219425675],[28.92607359611975,-2.2686083436000217],[28.925930828744924,-2.2691080303112017],[28.92572857481406,-2.269441155384868],[28.92600221333163,-2.2700122257834323],[28.92603790472566,-2.270273966270338],[28.92638292693067,-2.2705238096259563],[28.92653759233616,-2.2711067780551843],[28.92656138569953,-2.271404209936179],[28.926835024217155,-2.2716302590290525],[28.926942100197948,-2.2717849244345416],[28.92697779159198,-2.271891998616695],[28.927215737816198,-2.2722370217210255],[28.92725143010955,-2.272355993933786],[28.927429888878407,-2.272558248764028],[28.927858191902203,-2.273105524899904],[28.927870089932867,-2.273533827923643],[28.928048548701724,-2.2739264386540867],[28.928203214107214,-2.2742595637276963],[28.928334085250015,-2.274628380195452],[28.928369776644047,-2.2750566832191907],[28.928262700663254,-2.275663445011844],[28.928393570906735,-2.2761393365609592],[28.928572029675593,-2.2764724616346257],[28.928714797949738,-2.277210094570023],[28.928928949911267,-2.277709782180523],[28.929024127861396,-2.278340339135184],[28.929238278923606,-2.278994691251853],[28.92922638179226,-2.2797204270559064],[28.929428636622447,-2.279970270411468],[28.9294643289158,-2.2802439071304548],[28.929547609734584,-2.2807792861349867],[28.929571403997272,-2.2810529237532933],[28.92928586924762,-2.281576405626481],[28.92928586924762,-2.2818024547193545],[28.929107408680125,-2.2818143518506986],[28.928917052779923,-2.2819333249628357],[28.928286494925942,-2.28194522209418],[28.92813183041983,-2.2820998883989887],[28.927870089932867,-2.2823616279865746],[28.92775111682073,-2.2825043962607197],[28.92760834944596,-2.282706650191585],[28.92726332724095,-2.283075465759964],[28.927144354128814,-2.28306356862862],[28.92682312618649,-2.283087363790628],[28.926490002012144,-2.2833015148528943],[28.926121186443766,-2.283444282227663],[28.925966521038276,-2.283634639926504],[28.925657190227298,-2.2839320718074987],[28.925526319983817,-2.284146223769028],[28.92532406605295,-2.2844079642559905],[28.924812482210427,-2.284598321055512],[28.924681611967003,-2.284812473017041],[28.924645919673594,-2.2850623163726596],[28.924645919673594,-2.2854668242343905],[28.92457453598621,-2.285811846439401],[28.924396076318033,-2.2859308186522185],[28.924407973449377,-2.286335327413269],[28.924372282055344,-2.2867874255990728],[28.92432469173133,-2.2870372680553146],[28.92420572041783,-2.287299009441597],[28.923991567556982,-2.287394188290989],[28.92380121075746,-2.2876916210713034],[28.923741724201363,-2.287846285577473],[28.923337217238952,-2.287953361558209],[28.923289627814256,-2.2881437183577304],[28.923479983714458,-2.288322177126588],[28.923563265432506,-2.288334074257932],[28.923551368301162,-2.2886196099069025],[28.923479983714458,-2.2887028907256877],[28.923158755772135,-2.288809966706424],[28.922659069960275,-2.2891668869420982],[28.92238543234197,-2.289452421691749],[28.922230766936536,-2.2897022650473104],[28.922076102430367,-2.290178158395122],[28.92201661587427,-2.2909157904311996],[28.921754875387364,-2.2912132223121944],[28.92170728596267,-2.291605833941901],[28.921160008927416,-2.291748602216046],[28.920933960733862,-2.29176049934739],[28.92052945197281,-2.2917723955794145],[28.920101149848335,-2.2918080878728233],[28.919922690180158,-2.291831883034831],[28.919863202724798,-2.292153110077834],[28.919791819936734,-2.2924981322828444],[28.91970853911795,-2.2927241795770783],[28.91953007855045,-2.293009715225992],[28.91912557068872,-2.2930216132567125],[28.91878054758439,-2.2934737114424593],[28.918673473402237,-2.293687861605349],[28.9185545002901,-2.294056678073048],[28.918459322340027,-2.2943541108533623],[28.91825706840916,-2.2946158522396445],[28.917816867354702,-2.2948775918272304],[28.917352872037554,-2.29481810617051],[28.916960261307167,-2.29475861961447],[28.916662827627533,-2.29481810617051],[28.916341600584587,-2.294699133058373],[28.91606796296628,-2.2945920570776366],[28.915770531085286,-2.2945920570776366],[28.915603967649133,-2.294508777158171],[28.91543740601162,-2.294413598308779],[28.915306535768195,-2.2945325714208593],[28.914806849057015,-2.2945920570776366],[28.91416439407169,-2.2945801599462357],[28.913652810229166,-2.294342213722018],[28.913486247692333,-2.294020985779696],[28.91323640523609,-2.293771143323454],[28.9129508686878,-2.2936045807866208],[28.912153750095683,-2.2931286892374487],[28.911820625022017,-2.2928669478512234],[28.91145180855426,-2.2927360767084224],[28.91104730069253,-2.2925695159702286],[28.910737969881552,-2.2925338236768766],[28.910559511112695,-2.2925457208082207],[28.910226386938348,-2.292664693920301],[28.90951254916496,-2.292807462194446],[28.909369779991493,-2.293009715225992],[28.90927460204142,-2.293188174894169],[28.909310294334773,-2.2933071480063063],[28.909631522277095,-2.293342841198978],[28.909405472284902,-2.2936759653733247],[28.90914373179794,-2.293699758736693],[28.909072348110556,-2.293354738330322],[28.908858196149026,-2.293235764318922],[28.90848937968127,-2.2933666345623465],[28.90842989402455,-2.2934737114424593],[28.9087154287742,-2.293711656767357],[28.908846299017625,-2.2939971924163274],[28.90906045097921,-2.2944611868341553],[28.9092151163847,-2.2948656946958863],[28.90933408769814,-2.2951869226382087],[28.909631522277095,-2.2952702025576173],[28.90995274842078,-2.2955438419745633],[28.910262079231757,-2.2956628141873807],[28.910666586194168,-2.295722300743421],[28.91085694389301,-2.295757993036773],[28.91111868437997,-2.295841273855558],[28.911344732573525,-2.295888864179574],[28.911499397979014,-2.295888864179574],[28.91167785764719,-2.2959602469676383],[28.911784932728608,-2.2960554258170873],[28.911999084690194,-2.2961625008985607],[28.91232031173314,-2.29637665286009],[28.912427387713933,-2.2964837279415065],[28.912510669432038,-2.2966264962156515],[28.912582052220102,-2.2968287510458367],[28.91273671762559,-2.297031004976759],[28.91291517729377,-2.2971380809574953],[28.912927075324433,-2.2972451560389686],[28.913343481216828,-2.297447410869154],[28.91379557760399,-2.297411717676482],[28.91403352382821,-2.2973641291511058],[28.914366648002556,-2.2973879243131137],[28.914580799964085,-2.297316539726353],[28.914711671106886,-2.297328436857697],[28.914961513563185,-2.297328436857697],[28.915734838791934,-2.2972808492316403],[28.91609175812829,-2.297054799239447],[28.916186936078418,-2.296923928995966],[28.916686622789598,-2.296888236702614],[28.916900773851808,-2.2972332589076245],[28.917174413268697,-2.297471205131842],[28.917614613423837,-2.297423615707146],[28.91791204530483,-2.297447410869154],[28.918268964641186,-2.297506897425194],[28.91841173201601,-2.2975306907885624],[28.91868536963426,-2.2977805350435005],[28.91889952159579,-2.298018481267718],[28.91903039183927,-2.2983040160173687],[28.91918505724476,-2.2987918055972045],[28.919196954376105,-2.2994104663197845],[28.919196954376105,-2.3004574282675208],[28.919018494707927,-2.301242650627671],[28.9187448561903,-2.3019802835630685],[28.918078606942345,-2.3030391444407883],[28.91722200179413,-2.3029677598540843],[28.916698519920942,-2.3031105281282294],[28.916317806321842,-2.302789300185907],[28.915889504197423,-2.30261083961841],[28.915484995436373,-2.3024085856875445],[28.915080485775945,-2.302277716343383],[28.91472356823823,-2.3021111538065497],[28.914497519145357,-2.3021111538065497],[28.91425957292114,-2.3020397701191087],[28.913938345878137,-2.3018613095516116],[28.913652810229166,-2.301730440207507],[28.913248302367435,-2.3019445912697165],[28.913212610074083,-2.302360998061431],[28.913498144823677,-2.3025751491236974],[28.913926448746793,-2.3025751491236974],[28.91422388062773,-2.302848786741947],[28.914366648002556,-2.3031343223909175],[28.914390443164564,-2.303360370584471],[28.914438031689997,-2.303824365002299],[28.91389075735276,-2.303836263032963],[28.913248302367435,-2.303836263032963],[28.913022253274562,-2.3042169766320058],[28.91245118197662,-2.304359744906151],[28.911987186659474,-2.3046928690804975],[28.911880111578057,-2.3050140961235],[28.91185631731537,-2.3056089607847525],[28.91212995583294,-2.306061058970556],[28.912118057802275,-2.3067986919059535],[28.912225133783068,-2.3071318160803003],[28.911689754778536,-2.3072507891923806],[28.911665959616528,-2.3074649411539667],[28.911558885434374,-2.30763150279148],[28.91167785764719,-2.3079646278651467],[28.91164216625316,-2.3082620597460846],[28.911927701002753,-2.3085594934257188],[28.912593950250766,-2.3083691357268776],[28.912831895575664,-2.3085594934257188],[28.91316501975001,-2.308630877113103],[28.91329589179213,-2.308630877113103],[28.913617117935814,-2.3085594934257188],[28.913855064160032,-2.308392929989566],[28.91403352382821,-2.308071702946563],[28.914140599809002,-2.3077623739342243],[28.914283367183828,-2.3073102757484776],[28.914426134558653,-2.3068343841993055],[28.914545108570053,-2.305989675283115],[28.91479495192567,-2.305311528903758],[28.914913924138432,-2.305002198992156],[28.915389816586924,-2.3047285613738495],[28.91559207141711,-2.3045501008063525],[28.91606796296628,-2.3045738959683604],[28.916460574595988,-2.3044787171189114],[28.917233898925474,-2.3044787171189114],[28.917662201949213,-2.3044668199875673],[28.918019121285568,-2.3045382036750084],[28.918245170378498,-2.304585793999024],[28.918423630046675,-2.304871327849355],[28.91843552717802,-2.305418603985231],[28.918316554065882,-2.305977778151771],[28.918292759803194,-2.3066202322377762],[28.918447424309363,-2.3072745843544453],[28.91843552717802,-2.30769099024684],[28.91841173201601,-2.308238266382716],[28.918233273247154,-2.3090472830055546],[28.917793073092014,-2.309285229229772],[28.917162515238033,-2.3093447148865494],[28.91641298517129,-2.3093804071799013],[28.91603227067293,-2.3095945591414306],[28.915639659942542,-2.3099514775784655],[28.91528274060613,-2.310272704621468],[28.915056692412577,-2.3104273700269573],[28.914925822169096,-2.310724802807215],[28.914699773076222,-2.3110341318195537],[28.91453321143871,-2.311331564599868],[28.914330955709204,-2.3122476581027627],[28.914271470052483,-2.3126164736711416],[28.914366648002556,-2.3130328786642735],[28.914330955709204,-2.313330312343851],[28.914545108570053,-2.313794306761679],[28.914545108570053,-2.314412966584996],[28.914675978813534,-2.314995935014224],[28.91444992882134,-2.3156383891002292],[28.914485622014013,-2.316126178680065],[28.91435475087121,-2.316459302854355],[28.914140599809002,-2.316613969159164],[28.913486247692333,-2.3166972490786293],[28.91304604843657,-2.3167448376040056],[28.912403592551925,-2.3169232981715027],[28.912070469276898,-2.3168876067774704],[28.911475603716326,-2.3169946818589437],[28.910868841024353,-2.317220730951817],[28.91035725718183,-2.317125553001688],[28.910107412926948,-2.3169351962021665],[28.90992895415809,-2.316804325958742],[28.909691007933816,-2.3167686327660135],[28.90929839720343,-2.3167686327660135],[28.9092151163847,-2.3167686327660135],[28.908881992210354,-2.3167686327660135],[28.908667839349448,-2.3167805298973576],[28.90837040656919,-2.316970886696879],[28.908072973788876,-2.3170303741522957],[28.90781123420129,-2.317244526113825],[28.907478109127624,-2.3175538560254836],[28.907133087821933,-2.3177085196323333],[28.906883243566995,-2.3177204167636773],[28.906752373323513,-2.317815597411709],[28.90652632512996,-2.3179583638872145],[28.90612181636891,-2.318089234130696],[28.905538847939624,-2.318814969934749],[28.905110544915885,-2.319207580665136],[28.905110544915885,-2.3195169105767945],[28.905003468935092,-2.3199571107319343],[28.904979674672404,-2.3204330031803693],[28.904741729347506,-2.3206947436673317],[28.90415876091822,-2.3205638743231702],[28.90369476560113,-2.3206590522732995],[28.903147490364574,-2.3205876685858584],[28.902814366190228,-2.3205876685858584],[28.90248124111656,-2.3205876685858584],[28.90244554882321,-2.3206471551419554],[28.902207602598935,-2.320801819648125],[28.902076733254773,-2.3210397658723423],[28.901933964980685,-2.3212420198032078],[28.901731711049763,-2.321491864058146],[28.901612737937683,-2.321765500777076],[28.9013509965514,-2.3221462152754384],[28.90123202433864,-2.322455545187097],[28.900970283851677,-2.322574518299234],[28.90060146738398,-2.3227529779674114],[28.900470597140497,-2.322943333867613],[28.900089882642135,-2.323002821322973],[28.899804347892484,-2.323002821322973],[28.899340351676074,-2.322931436736269],[28.899007228401047,-2.3227767722300996],[28.898686001358044,-2.3225031337124733],[28.89832908202169,-2.3221819066694707],[28.89807923776675,-2.3216822199583476],[28.897841292441854,-2.321420480370705],[28.897853189573198,-2.32077802538538],[28.89780560104782,-2.3199214193378452],[28.897662831874356,-2.319350348939281],[28.89761524334898,-2.318862559359445],[28.89732970770001,-2.318672201660604],[28.89719883835585,-2.3184223592043622],[28.896853816150838,-2.318255796667529],[28.8965563842699,-2.318255796667529],[28.89633033427765,-2.318291488960881],[28.896021005265368,-2.318279590930217],[28.895818750435126,-2.318255796667529],[28.89564029076695,-2.318255796667529],[28.89542613880542,-2.3184342563357063],[28.895283372329914,-2.318779277641397],[28.895295268561938,-2.3189696353402383],[28.895521317654868,-2.319112401815744],[28.895699777323046,-2.319290862383241],[28.89590203215323,-2.3194812191827623],[28.896044798628736,-2.3197072682756357],[28.896282744852954,-2.3200047001566304],[28.896354129439715,-2.320242646380848],[28.89636602567174,-2.3206114628485466],[28.89636602567174,-2.320980280215622],[28.896247052559602,-2.3212063284091755],[28.896021005265368,-2.321444274633393],[28.8956878801917,-2.321444274633393],[28.89542613880542,-2.321444274633393],[28.894914554962895,-2.321349095784001],[28.89446245677715,-2.3212539178338716],[28.894331587432987,-2.3211111495597265],[28.894165024896154,-2.3212182264398393],[28.893796208428455,-2.321325300621993],[28.89352257081015,-2.321325300621993],[28.8935582631035,-2.3216584256956025],[28.893665338184974,-2.321848781595861],[28.893891387277847,-2.3220510364260463],[28.89421261432085,-2.322300879781608],[28.89452194423251,-2.322491236581129],[28.894545737595877,-2.3227648750987555],[28.894486251939156,-2.323109897303766],[28.89452194423251,-2.323454917710137],[28.89468850676934,-2.3237047619650184],[28.89484317127551,-2.323990296714669],[28.89490265783155,-2.3243353189196796],[28.89492645209424,-2.3246684430940263],[28.8953666531487,-2.3247517248120744],[28.895533214786212,-2.325108644148429],[28.895104911762417,-2.325227617260566],[28.895033528075032,-2.325620227990953],[28.894950247256247,-2.326167504126829],[28.894736096194038,-2.3264411417451356],[28.8944981490705,-2.326762369687458],[28.894510047101164,-2.3270835967304606],[28.894486251939156,-2.327285850661326],[28.894593327919893,-2.3275713863102965],[28.894878862669543,-2.327880716221898],[28.895093014631072,-2.3280829701527637],[28.895330960855347,-2.3281424567088607],[28.89558080421091,-2.328023482697404],[28.89580685330378,-2.3277855382718258],[28.896032902396712,-2.3275000017235357],[28.89611618321544,-2.32723826123663],[28.89633033427765,-2.327047904437052],[28.896437410258443,-2.326928932224291],[28.896687253614004,-2.326928932224291],[28.896937096969623,-2.3269408293556353],[28.897103660405776,-2.3271311861551567],[28.89736539999336,-2.3274167209048073],[28.897567653924227,-2.3275713863102965],[28.897698525067028,-2.327702255654401],[28.89786508670454,-2.3278926133532423],[28.897995956948023,-2.328023482697404],[28.89811493006016,-2.3281424567088607],[28.89826959456633,-2.328451786620519],[28.898352877183697,-2.3286421443193603],[28.89845995226517,-2.3289038839069462],[28.89848374742718,-2.3290942407064676],[28.89873358988342,-2.3296058254483114],[28.89873358988342,-2.329831873641922],[28.89875738414611,-2.330438637233158],[28.89867410332738,-2.3307598642761604],[28.898471850295834,-2.3311405769758835],[28.898340979153033,-2.331426112624854],[28.898222006040896,-2.3318068271232164],[28.898138725222168,-2.3321637446609316],[28.897853189573198,-2.3324611792398855],[28.897591449086292,-2.3327348159588155],[28.89730591433664,-2.332948967920345],[28.89705607008176,-2.333234503569315],[28.896818123857486,-2.3335200392182855],[28.896818123857486,-2.3338769576553204],[28.896603972795276,-2.334293364447035],[28.89640171796509,-2.334614589691398],[28.89630654001496,-2.3349834070584166],[28.896151874609473,-2.3354474023755643],[28.896068593790744,-2.335732937125215],[28.895973415840615,-2.336101752693594],[28.896151874609473,-2.33649436522262],[28.896104286084096,-2.3367323114468377],[28.89630654001496,-2.3369107702156953],[28.896473102551795,-2.3372914847141146],[28.896473102551795,-2.3376721983131574],[28.896473102551795,-2.337933938800063],[28.89633033427765,-2.3381956801863453],[28.896128080346784,-2.338374138955203],[28.896009107234704,-2.3386477765734526],[28.896009107234704,-2.338921414191759],[28.896223259196233,-2.3391355661532884],[28.896389820833747,-2.3392188469720736],[28.896532589107892,-2.3392188469720736],[28.89667535558334,-2.339123669921264],[28.896794328695478,-2.338885722797727],[28.89696089123231,-2.3386596737047967],[28.896996582626343,-2.338338446661851],[28.897032274919695,-2.3381123975689206],[28.897139351799808,-2.33799342535616],[28.897294016305977,-2.3380172196188482],[28.897353502862018,-2.3381242955995845],[28.897555756792883,-2.3381837821556815],[28.897627139581004,-2.3381837821556815],[28.89774611359246,-2.338314652399106],[28.897900778997894,-2.338493112067283],[28.898067340635407,-2.338528804360692],[28.898126827191504,-2.3386120851794203],[28.898281491697674,-2.3386001880480762],[28.8985432330839,-2.3386715717354605],[28.89875738414611,-2.3385882900174124],[28.898876357258246,-2.338362240924539],[28.8988644601269,-2.337969631093415],[28.8988644601269,-2.3376603011818133],[28.89901912643171,-2.337434252088883],[28.89929276315064,-2.3372438952893617],[28.899376043969426,-2.3368274902962867],[28.899495017081563,-2.3364705700606123],[28.899685374780404,-2.3360779593302254],[28.89988762871127,-2.335792423681255],[28.90004229321744,-2.3354355043449004],[28.90038731632177,-2.3348525368149353],[28.900530082797275,-2.334602692560054],[28.900768029021492,-2.3343409520730916],[28.900898900164293,-2.3339959307674576],[28.90098218098302,-2.333603320037014],[28.901113051226503,-2.333329682418764],[28.901243920570664,-2.333056043001818],[28.901303408026024,-2.3328537890709526],[28.90150566195689,-2.332568254321302],[28.90154135425024,-2.3323422052284286],[28.901648430231035,-2.332104259004211],[28.90192206695002,-2.3319258002353536],[28.90229088431704,-2.3317830319612085],[28.902516933409913,-2.331580778030343],[28.902742981603467,-2.331354728937413],[28.902742981603467,-2.3311167827131953],[28.9027191882401,-2.3306051988706713],[28.902552624803945,-2.3302601766656608],[28.90248124111656,-2.330022231340763],[28.90226709005435,-2.329451160942142],[28.902148116942215,-2.329213213818605],[28.902326575711072,-2.3290347541504275],[28.902552624803945,-2.3289752675943873],[28.9029095441403,-2.3288206039875377],[28.90304041438378,-2.3285469645705916],[28.90321887405196,-2.328237634658933],[28.903230771183303,-2.3278926133532423],[28.903290257739343,-2.327666564260369],[28.903302155770064,-2.3275594891788955],[28.9036590742071,-2.3273096449240143],[28.90406358296815,-2.327202569842541],[28.904242041737007,-2.3269765207496675],[28.904527578285297,-2.326667190838009],[28.904610859104025,-2.32629837526963],[28.904789317872883,-2.3259057627406037],[28.904825010166235,-2.3255607423342326],[28.9050272640971,-2.325168130704526],[28.90531279974607,-2.3248469027622036],[28.905574540233033,-2.3247041353873783],[28.905824383588595,-2.324692238256034],[28.906086124075557,-2.3246565459626822],[28.906550120291968,-2.32462085456865],[28.907037908972484,-2.3245018823558325],[28.907418621672207,-2.324275833262959],[28.907727953382505,-2.32412116785747],[28.908037282394844,-2.3238237359764753],[28.908287125750405,-2.323478712872145],[28.908358510337166,-2.323002821322973],[28.908406098862542,-2.322515031743137],[28.908382304599854,-2.3212063284091755],[28.908406098862542,-2.320968382184901],[28.908667839349448,-2.320849409072821],[28.909108040403908,-2.3208613071034847],[28.909345985728805,-2.320980280215622],[28.909536343427646,-2.321099253327702],[28.909536343427646,-2.3213728909460087],[28.90945306081028,-2.3216941170896916],[28.909191321222636,-2.321932063313909],[28.909155628929284,-2.322396058631057],[28.90898906729177,-2.3226815942799703],[28.908893889341698,-2.32283625788682],[28.90887009328037,-2.323454917710137],[28.908941477867074,-2.3239308110579486],[28.908941477867074,-2.3244542920318167],[28.9090842452419,-2.3249063902175635],[28.9092151163847,-2.3253465903727033],[28.909524446296302,-2.32573920110309],[28.909726700227225,-2.32623888781427],[28.91001223497682,-2.3265601157565925],[28.910095515795604,-2.3271668784485087],[28.910036029239507,-2.328201943264901],[28.91008361776494,-2.3287254251380887],[28.91041674283855,-2.328951474230962],[28.91107109495522,-2.3289395762002982],[28.911475603716326,-2.3287254251380887],[28.911808727890673,-2.328713527107425],[28.912082366408242,-2.3288206039875377],[28.91226082607642,-2.328927679068954],[28.912593950250766,-2.3291418310305403],[28.912998458112497,-2.3288206039875377],[28.913093636961946,-2.328249532689597],[28.912617745412774,-2.3275118997541995],[28.91235600402655,-2.3268813419002754],[28.912082366408242,-2.3264649369071435],[28.911665959616528,-2.3259176607712675],[28.911535090272366,-2.3253703846353915],[28.91117817093601,-2.3249420816115958],[28.91085694389301,-2.324513778587857],[28.910785560205625,-2.3238118379458115],[28.910785560205625,-2.3232883569719434],[28.91095212184314,-2.3228957453422368],[28.91098781413649,-2.32262210772393],[28.911428015190893,-2.3221700104374463],[28.911630269121815,-2.321884473889213],[28.91191580297209,-2.3216941170896916],[28.91223703091441,-2.3215394525835222],[28.912510669432038,-2.321432376602729],[28.912772409918944,-2.3212896101272236],[28.9132602003981,-2.3213371986526568],[28.91353383711703,-2.321099253327702],[28.914045421858873,-2.3206590522732995],[28.914557005701397,-2.3204330031803693],[28.914913924138432,-2.320183158925488],[28.915151871262026,-2.3198976241758373],[28.915413610849612,-2.319647780820276],[28.915580173386445,-2.319374144101289],[28.91600847730956,-2.318695996822612],[28.916210731240426,-2.3184342563357063],[28.91650816402074,-2.318279590930217],[28.916829390164366,-2.3179345687252066],[28.917138720975345,-2.317649033975556],[28.91730528261286,-2.317089859809016],[28.917578920231165,-2.3167686327660135],[28.917614613423837,-2.316613969159164],[28.91799532612356,-2.316435508591667],[28.918328451197226,-2.3162808440854974],[28.918851933070414,-2.3159834122045595],[28.919327823720266,-2.315519416887412],[28.919601463137155,-2.3151862918137454],[28.919863202724798,-2.3146390147785496],[28.920160636404432,-2.31442486371634],[28.920434274022682,-2.3141631241286973],[28.9206841173783,-2.314008458723208],[28.921160008927416,-2.3136396422555094],[28.921540724325155,-2.313413594061956],[28.921695387931948,-2.313020982432249],[28.92208799956171,-2.3123666312149],[28.922230766936536,-2.3120691984345854],[28.922444917998746,-2.311831252210368],[28.922444917998746,-2.3116527934415103],[28.922635275697587,-2.311200694356387],[28.92273045364766,-2.31086757108136],[28.92286132389114,-2.3104749585523336],[28.922980297003278,-2.3100109641345057],[28.922873221921805,-2.3089877964494576],[28.92286132389114,-2.3087974387506165],[28.92267096799094,-2.3084643145762698],[28.92282563159779,-2.3081787789273562],[28.923396702895673,-2.30769099024684],[28.923872595344164,-2.3071675083736523],[28.924300898367903,-2.306453669700943],[28.924681611967003,-2.305977778151771],[28.924836277372492,-2.3056327559467604],[28.925157504415438,-2.3052520423477176],[28.925490627690465,-2.3046214853930564],[28.925895137350892,-2.304395436300183],[28.92591893161358,-2.303990928438452],[28.925907033582916,-2.30317001378495],[28.926014109563653,-2.302253921181375],[28.926144979807134,-2.301825619056899],[28.92604980185706,-2.3014211102958484],[28.925811855632787,-2.3008143476038754],[28.92572857481406,-2.3005050176922737],[28.925895137350892,-2.300171892618607],[28.92622826062592,-2.2998387693435802],[28.92653759233616,-2.29955323279529],[28.926930203066604,-2.299291493207704],[28.927203840684854,-2.2988750873152526],[28.927275224372295,-2.29855386027225],[28.92747747830316,-2.298149352410519],[28.92769163026469,-2.297863815862229],[28.92794147272093,-2.2976496639006996],[28.928155623783198,-2.2971142848961676],[28.92838167377539,-2.296888236702614],[28.928583927706256,-2.2966264962156515],[28.92866720942436,-2.296305269172649],[28.92890515474926,-2.295984042129703],[28.929024127861396,-2.295769890168117],[28.929107408680125,-2.2954724573878593],[28.92915499810482,-2.2949727706766794],[28.929345354904342,-2.294699133058373],[28.930011604152355,-2.2945325714208593],[28.93030903693267,-2.2943898031467143],[28.93049939373219,-2.294116164629145],[28.93071354569372,-2.2936164788172846],[28.930832518805857,-2.293009715225992],[28.931248923798933,-2.2928550507198793],[28.931534460347223,-2.2928312555578145],[28.931879480753594,-2.29281935932579],[28.932450552051478,-2.2929264344072635],[28.932605216557647,-2.293235764318922],[28.932819367619857,-2.2934737114424593],[28.93305731384413,-2.2937830395554784],[28.933223877280284,-2.2939852952849833],[28.933223877280284,-2.29425893200397],[28.933295260967668,-2.2945325714208593],[28.93342613121115,-2.294746721583749],[28.93364028227336,-2.2949132841205824],[28.934009098741058,-2.2952345120629047],[28.934318427753396,-2.295365382306386],[28.93463965569572,-2.2955081496812113],[28.93507985675018,-2.2956033276312837],[28.935496261743253,-2.295710403612077],[28.935900769604984,-2.295496253449187],[28.936400457215484,-2.295305895750346],[28.93675737565252,-2.2949013869892383],[28.937126193019537,-2.2946039551083004],[28.937399829738524,-2.2944611868341553],[28.937923311611712,-2.2944968782281876],[28.93800659332976,-2.294663440765021],[28.93794710677372,-2.2950203601013754],[28.93763777686206,-2.295175024607545],[28.93736413924381,-2.2951869226382087],[28.93710239785753,-2.295365382306386],[28.936781170814527,-2.2955557391059074],[28.936567018852998,-2.295805581562206],[28.93630527926541,-2.2961387066358157],[28.9359602570604,-2.2964599336788183],[28.935817488786256,-2.296793057853165],[28.93557954256198,-2.297328436857697],[28.935317802075076,-2.297578281112635],[28.935186931831595,-2.2978995081556377],[28.934996575032073,-2.2980541726617503],[28.934901396182624,-2.2982445303606482],[28.934782423969864,-2.29855386027225],[28.93461586143303,-2.29893457297203],[28.934473094058205,-2.2993152865710726],[28.934258942096676,-2.299719796231443],[28.934163764146547,-2.30005292040579],[28.934009098741058,-2.300374148348112],[28.933783049648184,-2.300754861047835],[28.933628385142015,-2.3010047053027733],[28.933390438917797,-2.3016352622573777],[28.933319055230356,-2.302123050937894],[28.933247672442292,-2.30267032707377],[28.933069210975475,-2.302908274197307],[28.932878855075273,-2.303253294603678],[28.932688498275752,-2.303360370584471],[28.93258142319428,-2.303586418778025],[28.93249814057691,-2.303907646720347],[28.932248298120612,-2.3042883612187097],[28.932129325008532,-2.3045976911303683],[28.932129325008532,-2.304918918173371],[28.932093632715123,-2.305406706853887],[28.931986556734387,-2.305823112746282],[28.931986556734387,-2.3062871080634295],[28.931855685591586,-2.3067629996126016],[28.931701021984736,-2.3072269949296924],[28.93152256231656,-2.3075482228720148],[28.93149876805387,-2.307809961560338],[28.931415487235085,-2.308047908683875],[28.931355999779726,-2.308595184819751],[28.93071354569372,-2.3085594934257188],[28.930237653245285,-2.3083810328582217],[28.92999970702101,-2.308238266382716],[28.929571403997272,-2.3082501626147405],[28.929202588428893,-2.308226369251372],[28.928917052779923,-2.308226369251372],[28.928702900818394,-2.308238266382716],[28.92869100278773,-2.308678465638536],[28.92866720942436,-2.309071077268243],[28.928512544018872,-2.3095350716860708],[28.928262700663254,-2.3098444015976725],[28.92806044583307,-2.309987168972498],[28.927810603376827,-2.3100585535592586],[28.92744178600981,-2.3100585535592586],[28.927180046422166,-2.3100823478219468],[28.926930203066604,-2.3100823478219468],[28.926585180861593,-2.3100823478219468],[28.926430516355424,-2.3101180401152988],[28.926168774969142,-2.310272704621468],[28.925966521038276,-2.3104392671583014],[28.925883240219548,-2.3106177268264787],[28.92572857481406,-2.310736699938616],[28.925597703671258,-2.3109270567381373],[28.92535975834636,-2.3110460298502176],[28.925157504415438,-2.3111293106690027],[28.924907660160557,-2.3114624348433495],[28.924586434016874,-2.311736073360919],[28.924396076318033,-2.3119859167165373],[28.92414623296247,-2.3122595552341068],[28.92380121075746,-2.3126640630958946],[28.923539471169818,-2.313009085300905],[28.923063577822006,-2.313461182587332],[28.922932707578582,-2.3137586162669663],[28.922694762253627,-2.314091740441313],[28.922528198817474,-2.3144843511717],[28.922540096848138,-2.315019729276912],[28.922540096848138,-2.3154242380380197],[28.922635275697587,-2.3157573631116293],[28.922623377666923,-2.316126178680065],[28.922623377666923,-2.3163998171976345],[28.922623377666923,-2.3166020711285],[28.922718557415635,-2.3169232981715027],[28.923134962408767,-2.3169232981715027],[28.923253936420167,-2.316447405723011],[28.92338480576433,-2.3159715141738957],[28.923432395189025,-2.3149007570641515],[28.923432395189025,-2.3145319396970763],[28.923741724201363,-2.3142820972408344],[28.924110540669062,-2.314067945279305],[28.924503153198145,-2.313877587580464],[28.924871968766524,-2.3136277451241654],[28.925038531303358,-2.313342208575932],[28.925431142033744,-2.3131994421004265],[28.925752369976067,-2.312961495876152],[28.926180672100486,-2.312949598744808],[28.92656138569953,-2.3129733930074963],[28.926965895359956,-2.3132351343937785],[28.92716814929082,-2.313603950861477],[28.92738230035303,-2.314008458723208],[28.92763214370865,-2.3143772751909637],[28.927798706245483,-2.3146271176472055],[28.927917679357563,-2.314876961902087],[28.928369776644047,-2.315138703288369],[28.928798079667786,-2.3153171629565463],[28.929238278923606,-2.3153052649258825],[28.929642787684656,-2.3153171629565463],[28.92994021956565,-2.3153171629565463],[28.930142475295156,-2.3154599303313717],[28.93046370233816,-2.315614594837541],[28.930451805206815,-2.3160191035985918],[28.93055888028823,-2.3164117143289786],[28.930582674550976,-2.316721044240637],[28.930677854299688,-2.3175062666007875],[28.93086821019989,-2.318089234130696],[28.931082362161476,-2.318779277641397],[28.931248923798933,-2.319433629758066],[28.93143928059851,-2.3197072682756357],[28.931748611409432,-2.3197072682756357],[28.932010351896395,-2.3196239865575876],[28.93205794132109,-2.319255170089889],[28.93205794132109,-2.318684098791948],[28.93205794132109,-2.3183985640423543],[28.93205794132109,-2.318089234130696],[28.93223640008995,-2.317875083068486],[28.93223640008995,-2.3174229848826826],[28.932224502958604,-2.317054168414984],[28.932141222139876,-2.31610238441732],[28.932141222139876,-2.315507518856748],[28.932129325008532,-2.314972139852216],[28.932105529846467,-2.3143653780595628],[28.932141222139876,-2.3137586162669663],[28.932200708695916,-2.313354106606596],[28.932391064596118,-2.3130685718569453],[28.93255762803227,-2.312937701613464],[28.932688498275752,-2.312830625632728],[28.93298593015669,-2.3126878582579025],[28.933414234079805,-2.312747343914623],[28.9337116659608,-2.312771139076631],[28.934032893003746,-2.3130804689882893],[28.934223249803324,-2.3134016969306117],[28.934413608401485,-2.3136396422555094],[28.93455637487699,-2.3137229230742946],[28.934627758564375,-2.313556361436781],[28.934627758564375,-2.313318415212507],[28.93483001339456,-2.3131161612816413],[28.934913294213345,-2.312878214158104],[28.934937087576714,-2.3126283717018055],[28.934901396182624,-2.3123547340835557],[28.934794321101208,-2.3122238629407548],[28.934580170039,-2.3120573013032413],[28.934377915208756,-2.311890738766408],[28.934247044965332,-2.3117717656543277],[28.934068585297155,-2.3116171002488386],[28.933949612185017,-2.311236386649739],[28.933949612185017,-2.310891365344048],[28.933949612185017,-2.3106177268264787],[28.934151866115883,-2.3101418352773067],[28.93421135267198,-2.3098681958604175],[28.93427083922802,-2.30968973709156],[28.934449298896197,-2.3094874831606376],[28.934663450857727,-2.309130563824283],[28.934722937413824,-2.3088331310440253],[28.934806218232552,-2.3078337576216654],[28.93467534798907,-2.307429248860558],[28.934532579714926,-2.307036638130171],[28.934389813239477,-2.30663213026844],[28.934306530622052,-2.3062990051947736],[28.93421135267198,-2.306096751263908],[28.934092379559843,-2.305930187827755],[28.934151866115883,-2.3051806577610137],[28.934306530622052,-2.304978404729411],[28.934496889220213,-2.30478804703057],[28.934687245120415,-2.3045976911303683],[28.93511554814421,-2.304443025724879],[28.935353494368428,-2.3041099006512127],[28.93554385116795,-2.3039195438516913],[28.935781797392224,-2.303752981314858],[28.935972154191745,-2.3036934956581376],[28.936221996647987,-2.3035150359899603],[28.936590814015005,-2.3035150359899603],[28.936959631382024,-2.303419858039831],[28.937268960394363,-2.3032413965730143],[28.93729275465705,-2.3030748358348205],[28.937625879730717,-2.302813095347915],[28.937744852842854,-2.3026465328110817],[28.937959003905064,-2.3024323808495524],[28.93819695012934,-2.302265819212039],[28.938208848160002,-2.3020754624125175],[28.938173155866593,-2.3017066459448188],[28.93804228472385,-2.3014211102958484],[28.937899517349024,-2.301147471778222],[28.9377567499742,-2.3009809101407086],[28.937506906618637,-2.300564504248314],[28.93738793260718,-2.3003503522867845],[28.937506906618637,-2.300159996386583],[28.93767346915547,-2.3000053309810937],[28.937899517349024,-2.2998744607376125],[28.938220745291346,-2.2996841030387714],[28.938565765697717,-2.2994580548452177],[28.938839405114607,-2.299196314358255],[28.93900596675212,-2.299029751821422],[28.93919632355164,-2.2987442161724516],[28.93937478411914,-2.298506270847554],[28.939553242887996,-2.2983040160173687],[28.939553242887996,-2.298101762086503],[28.939529447725988,-2.2977686379121565],[28.939517550594644,-2.297459308000498],[28.93956514001934,-2.2972927463629844],[28.93994585361844,-2.2971499780888394],[28.94037415664218,-2.297042902108103],[28.940600205735052,-2.296947723258654],[28.940921432778055,-2.296900133833958],[28.94125455785172,-2.29687633957127],[28.941635270551444,-2.2968287510458367],[28.941885114806382,-2.2967216750651005],[28.94225393127408,-2.2966978799030926],[28.942491878397618,-2.2966859827717485],[28.943562633708723,-2.2967097779337564],[28.944109909844656,-2.2966978799030926],[28.94455011089906,-2.2966383933469956],[28.94483564564871,-2.2965670096596114],[28.94552569005873,-2.2965908039222995],[28.9456803545649,-2.2964837279415065],[28.946001581607845,-2.296400448022098],[28.94616814414468,-2.29637665286009],[28.94645367979365,-2.296257679747953],[28.946763008805988,-2.2961387066358157],[28.946965263636173,-2.2959721440989824],[28.94716751756704,-2.295769890168117],[28.9475482320654,-2.2951393341128323],[28.947762383127667,-2.2948656946958863],[28.94801222558391,-2.2945325714208593],[28.948214481313414,-2.294116164629145],[28.94826206983879,-2.2939020135669352],[28.94860709114448,-2.293735451030102],[28.948928319086804,-2.2936640682419807],[28.94954697891012,-2.2934261211184435],[28.949713541446954,-2.29320007292489],[28.950225125289478,-2.2930810998127527],[28.95057014839381,-2.2929621258012958],[28.950879477406147,-2.2928550507198793],[28.951307780429886,-2.2924743371207796],[28.951712288291617,-2.292057931228385],[28.95200972107193,-2.29176049934739],[28.95212869418407,-2.291593935911237],[28.952354742377622,-2.291070454937369],[28.952616483763904,-2.2904636931447726],[28.952545100076463,-2.289892621846832],[28.952711661713977,-2.28958329193523],[28.952711661713977,-2.2892739620235716],[28.95293770990753,-2.289000324405265],[28.953020990726316,-2.288572021381526],[28.952985300231603,-2.288393560814029],[28.952759251138673,-2.288310279995244],[28.952640278026593,-2.288310279995244],[28.952390433771654,-2.288286484833236],[28.952259564427493,-2.288441150238725],[28.952152489346076,-2.288262690570548],[28.951962131647235,-2.2880961289330344],[28.951962131647235,-2.2875488527971584],[28.951962131647235,-2.287287112310196],[28.952093001890717,-2.2870134737926264],[28.95224766729615,-2.2867517342049837],[28.95253320294512,-2.286597067900175],[28.952890121382154,-2.2863829168379652],[28.953449294649374,-2.2860378946329547],[28.9535920620242,-2.2858237426714254],[28.953984673653906,-2.285609591609216],[28.95418692668551,-2.2854311319410385],[28.95437728528367,-2.285252673172181],[28.95480558740809,-2.2850147269479066],[28.954960252813578,-2.284776780723689],[28.95503163740034,-2.2844317594179984],[28.95534096641262,-2.2839677641008507],[28.95536476067531,-2.283551358208456],[28.95536476067531,-2.283075465759964],[28.955376657806653,-2.2828018281417144],[28.955269581825917,-2.282540086755432],[28.955162506744443,-2.282195066349061],[28.9551506096131,-2.281897632669427],[28.95509112305706,-2.2817072767692252],[28.955162506744443,-2.281433638251656],[28.955174403875787,-2.281076718915301],[28.955388554937997,-2.2808863621157798],[28.955459938625438,-2.2808030812969946],[28.95570978288032,-2.2807079024476025],[28.956007214761314,-2.2807079024476025],[28.956221366722843,-2.2807316967102906],[28.95630464844095,-2.2808863621157798],[28.956352236966325,-2.2810291285912285],[28.95636413499699,-2.2813146651395186],[28.956376032128333,-2.2815407133330723],[28.956376032128333,-2.2818143518506986],[28.956221366722843,-2.282195066349061],[28.956102392711443,-2.2824449088053598],[28.955983421397946,-2.282635265604881],[28.95590013967984,-2.2828256233037223],[28.95590013967984,-2.283039774365932],[28.955971523367282,-2.283194439771421],[28.956197573359475,-2.2834561802583266],[28.95642362065371,-2.28362274189584],[28.956721053434023,-2.2838606881201144],[28.95711366506373,-2.284098634344332],[28.95742299497539,-2.284253299749821],[28.95780370767511,-2.2843960671246464],[28.958172525042187,-2.2843960671246464],[28.958755492572095,-2.284265196881165],[28.959005335927657,-2.284146223769028],[28.959350358132667,-2.2838130986953615],[28.959528817800845,-2.2834204879649747],[28.95932656386998,-2.2823973202799266],[28.959314666738635,-2.2817310701325937],[28.959088616746442,-2.281397945958304],[28.959207589858522,-2.2807673890036426],[28.95958830435694,-2.2802677022924627],[28.959635892882318,-2.279768014681963],[28.959909532299264,-2.2794586847703044],[28.959992813117992,-2.279018486413861],[28.96026644983698,-2.278875718139716],[28.960599574910646,-2.278732949865571],[28.96082562400352,-2.2784950036413534],[28.96109926072245,-2.2780310092235254],[28.96109926072245,-2.277400452268921],[28.96101597990372,-2.2769126617897655],[28.960849418266207,-2.2764843587659698],[28.960849418266207,-2.2759727749234457],[28.960944597115656,-2.275389808292857],[28.960992185641032,-2.275139964037976],[28.961372900139395,-2.2748782226516937],[28.961610846363612,-2.274592687902043],[28.961765510869782,-2.2744023311025217],[28.96192017627527,-2.2742952551217854],[28.962193813893577,-2.274188180040312],[28.962407965855107,-2.274021616604159],[28.96263401404866,-2.2736765952984683],[28.962741090029454,-2.2732720874367374],[28.962741090029454,-2.272962756625759],[28.962776782322806,-2.2727605026948936],[28.962812473716838,-2.2726534276134203],[28.962895755434943,-2.272558248764028],[28.96297903625367,-2.272474967945243],[28.96313370075984,-2.2722846111457216],[28.963216981578626,-2.2721418428715765],[28.963300263296674,-2.271975281234063],[28.96326457100332,-2.271451799360875],[28.963240776740633,-2.2709164203563432],[28.96326457100332,-2.2706189875760288],[28.963454927802843,-2.2704881173326044],[28.963895128857303,-2.270392940281795],[28.964168765576233,-2.270285863401739],[28.964311534749697,-2.270214479714298],[28.964454302124523,-2.2701430960269136],[28.964704144580764,-2.269940842096048],[28.96484691195559,-2.2696434093157336],[28.965013475391743,-2.269203209160594],[28.96510865424119,-2.2689295706430244],[28.965310908172057,-2.2682871156576994],[28.9656916217711,-2.2679183000893204],[28.965739211195796,-2.2669427209296487],[28.96584628627727,-2.2663478562683963],[28.965953362258006,-2.265538838746238],[28.966024745945447,-2.265170023177859],[28.966143719956904,-2.2648487952355367],[28.966227000775632,-2.2645751567179673],[28.9663816652818,-2.264384799918446],[28.96656012494998,-2.2638970112379297],[28.96656012494998,-2.2635162967395672],[28.96646494610053,-2.263325939939989],[28.966393563312465,-2.262861944622898],[28.966488741262538,-2.2626953829853846],[28.9666196106067,-2.262516924216527],[28.966821866336204,-2.2624693338925113],[28.966845659699572,-2.2619101606252343],[28.96744052615952,-2.26183877693785],[28.967797443697236,-2.2616484210376484],[28.967856931152596,-2.261434269076119],[28.96809487737687,-2.261208219983189],[28.968201953357607,-2.2611011440024527],[28.968630256381402,-2.2610178631836675],[28.968880098837644,-2.2608988900715303],[28.969344094154792,-2.260768018928786],[28.969665321197795,-2.2606133553219365],[28.969962753978052,-2.26055386786652],[28.970343466677832,-2.260518175573168],[28.970962127400412,-2.260518175573168],[28.971200073624686,-2.260375409097662],[28.971378533292864,-2.260232640823574],[28.971628375749106,-2.2600660791860605],[28.971699761235186,-2.2599471051746036],[28.972020988278132,-2.259732954112394],[28.97205667967222,-2.2595188030501845],[28.97211616622826,-2.2591261923197408],[28.972282727865775,-2.2584718402031285],[28.972092371066253,-2.258126817998118],[28.971949603691428,-2.257520055306145],[28.972187549915645,-2.2572464167885187],[28.97246118843327,-2.2569727800695887],[28.972556367282664,-2.2566396549959222],[28.972972772275796,-2.2563541202462716],[28.973163129075317,-2.2561161731227344],[28.9732939993188,-2.255973405747909],[28.973591432099056,-2.2557592537863798],[28.97382937832333,-2.255461821905385],[28.974317167903166,-2.255235771913192],[28.974555114127384,-2.2551049025690304],[28.97479305855296,-2.2551643891250706],[28.97497151912046,-2.255354745924649],[28.97523325960742,-2.2553785410866567],[28.975423616406943,-2.2556045892802103],[28.975721050086577,-2.2556640749369308],[28.975935201148786,-2.2557354604230113],[28.976066072291587,-2.2559258172225327],[28.97631591474783,-2.25604479033467],[28.97656575810339,-2.256128071153398],[28.976803704327665,-2.2562351462348715],[28.977017856289194,-2.2563065299222558],[28.97741046701958,-2.2563184279529196],[28.97787446143741,-2.2561994548407824],[28.97827897019846,-2.256020995172605],[28.97862399240347,-2.2557592537863798],[28.97887383485977,-2.255449923874721],[28.979028500265258,-2.255366643055993],[28.97949249468303,-2.255509411330081],[28.979706645745296,-2.255354745924649],[28.979849414918704,-2.2551643891250706],[28.980039770818905,-2.2551167997003745],[28.980170641062386,-2.255235771913192],[28.9801468467997,-2.255568897886178],[28.98006356598097,-2.2558187412417396],[28.979920797706825,-2.2561756596787745],[28.979789928362663,-2.2564730933584087],[28.979778030332,-2.2568300117954436],[28.979694748613895,-2.2570679571203414],[28.979659057219862,-2.2574248773560157],[28.979528186976438,-2.257650926448946],[28.979444906157653,-2.2578888717738437],[28.979421110995645,-2.25816251029147],[28.979444906157653,-2.2583290719289835],[28.979540084107782,-2.258674094133994],[28.979456803288997,-2.259352241412671],[28.97921885706478,-2.2594117270693914],[28.979135576245994,-2.259602083868913],[28.97906419165929,-2.2603278187736464],[28.978826246334393,-2.260518175573168],[28.97862399240347,-2.260934582364939],[28.97858830011012,-2.261089245971789],[28.97865968379756,-2.261731700957057],[28.978338455855237,-2.2620529280000596],[28.978302765360525,-2.262528821347871],[28.97819568937973,-2.262802458966121],[28.978171894217724,-2.2631117888777794],[28.97815999708638,-2.2633735302640616],[28.977981538317522,-2.2637542429637847],[28.97781497488137,-2.263980292056658],[28.97763651611251,-2.2642063411495883],[28.977148725633356,-2.2648606932662005],[28.976958368833834,-2.2652176117032354],[28.97669662924619,-2.2654555579275097],[28.976458682122654,-2.2658124772638644],[28.976482477284662,-2.2661693957008993],[28.976589552366136,-2.26657390356263],[28.97656575810339,-2.2668237478175683],[28.97653006581004,-2.2674543047721727],[28.9762326339291,-2.2676208682083256],[28.975804330905305,-2.268120554020186],[28.97544741156895,-2.2684774733565405],[28.975114287394604,-2.2689771600677204],[28.974876341170386,-2.269429258253524],[28.974709777734233,-2.2696909987404297],[28.97451942183403,-2.2701074037335616],[28.97448373044,-2.2705238096259563],[28.974459935277935,-2.270845036668959],[28.97457890839007,-2.2715231830483162],[28.974555114127384,-2.27180871779791],[28.97457890839007,-2.2720109726280953],[28.974662189208857,-2.2721299457402324],[28.97479305855296,-2.2722608168830334],[28.974864444039042,-2.2723678919645067],[28.975007211413867,-2.272510659339275],[28.975138081657292,-2.2725820430267163],[28.97523325960742,-2.2726772209767887],[28.975340334688838,-2.2728080921195897],[28.97544741156895,-2.272938962363071],[28.975566384681088,-2.273069832606552],[28.975625871237128,-2.2731650105566246],[28.97585192033,-2.2733434711241216],[28.976196941635692,-2.2734505471049147],[28.97653006581004,-2.273474341367603],[28.976803704327665,-2.2736052107117644],[28.976922677439802,-2.2737955684106055],[28.977041649652563,-2.274045411766167],[28.977232007351404,-2.2742238714343443],[28.977422364150925,-2.2744380233958736],[28.977422364150925,-2.2747473524082125],[28.977541337263062,-2.2750566832191907],[28.977577028657095,-2.2754611910809217],[28.977553235293726,-2.2758775969733733],[28.977386671857573,-2.2758775969733733],[28.977196315058052,-2.2757348286992283],[28.97706544481457,-2.275651547880443],[28.976779910064977,-2.275639650749099],[28.976625243760168,-2.275639650749099],[28.97644678499131,-2.275758623861236],[28.976066072291587,-2.275758623861236],[28.97588761172409,-2.275639650749099],[28.975780535743297,-2.2754849862429865],[28.9755425904184,-2.2753779102621934],[28.97544741156895,-2.2753422179688414],[28.975138081657292,-2.2753422179688414],[28.974959621989115,-2.2753065265747523],[28.974709777734233,-2.275163758300664],[28.974436141015246,-2.275163758300664],[28.97419819479103,-2.275163758300664],[28.97391265914206,-2.2750209909258388],[28.973627124392465,-2.2749852986324868],[28.973246409894045,-2.2748425312576614],[28.973079848256532,-2.2747711466709006],[28.972841901132995,-2.274628380195452],[28.972687236626825,-2.274485611921307],[28.97248498269596,-2.2743547416778256],[28.9723541133518,-2.2742476656970325],[28.972223242208997,-2.2742000762723364],[28.971890118034707,-2.2742000762723364],[28.971628375749106,-2.2742357685656884],[28.9714856092736,-2.2742595637276963],[28.971319046736767,-2.2743190502837933],[28.971188177392662,-2.2743547416778256],[28.97064090125673,-2.274473713890643],[28.97042674839588,-2.2747830447015644],[28.970188803070982,-2.275044785188527],[28.969962753978052,-2.275389808292857],[28.969689116359802,-2.275722931567884],[28.96967721832914,-2.2760679537728947],[28.96955824611632,-2.2765081539279777],[28.96942737497352,-2.2767936886776283],[28.96942737497352,-2.277174403175991],[28.969344094154792,-2.2776502956244826],[28.969355992185456,-2.2779358303741333],[28.96971290972317,-2.2781023929109665],[28.969855678896636,-2.278304646841832],[28.969986549140117,-2.2786139767534905],[28.970248288727703,-2.278875718139716],[28.970355364708496,-2.2791374577273587],[28.970474337820576,-2.279434891406936],[28.970759872570227,-2.2794943770637133],[28.971152485099253,-2.2795300693570653],[28.971497506404944,-2.2795300693570653],[28.9716759651738,-2.2796133501757936],[28.97198529598478,-2.279791809843971],[28.972128063359605,-2.2798631944307317],[28.972508776958648,-2.280017858936901],[28.9727943117083,-2.2799940637748364],[28.97304415596318,-2.2799821666434923],[28.9732345127627,-2.2798275021373797],[28.97352004841167,-2.2796728367318906],[28.97382937832333,-2.2794705819016485],[28.974031632254196,-2.279363506820232],[28.974662189208857,-2.2791731509200304],[28.974923929695763,-2.2790779720705814],[28.97550689812499,-2.2789114086344284],[28.97607796942293,-2.2789471009277804],[28.976518168678695,-2.278970896089845],[28.9766014503968,-2.2792921240321107],[28.976684732114848,-2.279744220419275],[28.976922677439802,-2.2800535503309334],[28.97700595825853,-2.2805175447487045],[28.976994061127186,-2.280898259247124],[28.976768012933633,-2.281076718915301],[28.9766014503968,-2.281362253664895],[28.97650627064803,-2.281623995051177],[28.97625642819179,-2.2821355788937012],[28.97622073589838,-2.282266450036502],[28.976196941635692,-2.282599574210792],[28.97610176368562,-2.2828137252730585],[28.97579243287464,-2.2833015148528943],[28.975625871237128,-2.2834323859956385],[28.97510239026326,-2.2838844832821223],[28.974983417151122,-2.2844317594179984],[28.974590804622096,-2.284693499005641],[28.974281475609757,-2.2850623163726596],[28.973960247667435,-2.285383543415662],[28.97379368602998,-2.285728564721296],[28.973579534967712,-2.2860022032389224],[28.973365383006183,-2.2863710188073014],[28.973186924237325,-2.2866327601935836],[28.97302036170049,-2.2869063978118334],[28.97302036170049,-2.2871562420667715],[28.972925181951723,-2.2874417768163653],[28.972627750070785,-2.287786799021376],[28.97258016064609,-2.288072334670346],[28.972508776958648,-2.2885482262195183],[28.97246118843327,-2.288905145555873],[28.97240170187723,-2.2892382697302196],[28.972223242208997,-2.2895475996418213],[28.972211344178334,-2.290094875777754],[28.971890118034707,-2.290546973963501],[28.971783042053914,-2.2908682010065036],[28.97177114492257,-2.291570141648549],[28.971473712142256,-2.2918080878728233],[28.971402327555552,-2.2919746504095997],[28.97133094386811,-2.2922125957345543],[28.971128689937245,-2.2924148496654198],[28.970950230269068,-2.2924743371207796],[28.970629003226065,-2.2924862351514435],[28.97036726183984,-2.2924862351514435],[28.970105522252197,-2.2924862351514435],[28.969986549140117,-2.2924029534333954],[28.96977239717853,-2.292105519753761],[28.969843780865972,-2.291736705084702],[28.969855678896636,-2.291582038779893],[28.96973670488518,-2.2913678877176835],[28.969439273004184,-2.291308402060963],[28.96917753071864,-2.2912965031309795],[28.968951483424405,-2.2912965031309795],[28.96865405064409,-2.2912965031309795],[28.96852318040061,-2.2912727088682345],[28.96836851499512,-2.291094250099377],[28.9681781581956,-2.2909395846939447],[28.968071083114182,-2.290808715349783],[28.967797443697236,-2.290606459620278],[28.96740483386617,-2.290606459620278],[28.967083605923847,-2.2906183567516223],[28.966928941417677,-2.2907373298637026],[28.966679097162796,-2.2908206115818075],[28.96640546044381,-2.2908444067438154],[28.966227000775632,-2.2909395846939447],[28.96575110832714,-2.2908206115818075],[28.965334702434745,-2.2908919961685115],[28.96497778399771,-2.291034762644017],[28.964811220561558,-2.291058557806025],[28.96447809728653,-2.291153735756154],[28.96432343188104,-2.291153735756154],[28.96371666918907,-2.291118044362122],[28.963169393053192,-2.291058557806025],[28.96284816511087,-2.291070454937369],[28.96257452839194,-2.2909752769872966],[28.96236037643041,-2.2909752769872966],[28.962122430206136,-2.2909871741186407],[28.96192017627527,-2.2908800981378477],[28.961682229151734,-2.2907730221571114],[28.961456180958123,-2.2906540490449743],[28.961372900139395,-2.290594563388254],[28.961087363591105,-2.2904398979827647],[28.96054008925387,-2.2903328220019716],[28.96017127188685,-2.290166260364458],[28.959945223693296,-2.290035389221657],[28.959838146813183,-2.289880723816168],[28.959778661156463,-2.2897022650473104],[28.95967158517567,-2.289523806278453],[28.959528817800845,-2.2892977571855795],[28.95924328215193,-2.2888932493238485],[28.959195692727178,-2.2886553022002545],[28.959041028221066,-2.288417355976037],[28.95895774740228,-2.2881318212263864],[28.958600827166606,-2.287929567295521],[28.958374778973052,-2.2878343884461287],[28.957934577918593,-2.287870079840161],[28.957565763249534,-2.287870079840161],[28.957292123832588,-2.287941464426865],[28.956828130314136,-2.2881318212263864],[28.95664966974664,-2.288572021381526],[28.95630464844095,-2.289059810961362],[28.956138085004795,-2.2893691408729637],[28.955959626235938,-2.2897379573407193],[28.95570978288032,-2.2901186700404423],[28.955602706899583,-2.290511281670149],[28.955388554937997,-2.2908919961685115],[28.955269581825917,-2.291153735756154],[28.955043533632363,-2.291558243617885],[28.95486507396413,-2.291736705084702],[28.95472230569004,-2.2919389581162477],[28.954579539214535,-2.2923196717152905],[28.954472463233742,-2.292593310232917],[28.954294003565565,-2.29275987276975],[28.95412744102873,-2.2929859209633037],[28.953984673653906,-2.293188174894169],[28.953972775623242,-2.2934380191491073],[28.95381811201645,-2.2936402730799728],[28.95365154858024,-2.2937830395554784],[28.953496884074127,-2.2940090886483517],[28.953556369730848,-2.2944492888034915],[28.953473088912062,-2.294830003301854],[28.953615857186207,-2.2951393341128323],[28.953770521692377,-2.295282100588338],[28.95393708422921,-2.2954010737004182],[28.954139338160076,-2.2955438419745633],[28.954258311272213,-2.2955795342679153],[28.95437728528367,-2.2956747122180445],[28.95437728528367,-2.2954248679631064],[28.95437728528367,-2.2951869226382087],[28.95437728528367,-2.2950084629700314],[28.95456764208319,-2.294782413877158],[28.954674717164608,-2.2945563656835475],[28.95468661429595,-2.2943541108533623],[28.95484127880212,-2.294163754053841],[28.954960252813578,-2.2940328838103596],[28.955162506744443,-2.2938187318488303],[28.955269581825917,-2.2935212999678356],[28.95556701640487,-2.293247662349586],[28.95578116656776,-2.2929859209633037],[28.95590013967984,-2.292688488183046],[28.95605480418601,-2.2924505428580915],[28.956233264753507,-2.292153110077834],[28.956257059016252,-2.291653423366654],[28.956459312947118,-2.2914630656678128],[28.95670915630268,-2.2912132223121944],[28.95680433515213,-2.2909395846939447],[28.956958999658298,-2.290630254782286],[28.957280226701243,-2.2903209248706276],[28.957625248906254,-2.290273336345251],[28.95792268078725,-2.290178158395122],[28.958279601022923,-2.2903328220019716],[28.958469956923125,-2.2904398979827647],[28.958624622328614,-2.290546973963501],[28.95876738970344,-2.2907016375703506],[28.958886362815576,-2.2908682010065036],[28.959029131089665,-2.291046659775361],[28.959231385020587,-2.2912489137062266],[28.95942174182011,-2.291320299192307],[28.959814352550495,-2.2915225531231727],[28.95995712082464,-2.291617731073245],[28.96014747762416,-2.291748602216046],[28.960242655574234,-2.291831883034831],[28.96051629409186,-2.2918794715602075],[28.960980289409008,-2.2917723955794145],[28.961277722189266,-2.2917010118920302],[28.961491873251532,-2.2917010118920302],[28.96172981857643,-2.2917129090233743],[28.962039149387408,-2.29176049934739],[28.96247935044181,-2.2918913686915516],[28.96272919289811,-2.292034136066377],[28.962955241091663,-2.292188802371186],[28.963109907396472,-2.2922958765532826],[28.963181290184536,-2.2923553640086993],[28.96328836616533,-2.2924624399894356],[28.963454927802843,-2.2926171053949247],[28.963680976895716,-2.29275987276975],[28.963811848038517,-2.292807462194446],[28.964085484757504,-2.2928312555578145],[28.964489994417875,-2.2927241795770783],[28.964549480074595,-2.292640898758293],[28.964835014824246,-2.2925695159702286],[28.96510865424119,-2.292688488183046],[28.96538229096012,-2.292795565063102],[28.96563213521506,-2.2929740238319596],[28.965715416033788,-2.2930929969440967],[28.96575110832714,-2.2936402730799728],[28.965893875701965,-2.293866322172846],[28.9660604382388,-2.2939139106982793],[28.966227000775632,-2.2939139106982793],[28.966369768150457,-2.293735451030102],[28.966524432656627,-2.2936164788172846],[28.966679097162796,-2.2934737114424593],[28.966798071174196,-2.2932714557129543],[28.966857557730293,-2.293140586368793],[28.967226374197992,-2.2931286892374487],[28.967285859854712,-2.293509401937172],[28.967297756986056,-2.2938187318488303],[28.967357245340793,-2.2941756520845047],[28.967238271329336,-2.294508777158171],[28.967107401085855,-2.294782413877158],[28.9667504817495,-2.2949965658386873],[28.96650063839394,-2.2951155389508244],[28.966429253807178,-2.2955200468125554],[28.966453048969186,-2.2960554258170873],[28.9666196106067,-2.2966027019529633],[28.966869454861637,-2.297019107845415],[28.96705981166116,-2.2973046425950088],[28.967226374197992,-2.2977567398814926],[28.96733344927941,-2.297947096681014],[28.967416730997513,-2.2981850429052315],[28.9676784705851,-2.2984348871601696],[28.967773650333868,-2.2988512921532447],[28.967987802295397,-2.299113032640207],[28.968011595658766,-2.2995294394319217],[28.967975904264733,-2.2998030761509085],[28.968047287952118,-2.300100508931166],[28.96815436393291,-2.3002908657306875],[28.96815436393291,-2.300576401379658],[28.96796400623407,-2.300754861047835],[28.96771416287845,-2.300802451371851],[28.967630882059723,-2.3008857312913165],[28.967642780090387,-2.301076088090838],[28.967797443697236,-2.301314035214375],[28.96786882828394,-2.3015400834079855],[28.967928313940718,-2.3018137210262353],[28.968142466801567,-2.3020635643818537],[28.968273337045048,-2.302360998061431],[28.968273337045048,-2.302706019367122],[28.968261439014384,-2.3030034521474363],[28.968201953357607,-2.3036934956581376],[28.967928313940718,-2.304312154582135],[28.967630882059723,-2.3042883612187097],[28.967416730997513,-2.304300258350054],[28.967190681904583,-2.304347846875487],[28.966976530842373,-2.304585793999024],[28.966667200031395,-2.3046095882617124],[28.966357871019113,-2.3046095882617124],[28.966203205613624,-2.3046214853930564],[28.966048540208135,-2.304930815304715],[28.96590577283331,-2.3050854798108844],[28.96584628627727,-2.3052401452163735],[28.96582249201458,-2.3055137828346233],[28.96534659866677,-2.30557327029004],[28.96503726965443,-2.30557327029004],[28.964668453186732,-2.305430502015895],[28.964156869344208,-2.305454297177903],[28.963895128857303,-2.305585167421384],[28.9637642577145,-2.3056327559467604],[28.96347872296485,-2.3057517290588976],[28.963300263296674,-2.305858805039634],[28.963169393053192,-2.306096751263908],[28.963038522809768,-2.3064179783069108],[28.96297903625367,-2.306548848550335],[28.9627053977361,-2.306525054287647],[28.962467452411147,-2.3061800320826364],[28.962277094712306,-2.3058826002016986],[28.962039149387408,-2.305525679966024],[28.96172981857643,-2.305525679966024],[28.961563256938916,-2.3056208588154163],[28.961372900139395,-2.3056565511087683],[28.961253927027258,-2.305692241603481],[28.96107546735908,-2.3057160367655456],[28.960908904822247,-2.3057398319275535],[28.96073044605339,-2.3055137828346233],[28.960373525817715,-2.305418603985231],[28.960099888199466,-2.3053591183285107],[28.9598857371372,-2.3053710163591745],[28.959719173701046,-2.305501885703279],[28.95936225616333,-2.305525679966024],[28.959124309039794,-2.3056208588154163],[28.959064823383073,-2.3056803453714565],[28.959064823383073,-2.305858805039634],[28.959195692727178,-2.3060253666771473],[28.959493126406812,-2.3061800320826364],[28.959409844688764,-2.306489361994295],[28.959469331244804,-2.3068462813306496],[28.959433638951452,-2.307060432392859],[28.959552612063533,-2.307179406404316],[28.959695380337678,-2.3071675083736523],[28.959921429430608,-2.307024740998827],[28.96001660738068,-2.3068462813306496],[28.960195067048858,-2.3066916159251605],[28.960492498929852,-2.3065845399444243],[28.960897007690903,-2.30663213026844],[28.961123055884514,-2.30663213026844],[28.96138479727074,-2.3066916159251605],[28.96138479727074,-2.3069057678866898],[28.961479976120188,-2.3071318160803003],[28.96163463972698,-2.307476838285311],[28.96153946177691,-2.3079051413090497],[28.9613253107147,-2.3082739577767484],[28.96130151555269,-2.308607081951095],[28.961527564645564,-2.3089283098934175],[28.961813101193854,-2.3089758993181135],[28.961967764800647,-2.3089283098934175],[28.962277094712306,-2.3088569262060332],[28.962550733229932,-2.308666569406512],[28.96300283141568,-2.3085475962943747],[28.963407339277467,-2.308392929989566],[28.963621491238996,-2.3081906760587003],[28.96372856721979,-2.3080241153205066],[28.964061691394136,-2.308036011552531],[28.964335329012386,-2.308059805815219],[28.964620863762036,-2.3081787789273562],[28.96469224834874,-2.3084286231822375],[28.96475173400546,-2.3086903627698803],[28.964918297441614,-2.3089758993181135],[28.964858810885573,-2.3094042023419092],[28.964763631136805,-2.309773017910288],[28.964858810885573,-2.3100466564279145],[28.964953988835703,-2.31036788437018],[28.965013475391743,-2.310593931664471],[28.96509675621047,-2.310819980757344],[28.965227627353272,-2.3110341318195537],[28.965180037029256,-2.3114505377120054],[28.96519193505992,-2.311783662785672],[28.96528711301005,-2.3120691984345854],[28.965525060133587,-2.312414219740276],[28.96562023808366,-2.3126521659645505],[28.965679723740436,-2.312949598744808],[28.96577490258983,-2.3132708257878107],[28.965739211195796,-2.313473079718676],[28.965679723740436,-2.3137705133983104],[28.96562023808366,-2.3141512260980335],[28.96553695726493,-2.3145914262531733],[28.96534659866677,-2.3147460916586624],[28.965310908172057,-2.315031627307576],[28.9656916217711,-2.3151981889450894],[28.966167514219592,-2.315448032300708],[28.966108027663495,-2.315745465980285],[28.966453048969186,-2.316304639247562],[28.966476844131194,-2.316554481703804],[28.9666196106067,-2.316804325958742],[28.966821866336204,-2.3175181637321316],[28.96705981166116,-2.317910775361838],[28.967285859854712,-2.31810113126204],[28.967297756986056,-2.3183628717489455],[28.967238271329336,-2.3185294342857787],[28.967214476167328,-2.318648407397916],[28.967238271329336,-2.3187673814093728],[28.967571396403002,-2.3190648132903675],[28.967535704109594,-2.3194098345960015],[28.967488114684897,-2.319695370244972],[28.967297756986056,-2.3200284953186383],[28.967083605923847,-2.3202545426128722],[28.96683376256823,-2.320801819648125],[28.966679097162796,-2.321027868740998],[28.966679097162796,-2.321575144876874],[28.966667200031395,-2.3222175989628795],[28.966917044286333,-2.3227886693614437],[28.967083605923847,-2.3231812809911503],[28.967083605923847,-2.32412116785747],[28.966869454861637,-2.324573266043217],[28.966869454861637,-2.3248588007928674],[28.966798071174196,-2.32518002783587],[28.96671478855683,-2.3254417692220954],[28.96659581634401,-2.3256797154463698],[28.966643405768707,-2.326119914702133],[28.966583919212667,-2.3263816551890955],[28.966524432656627,-2.326607704281969],[28.96611992479484,-2.3267266782934257],[28.965953362258006,-2.3270241101743636],[28.965798696852517,-2.327381030410038],[28.9658819776713,-2.3283209172763577],[28.96590577283331,-2.3295344408616074],[28.96590577283331,-2.3305814037086634],[28.965572648658963,-2.330807452801537],[28.965263317847985,-2.3312119615625875],[28.96497778399771,-2.331485599180894],[28.96494209170436,-2.3316878540110793],[28.9648231176929,-2.3318187242545605],[28.964775529167525,-2.331997183922738],[28.96475173400546,-2.3321875398229395],[28.96459706860003,-2.332520664896606],[28.964430506962515,-2.332663433170751],[28.964061691394136,-2.33297276218309],[28.963871333695238,-2.333163118982611],[28.963562003783636,-2.3334367583995004],[28.963216981578626,-2.3336509076630705],[28.9632050853466,-2.334245774123019],[28.963038522809768,-2.3349358176337205],[28.962776782322806,-2.335078585008546],[28.96257452839194,-2.335268941808067],[28.962062943650096,-2.3354474023755643],[28.96167033202039,-2.3355544783563573],[28.961551358908252,-2.335756732287223],[28.96120633760256,-2.335911396793392],[28.96070665089138,-2.3359946776121205],[28.960290244998987,-2.3361969324423058],[28.960254552705635,-2.3361612401489538],[28.9598857371372,-2.3361493430176097],[28.959564510094253,-2.3361969324423058],[28.959350358132667,-2.3361969324423058],[28.95898154166497,-2.3361731381796176],[28.958624622328614,-2.3360541641681607],[28.95836288184171,-2.3359351910560804],[28.95792268078725,-2.3360541641681607],[28.957625248906254,-2.3360303699054725],[28.957446790137396,-2.335875705399303],[28.95718504785185,-2.33570914286247],[28.95697089678964,-2.33570914286247],[28.956756744828056,-2.335697244831806],[28.95664966974664,-2.335732937125215],[28.956542593765846,-2.3359351910560804],[28.956518798603838,-2.336232623836338],[28.956506902371814,-2.3364229806358594],[28.95628085417826,-2.3366014403040936],[28.95578116656776,-2.3366133383347574],[28.955543221242806,-2.3363991863731712],[28.95534096641262,-2.3362564189984028],[28.955174403875787,-2.3361612401489538],[28.954972149944922,-2.336185034411642],[28.954734203720704,-2.33620882867433],[28.954424873809046,-2.3361969324423058],[28.954258311272213,-2.3361136507242577],[28.954139338160076,-2.3360303699054725],[28.953972775623242,-2.3360303699054725],[28.953794316854385,-2.3361374458862656],[28.953306527274606,-2.3360422670368166],[28.953199452193132,-2.335923294824056],[28.95293770990753,-2.335792423681255],[28.952759251138673,-2.3356020668817337],[28.952556997207807,-2.3353760177888034],[28.952414228933662,-2.335257044676723],[28.952259564427493,-2.335268941808067],[28.952116797052724,-2.3353522226267955],[28.95203351623394,-2.3355068880322847],[28.951902645990458,-2.3355425803256367],[28.951771773948394,-2.3355544783563573],[28.951617110341545,-2.3354592986075886],[28.951283986167198,-2.3353760177888034],[28.950927065931523,-2.335173763857938],[28.950558250363144,-2.335173763857938],[28.950296508976862,-2.3350190993517685],[28.949987179964523,-2.335197559019946],[28.94985630792246,-2.3353641206574594],[28.949654054890914,-2.3353641206574594],[28.949523183748113,-2.3353641206574594],[28.949249546129806,-2.3353760177888034],[28.948773653681314,-2.335399812950868],[28.94833345442555,-2.3354711966382524],[28.947809971653044,-2.335399812950868],[28.94758392435881,-2.335304635000739],[28.947393565760592,-2.3350428936145136],[28.94729838781052,-2.3349953041897606],[28.947119929041662,-2.3350547907458576],[28.94701285306087,-2.335197559019946],[28.946751111674644,-2.335209456151347],[28.946536960612434,-2.335161865827274],[28.946441781762985,-2.3351261753325616],[28.946251425862783,-2.3351261753325616],[28.94614434898267,-2.3351142782012175],[28.946096759557975,-2.3351142782012175],[28.94583501997039,-2.3353522226267955],[28.945632766039466,-2.3354474023755643],[28.945359126622577,-2.3354236072135564],[28.94518066785372,-2.3353760177888034],[28.94508548990359,-2.335292736970075],[28.94496651679151,-2.335185660989282],[28.94483564564871,-2.3349120233710323],[28.944823749416685,-2.3345551040346777],[28.94452631573705,-2.334138698142226],[28.944264575250088,-2.334388542397164],[28.943729197144876,-2.334281466416371],[28.943538840345354,-2.333841266261288],[28.943300894121137,-2.3336509076630705],[28.943015357572847,-2.3334962440562776],[28.942860693066677,-2.3334843469249336],[28.942372904386218,-2.3335319363496296],[28.942230136112073,-2.3334843469249336],[28.941706655138205,-2.3337936768365353],[28.941421120388554,-2.334162493304234],[28.94137353096386,-2.334567001166022],[28.94134973580185,-2.3348644339463362],[28.941325942438482,-2.3352451466460593],[28.941302147276417,-2.335721039993814],[28.941206968427025,-2.336244521867002],[28.941040405890192,-2.3367442085781818],[28.940897637616047,-2.3371130250458805],[28.940647795159805,-2.3375294300390124],[28.940338465248146,-2.3376365060197486],[28.93998154591179,-2.3376484031511495],[28.939743599687517,-2.3377078897071897],[28.939148734126945,-2.3377197868385338],[28.938898890771384,-2.33776737626323],[28.938518177172284,-2.33776737626323],[28.93816125873525,-2.3376840954445015],[28.937959003905064,-2.3375651223323644],[28.937625879730717,-2.3374818406143163],[28.937268960394363,-2.337422354957539],[28.937090500726185,-2.337434252088883],[28.936864451633312,-2.3375413271703565],[28.93667409483379,-2.3377197868385338],[28.936531326559646,-2.3378863502746867],[28.936352867790788,-2.338350343793195],[28.936186305253955,-2.3383027552677618],[28.935936461898336,-2.3382194744490334],[28.93573420796747,-2.338136191831609],[28.935555748299294,-2.3381480898622726],[28.935186931831595,-2.3382908581364177],[28.93498467700141,-2.3383027552677618],[28.934841909626584,-2.3383027552677618],[28.93463965569572,-2.3383027552677618],[28.934342222915404,-2.3383265504297697],[28.93421135267198,-2.338338446661851],[28.933890125628977,-2.338493112067283],[28.93361648801067,-2.3386001880480762],[28.933497514898534,-2.3386953659982055],[28.933259568674316,-2.338790543948278],[28.93292644360065,-2.338814339110286],[28.932759881963136,-2.338814339110286],[28.932486243445567,-2.338778646816934],[28.932034146159083,-2.338445522642587],[28.931701021984736,-2.3381242955995845],[28.93146307576052,-2.3378863502746867],[28.931296514123005,-2.3377078897071897],[28.931106156424164,-2.3374580463515713],[28.930903901593922,-2.337231997258698],[28.930701647663057,-2.3370654347218647],[28.93052318799488,-2.337184407834002],[28.930130578163812,-2.3372082029960097],[28.929773657928138,-2.3370892298838726],[28.92959519915928,-2.336815592265623],[28.92938104719775,-2.3366966191534857],[28.9290955124481,-2.3366966191534857],[28.928893257617915,-2.3367204143154936],[28.928607721968945,-2.336756104810206],[28.928453058362095,-2.336791797103615],[28.928298392956663,-2.336791797103615],[28.928000960176348,-2.3370059490651443],[28.92788198706421,-2.33726768955205],[28.92775111682073,-2.3375175329076683],[28.92759645231456,-2.3377435820005417],[28.927299018634983,-2.337898247406031],[28.92700158675399,-2.337826862819327],[28.92688261274253,-2.33776737626323],[28.926644667417634,-2.33776737626323],[28.92653759233616,-2.3376603011818133],[28.92613308267579,-2.3375413271703565],[28.925680986288626,-2.337362868401499],[28.92532406605295,-2.337315278077483],[28.924907660160557,-2.3374580463515713],[28.924812482210427,-2.3377197868385338],[28.924693509098347,-2.337969631093415],[28.924693509098347,-2.3382670638737295],[28.924693509098347,-2.33855259862338],[28.924681611967003,-2.338873825666383],[28.92438417918669,-2.339123669921264],[28.924312794599928,-2.3393497181148177],[28.92417002812448,-2.339575767207748],[28.924098644437038,-2.339968377938135],[28.924027259850334,-2.340408578093218],[28.924027259850334,-2.340658421448836],[28.924062952143686,-2.34088446964239],[28.92401536271899,-2.341098621603919],[28.92378931362606,-2.3409677522598145],[28.923503778876466,-2.3407654974296292],[28.923182550934143,-2.34061083202414],[28.92295650274059,-2.3403134001431454],[28.92282563159779,-2.3401349395756483],[28.922635275697587,-2.3400278635948553],[28.922409225705394,-2.3397899182699575],[28.921921437024878,-2.339837506795334],[28.92164779940657,-2.339837506795334],[28.92155262055718,-2.340051658756863],[28.92145744260705,-2.3401706318690003],[28.920910165571854,-2.3402182212936964],[28.920493759679403,-2.3401468367069924],[28.92033909607261,-2.340194427031008],[28.920255815253824,-2.3402896049811375],[28.920101149848335,-2.340408578093218],[28.919732333380637,-2.3404442703866266],[28.919327823720266,-2.3402777069504737],[28.91905418700128,-2.340004070231487],[28.91875675422102,-2.3397899182699575],[28.91870916479627,-2.339456794095611],[28.918518807996747,-2.3391593613152963],[28.918292759803194,-2.3391593613152963],[28.91812619726636,-2.339290230659458],[28.917769277930006,-2.3393021286901217],[28.917745482767998,-2.339290230659458],[28.917388564330963,-2.3392545401647453],[28.91715061810669,-2.3392545401647453],[28.917114925813337,-2.3393497181148177],[28.916865081558456,-2.3393497181148177],[28.916674725658254,-2.3392426421340815],[28.91650816402074,-2.3393140258214657],[28.916258319765802,-2.3393735132768825],[28.91609175812829,-2.339432998933603],[28.916044168703593,-2.339444896064947],[28.91587760706608,-2.3397066365518526],[28.91587760706608,-2.339980275069479],[28.91587760706608,-2.3404442703866266],[28.915699145599262,-2.3406703176808605],[28.915651557073886,-2.3408963676730536],[28.91559207141711,-2.341134313897328],[28.915449303142964,-2.3413365678281934],[28.9152470492121,-2.341598308315099],[28.915056692412577,-2.3417648708519323],[28.914937719300497,-2.3418838439640695],[28.914830643319704,-2.3420028170762066],[28.914592697994806,-2.34222886616908],[28.91453321143871,-2.3424906066559856],[28.914545108570053,-2.342752347142948],[28.914545108570053,-2.3429783962358215],[28.91460459512615,-2.34322823959144],[28.914640287419502,-2.3434899800783455],[28.914687875944878,-2.343644644584515],[28.914687875944878,-2.3438825908087324],[28.914687875944878,-2.344180023589047],[28.91460459512615,-2.3444298669446653],[28.914390443164564,-2.3445726352187535],[28.91410490841497,-2.344774889149676],[28.91381937186668,-2.3449533479185334],[28.91347435056099,-2.345000938242549],[28.91341486400495,-2.345250780698791],[28.913093636961946,-2.345536317247081],[28.912986560981153,-2.3457980577340436],[28.912986560981153,-2.3461192838776697],[28.912986560981153,-2.346499998376089],[28.912772409918944,-2.3468688148437877],[28.91270102623156,-2.3470948630373414],[28.912510669432038,-2.3472257341801424],[28.912225133783068,-2.346928301399828],[28.912058572145554,-2.346333435839256],[28.911939598134097,-2.3460241059275972],[28.911713549940544,-2.345702877985275],[28.91141611716023,-2.345441138397632],[28.910940224711794,-2.3451080133240225],[28.910785560205625,-2.3451199113546863],[28.910523818819343,-2.3449295527564686],[28.910214489807004,-2.344858169968404],[28.90983377530864,-2.344858169968404],[28.909227012616725,-2.3448343748063962],[28.90901286155446,-2.3450604238992696],[28.90879870959293,-2.3451318075867107],[28.90867973738017,-2.3454173432356242],[28.9083942017312,-2.345536317247081],[28.908287125750405,-2.345809953966068],[28.908120563213572,-2.346000311664909],[28.90793020731337,-2.3461073867463256],[28.907608979371048,-2.3461311819083335],[28.907204470609997,-2.34590513281546],[28.90681185987961,-2.345809953966068],[28.906478735705264,-2.3457504683092907],[28.906264583743734,-2.345952722240156],[28.906086124075557,-2.3461192838776697],[28.9058957681753,-2.346440511819992],[28.905669718183105,-2.34684501968178],[28.905586437364377,-2.3471186581993493],[28.90546746515156,-2.347475576636384],[28.905217621795998,-2.3476183440112095],[28.904896393853676,-2.347380397786992],[28.90471793508482,-2.3472614255741746],[28.904479987961224,-2.3472376313114864],[28.90362338191369,-2.347035377380621],[28.903206976021295,-2.3467617388629947],[28.902838159553596,-2.3468688148437877],[28.902552624803945,-2.346797430257027],[28.90240985742912,-2.346880711975132],[28.90225519202363,-2.34690450623782],[28.902100528416838,-2.346999685087212],[28.901898272687276,-2.3470948630373414],[28.901731711049763,-2.347035377380621],[28.901565149412306,-2.347011582218556],[28.90123202433864,-2.347011582218556],[28.90098218098302,-2.346987787955868],[28.9006609530407,-2.346987787955868],[28.900518185665874,-2.3470948630373414],[28.900292136573,-2.347297116968207],[28.900113676904823,-2.347511268929736],[28.900066088379447,-2.3477849074473625],[28.899911422973958,-2.3482845941585424],[28.89963778625497,-2.348439258664712],[28.899316558312705,-2.348558231776792],[28.89917379003856,-2.3487485885763135],[28.898781179308116,-2.34902222709394],[28.89819821087889,-2.34902222709394],[28.897948368422647,-2.349069815619316],[28.897317810568666,-2.349164995368085],[28.896996582626343,-2.349391042662319],[28.896794328695478,-2.34958140036116],[28.896473102551795,-2.3499859091222675],[28.896128080346784,-2.350045394778988],[28.896044798628736,-2.350104881335028],[28.895937724446583,-2.3502476487098534],[28.89583064756647,-2.3503428275593023],[28.895628392736285,-2.3504380064086945],[28.8951881925812,-2.350687848864993],[28.894950247256247,-2.3508187191084176],[28.894617123081957,-2.3510685633633557],[28.89434348366501,-2.3514135846690465],[28.894295895139635,-2.3518656828547932],[28.894295895139635,-2.3523772657979976],[28.894331587432987,-2.352734186033672],[28.89442676628238,-2.3530316188139864],[28.894319690301643,-2.3534361257763976],[28.894105539239433,-2.3536859700313357],[28.893986566127296,-2.3539952999429943],[28.893982966141152,-2.3540997094339104],[28.893974668995952,-2.354340322148005],[28.893760517034423,-2.3547329328783917],[28.89359395359827,-2.3551493387707865],[28.893451187122764,-2.355399182126405],[28.893451187122764,-2.3556966149067193],[28.89352257081015,-2.3560773276064424],[28.89349877564814,-2.3563628641546757],[28.893570160234844,-2.3567435768543987],[28.893546365072837,-2.3570529067660573],[28.89334411114197,-2.3572789558589875],[28.89315375434245,-2.357409826102412],[28.893034781230313,-2.3576715665893744],[28.893795866686048,-2.3601784393833327],[28.894544728556525,-2.3639447326631284],[28.89566801956363,-2.3665811339120637],[28.897540173340474,-2.369217528865704],[28.90539618758413,-2.373411138612994],[28.892750128715647,-2.3823730806529966],[28.881735479608835,-2.3960089135803173],[28.87207987968287,-2.4267452760734614],[28.871682425203915,-2.436139790218988],[28.87164028836878,-2.437135768700614]]]},"properties":{"nom":"Miti-Murhesa","province":"Sud-Kivu","zscode":"CD6202ZS04"}}]}